Date,Time,Retrieved_AOD,Truth_AOD,Relative_Difference,Absolute_Difference,Zip_File
20060808,1800Z,4.9296,0.3517370820045471,13.015013634349398,4.577862917995453,ss450-g5nr.leV120.GRASP.example_20060808_1800Z.polarimeter07.20060808_1800z.zip
20060808,1800Z,4.7839,0.34795477986335754,12.748625617037495,4.4359452201366425,ss450-g5nr.leV120.GRASP.example_20060808_1800Z.polarimeter07.20060808_1800z.zip
20060808,1800Z,4.5361,0.3457096219062805,12.121127421873451,4.19039037809372,ss450-g5nr.leV120.GRASP.example_20060808_1800Z.polarimeter07.20060808_1800z.zip
20060808,1800Z,3.9794,0.33827582001686096,10.763773123960357,3.641124179983139,ss450-g5nr.leV120.GRASP.example_20060808_1800Z.polarimeter07.20060808_1800z.zip
20060808,1800Z,3.7379,0.3324486017227173,10.2435425525346,3.4054513982772825,ss450-g5nr.leV120.GRASP.example_20060808_1800Z.polarimeter07.20060808_1800z.zip
20060808,1800Z,3.4319,0.32838815450668335,9.450742369667765,3.103511845493317,ss450-g5nr.leV120.GRASP.example_20060808_1800Z.polarimeter07.20060808_1800z.zip
20060808,1800Z,2.7245,0.311199814081192,7.754825281769539,2.413300185918808,ss450-g5nr.leV120.GRASP.example_20060808_1800Z.polarimeter07.20060808_1800z.zip
20060808,1800Z,2.6653,0.30629318952560425,7.701793220176046,2.3590068104743955,ss450-g5nr.leV120.GRASP.example_20060808_1800Z.polarimeter07.20060808_1800z.zip
20060811,1300Z,1.1256,1.6460922956466675,-0.3161987313974956,0.5204922956466675,ss450-g5nr.leV120.GRASP.example_20060811_1300Z.polarimeter07.20060811_1300z.zip
20060811,1300Z,1.0319,1.5354981422424316,-0.32797053176956636,0.5035981422424316,ss450-g5nr.leV120.GRASP.example_20060811_1300Z.polarimeter07.20060811_1300z.zip
20060811,1300Z,1.232,1.8481471538543701,-0.33338641491256554,0.6161471538543701,ss450-g5nr.leV120.GRASP.example_20060811_1300Z.polarimeter07.20060811_1300z.zip
20060811,1300Z,1.1325,1.723970651626587,-0.3430862648784231,0.5914706516265869,ss450-g5nr.leV120.GRASP.example_20060811_1300Z.polarimeter07.20060811_1300z.zip
20060811,1300Z,1.0449,1.5504628419876099,-0.32607220779280693,0.5055628419876099,ss450-g5nr.leV120.GRASP.example_20060811_1300Z.polarimeter07.20060811_1300z.zip
20060811,1300Z,1.7502,2.4121243953704834,-0.27441553040999656,0.6619243953704834,ss450-g5nr.leV120.GRASP.example_20060811_1300Z.polarimeter07.20060811_1300z.zip
20060811,1300Z,1.6259,2.250596046447754,-0.27756915659464876,0.624696046447754,ss450-g5nr.leV120.GRASP.example_20060811_1300Z.polarimeter07.20060811_1300z.zip
20060811,1300Z,1.4612,2.0248005390167236,-0.2783486709710267,0.5636005390167236,ss450-g5nr.leV120.GRASP.example_20060811_1300Z.polarimeter07.20060811_1300z.zip
20060811,1300Z,1.833,2.4916324615478516,-0.264337727057343,0.6586324615478516,ss450-g5nr.leV120.GRASP.example_20060811_1300Z.polarimeter07.20060811_1300z.zip
20060811,1300Z,1.7042,2.3249847888946533,-0.2670059571399551,0.6207847888946534,ss450-g5nr.leV120.GRASP.example_20060811_1300Z.polarimeter07.20060811_1300z.zip
20060811,1300Z,1.526,2.092013120651245,-0.2705590682313908,0.5660131206512451,ss450-g5nr.leV120.GRASP.example_20060811_1300Z.polarimeter07.20060811_1300z.zip
20060811,1300Z,1.7658,2.4354681968688965,-0.27496487029879507,0.6696681968688964,ss450-g5nr.leV120.GRASP.example_20060811_1300Z.polarimeter07.20060811_1300z.zip
20060811,1300Z,1.6411,2.272487163543701,-0.2778397051797293,0.6313871635437012,ss450-g5nr.leV120.GRASP.example_20060811_1300Z.polarimeter07.20060811_1300z.zip
20060811,1300Z,1.4717,2.044649124145508,-0.2802188000764936,0.5729491241455078,ss450-g5nr.leV120.GRASP.example_20060811_1300Z.polarimeter07.20060811_1300z.zip
20060811,1300Z,1.7246,2.403592586517334,-0.28249071424419514,0.6789925865173341,ss450-g5nr.leV120.GRASP.example_20060811_1300Z.polarimeter07.20060811_1300z.zip
20060811,1300Z,1.6017,2.242588996887207,-0.2857808531910144,0.6408889968872071,ss450-g5nr.leV120.GRASP.example_20060811_1300Z.polarimeter07.20060811_1300z.zip
20060811,1300Z,1.4343,2.0175116062164307,-0.2890747217609147,0.5832116062164308,ss450-g5nr.leV120.GRASP.example_20060811_1300Z.polarimeter07.20060811_1300z.zip
20060811,1300Z,1.7177,2.409792423248291,-0.2872000163048823,0.692092423248291,ss450-g5nr.leV120.GRASP.example_20060811_1300Z.polarimeter07.20060811_1300z.zip
20060811,1300Z,1.6031,2.2481236457824707,-0.2869164456290246,0.6450236457824707,ss450-g5nr.leV120.GRASP.example_20060811_1300Z.polarimeter07.20060811_1300z.zip
20060811,1300Z,1.4304,2.02211332321167,-0.2926212474936208,0.59171332321167,ss450-g5nr.leV120.GRASP.example_20060811_1300Z.polarimeter07.20060811_1300z.zip
20060811,1300Z,1.7689,2.4195775985717773,-0.26892198000008677,0.6506775985717774,ss450-g5nr.leV120.GRASP.example_20060811_1300Z.polarimeter07.20060811_1300z.zip
20060811,1300Z,1.6434,2.256901264190674,-0.2718334532063261,0.6135012641906739,ss450-g5nr.leV120.GRASP.example_20060811_1300Z.polarimeter07.20060811_1300z.zip
20060811,1300Z,1.4647,2.029482841491699,-0.27828904484680234,0.5647828414916993,ss450-g5nr.leV120.GRASP.example_20060811_1300Z.polarimeter07.20060811_1300z.zip
20060811,1300Z,1.6939,2.406752586364746,-0.29618856146799316,0.7128525863647461,ss450-g5nr.leV120.GRASP.example_20060811_1300Z.polarimeter07.20060811_1300z.zip
20060811,1300Z,1.575,2.244655132293701,-0.2983331927739893,0.6696551322937012,ss450-g5nr.leV120.GRASP.example_20060811_1300Z.polarimeter07.20060811_1300z.zip
20060811,1300Z,1.409,2.018059253692627,-0.3018044453244748,0.6090592536926269,ss450-g5nr.leV120.GRASP.example_20060811_1300Z.polarimeter07.20060811_1300z.zip
20060811,1300Z,1.6584,2.370476722717285,-0.30039388950465173,0.7120767227172851,ss450-g5nr.leV120.GRASP.example_20060811_1300Z.polarimeter07.20060811_1300z.zip
20060811,1300Z,1.5484,2.2106800079345703,-0.2995820315728715,0.6622800079345703,ss450-g5nr.leV120.GRASP.example_20060811_1300Z.polarimeter07.20060811_1300z.zip
20060811,1300Z,1.3913,1.987310767173767,-0.29990818598611907,0.5960107671737671,ss450-g5nr.leV120.GRASP.example_20060811_1300Z.polarimeter07.20060811_1300z.zip
20060811,1300Z,1.5406,2.2397048473358154,-0.3121415074702446,0.6991048473358155,ss450-g5nr.leV120.GRASP.example_20060811_1300Z.polarimeter07.20060811_1300z.zip
20060811,1300Z,1.4342,2.0886032581329346,-0.3133209984159105,0.6544032581329347,ss450-g5nr.leV120.GRASP.example_20060811_1300Z.polarimeter07.20060811_1300z.zip
20060811,1300Z,1.2853,1.8774070739746094,-0.31538555605901436,0.5921070739746093,ss450-g5nr.leV120.GRASP.example_20060811_1300Z.polarimeter07.20060811_1300z.zip
20060811,1300Z,1.4415,2.0724551677703857,-0.3044481625381492,0.6309551677703857,ss450-g5nr.leV120.GRASP.example_20060811_1300Z.polarimeter07.20060811_1300z.zip
20060811,1300Z,1.2324,1.9325389862060547,-0.3622897086182784,0.7001389862060547,ss450-g5nr.leV120.GRASP.example_20060811_1300Z.polarimeter07.20060811_1300z.zip
20060811,1300Z,1.0975,1.736997365951538,-0.3681625421471019,0.6394973659515382,ss450-g5nr.leV120.GRASP.example_20060811_1300Z.polarimeter07.20060811_1300z.zip
20060811,1300Z,1.4359,2.065783977508545,-0.30491280035399515,0.629883977508545,ss450-g5nr.leV120.GRASP.example_20060811_1300Z.polarimeter07.20060811_1300z.zip
20060811,1300Z,1.2182,1.926353096961975,-0.36761334050273214,0.7081530969619751,ss450-g5nr.leV120.GRASP.example_20060811_1300Z.polarimeter07.20060811_1300z.zip
20060811,1300Z,1.09,1.7314832210540771,-0.37048191588224605,0.6414832210540771,ss450-g5nr.leV120.GRASP.example_20060811_1300Z.polarimeter07.20060811_1300z.zip
20060811,1300Z,1.4701,2.1393980979919434,-0.31284411191173445,0.6692980979919434,ss450-g5nr.leV120.GRASP.example_20060811_1300Z.polarimeter07.20060811_1300z.zip
20060811,1300Z,1.3731,1.995046615600586,-0.3117454052136802,0.621946615600586,ss450-g5nr.leV120.GRASP.example_20060811_1300Z.polarimeter07.20060811_1300z.zip
20060811,1300Z,1.2107,1.7932796478271484,-0.3248682649875823,0.5825796478271483,ss450-g5nr.leV120.GRASP.example_20060811_1300Z.polarimeter07.20060811_1300z.zip
20060811,1300Z,1.5888,2.2424027919769287,-0.2914743035084722,0.6536027919769287,ss450-g5nr.leV120.GRASP.example_20060811_1300Z.polarimeter07.20060811_1300z.zip
20060811,1300Z,1.3747,2.091484546661377,-0.3427156790642204,0.7167845466613769,ss450-g5nr.leV120.GRASP.example_20060811_1300Z.polarimeter07.20060811_1300z.zip
20060811,1300Z,1.3399,1.8804996013641357,-0.2874765838673821,0.5405996013641357,ss450-g5nr.leV120.GRASP.example_20060811_1300Z.polarimeter07.20060811_1300z.zip
20060811,1300Z,1.6975,2.338440179824829,-0.2740887645339901,0.6409401798248291,ss450-g5nr.leV120.GRASP.example_20060811_1300Z.polarimeter07.20060811_1300z.zip
20060811,1300Z,1.5721,2.18196439743042,-0.27950245116218386,0.6098643974304199,ss450-g5nr.leV120.GRASP.example_20060811_1300Z.polarimeter07.20060811_1300z.zip
20060811,1300Z,1.2843,1.9631431102752686,-0.3457940008153977,0.6788431102752686,ss450-g5nr.leV120.GRASP.example_20060811_1300Z.polarimeter07.20060811_1300z.zip
20060811,1300Z,1.6529,2.367366313934326,-0.301797955698269,0.7144663139343261,ss450-g5nr.leV120.GRASP.example_20060811_1300Z.polarimeter07.20060811_1300z.zip
20060811,1300Z,1.5466,2.2093145847320557,-0.299963884415505,0.6627145847320557,ss450-g5nr.leV120.GRASP.example_20060811_1300Z.polarimeter07.20060811_1300z.zip
20060811,1300Z,1.3776,1.9882771968841553,-0.30713886265011353,0.6106771968841553,ss450-g5nr.leV120.GRASP.example_20060811_1300Z.polarimeter07.20060811_1300z.zip
20060811,1300Z,1.6362,2.3536219596862793,-0.3048161395392089,0.7174219596862792,ss450-g5nr.leV120.GRASP.example_20060811_1300Z.polarimeter07.20060811_1300z.zip
20060811,1300Z,1.5259,2.1966094970703125,-0.3053385219197399,0.6707094970703125,ss450-g5nr.leV120.GRASP.example_20060811_1300Z.polarimeter07.20060811_1300z.zip
20060811,1300Z,1.3596,1.9770244359970093,-0.3122998506013121,0.6174244359970094,ss450-g5nr.leV120.GRASP.example_20060811_1300Z.polarimeter07.20060811_1300z.zip
20060811,1300Z,1.5357,2.2349324226379395,-0.3128651298604457,0.6992324226379394,ss450-g5nr.leV120.GRASP.example_20060811_1300Z.polarimeter07.20060811_1300z.zip
20060811,1300Z,1.4316,2.085000991821289,-0.31338162158404087,0.6534009918212891,ss450-g5nr.leV120.GRASP.example_20060811_1300Z.polarimeter07.20060811_1300z.zip
20060811,1300Z,1.2851,1.8753536939620972,-0.31474259808295496,0.5902536939620973,ss450-g5nr.leV120.GRASP.example_20060811_1300Z.polarimeter07.20060811_1300z.zip
20060811,1300Z,1.5052,2.1493611335754395,-0.2996988842465408,0.6441611335754394,ss450-g5nr.leV120.GRASP.example_20060811_1300Z.polarimeter07.20060811_1300z.zip
20060811,1300Z,1.3989,2.0044262409210205,-0.30209454883347825,0.6055262409210205,ss450-g5nr.leV120.GRASP.example_20060811_1300Z.polarimeter07.20060811_1300z.zip
20060811,1300Z,1.2545,1.8018014430999756,-0.3037523613913588,0.5473014430999756,ss450-g5nr.leV120.GRASP.example_20060811_1300Z.polarimeter07.20060811_1300z.zip
20060811,1300Z,1.4597,2.0754427909851074,-0.29668020417601854,0.6157427909851074,ss450-g5nr.leV120.GRASP.example_20060811_1300Z.polarimeter07.20060811_1300z.zip
20060811,1300Z,1.3504,1.9351873397827148,-0.3021864228650728,0.5847873397827148,ss450-g5nr.leV120.GRASP.example_20060811_1300Z.polarimeter07.20060811_1300z.zip
20060811,1300Z,1.2091,1.7391185760498047,-0.30476275933621333,0.5300185760498046,ss450-g5nr.leV120.GRASP.example_20060811_1300Z.polarimeter07.20060811_1300z.zip
20060811,1300Z,1.4704,2.0215859413146973,-0.2726502643544527,0.5511859413146973,ss450-g5nr.leV120.GRASP.example_20060811_1300Z.polarimeter07.20060811_1300z.zip
20060811,1300Z,1.3657,1.8849122524261475,-0.27545698838651417,0.5192122524261475,ss450-g5nr.leV120.GRASP.example_20060811_1300Z.polarimeter07.20060811_1300z.zip
20060811,1300Z,1.3393,2.0056726932525635,-0.33224398751319634,0.6663726932525635,ss450-g5nr.leV120.GRASP.example_20060811_1300Z.polarimeter07.20060811_1300z.zip
20060811,1300Z,1.346,1.8703222274780273,-0.2803379117110915,0.5243222274780273,ss450-g5nr.leV120.GRASP.example_20060811_1300Z.polarimeter07.20060811_1300z.zip
20060811,1300Z,1.442,1.99043869972229,-0.27553659391711455,0.5484386997222901,ss450-g5nr.leV120.GRASP.example_20060811_1300Z.polarimeter07.20060811_1300z.zip
20060811,1300Z,1.3462,1.8565548658370972,-0.2748935004444291,0.5103548658370971,ss450-g5nr.leV120.GRASP.example_20060811_1300Z.polarimeter07.20060811_1300z.zip
20060811,1300Z,1.405,1.9215810298919678,-0.268831249817766,0.5165810298919677,ss450-g5nr.leV120.GRASP.example_20060811_1300Z.polarimeter07.20060811_1300z.zip
20060811,1300Z,1.238,1.777519702911377,-0.3035238945749544,0.539519702911377,ss450-g5nr.leV120.GRASP.example_20060811_1300Z.polarimeter07.20060811_1300z.zip
20060811,1300Z,1.1261,1.6585921049118042,-0.3210506690191435,0.5324921049118041,ss450-g5nr.leV120.GRASP.example_20060811_1300Z.polarimeter07.20060811_1300z.zip
20060811,1300Z,1.1105,1.616084098815918,-0.31284516640337734,0.5055840988159179,ss450-g5nr.leV120.GRASP.example_20060811_1300Z.polarimeter07.20060811_1300z.zip
20060811,1300Z,1.0571,1.6283280849456787,-0.3508065052902008,0.5712280849456788,ss450-g5nr.leV120.GRASP.example_20060811_1300Z.polarimeter07.20060811_1300z.zip
20060811,1300Z,1.1962,1.6966838836669922,-0.2949776846971113,0.5004838836669923,ss450-g5nr.leV120.GRASP.example_20060811_1300Z.polarimeter07.20060811_1300z.zip
20060811,1300Z,1.2246,1.7537261247634888,-0.30171536894613343,0.5291261247634889,ss450-g5nr.leV120.GRASP.example_20060811_1300Z.polarimeter07.20060811_1300z.zip
20060811,1300Z,1.2464,1.7958022356033325,-0.30593693710307185,0.5494022356033326,ss450-g5nr.leV120.GRASP.example_20060811_1300Z.polarimeter07.20060811_1300z.zip
20060811,1300Z,1.2696,1.7841534614562988,-0.28840201954169303,0.5145534614562988,ss450-g5nr.leV120.GRASP.example_20060811_1300Z.polarimeter07.20060811_1300z.zip
20060811,1300Z,1.0714,1.749375820159912,-0.3875529845256108,0.6779758201599122,ss450-g5nr.leV120.GRASP.example_20060811_1300Z.polarimeter07.20060811_1300z.zip
20060811,1300Z,1.0837,1.6324028968811035,-0.3361320283916822,0.5487028968811034,ss450-g5nr.leV120.GRASP.example_20060811_1300Z.polarimeter07.20060811_1300z.zip
20060811,1300Z,1.1833,1.6952499151229858,-0.3019908218581714,0.5119499151229858,ss450-g5nr.leV120.GRASP.example_20060811_1300Z.polarimeter07.20060811_1300z.zip
20060811,1300Z,1.1754,1.6999950408935547,-0.3085862183561524,0.5245950408935547,ss450-g5nr.leV120.GRASP.example_20060811_1300Z.polarimeter07.20060811_1300z.zip
20060811,1300Z,1.2251,1.7440330982208252,-0.29754773504597737,0.5189330982208251,ss450-g5nr.leV120.GRASP.example_20060811_1300Z.polarimeter07.20060811_1300z.zip
20060811,1300Z,1.3062,1.881596326828003,-0.3058022162479487,0.5753963268280029,ss450-g5nr.leV120.GRASP.example_20060811_1300Z.polarimeter07.20060811_1300z.zip
20060811,1300Z,1.2384,1.7566909790039062,-0.29503821969746324,0.5182909790039063,ss450-g5nr.leV120.GRASP.example_20060811_1300Z.polarimeter07.20060811_1300z.zip
20060811,1300Z,1.3335,1.8783271312713623,-0.2900597676521828,0.5448271312713624,ss450-g5nr.leV120.GRASP.example_20060811_1300Z.polarimeter07.20060811_1300z.zip
20060811,1300Z,1.2038,1.75333833694458,-0.31342401256235697,0.5495383369445801,ss450-g5nr.leV120.GRASP.example_20060811_1300Z.polarimeter07.20060811_1300z.zip
20060811,1300Z,1.3138,1.8588831424713135,-0.29323152704835787,0.5450831424713134,ss450-g5nr.leV120.GRASP.example_20060811_1300Z.polarimeter07.20060811_1300z.zip
20060811,1300Z,1.2232,1.7347948551177979,-0.29490222063349325,0.5115948551177978,ss450-g5nr.leV120.GRASP.example_20060811_1300Z.polarimeter07.20060811_1300z.zip
20060811,1300Z,1.2726,1.8170802593231201,-0.29964568517515255,0.5444802593231202,ss450-g5nr.leV120.GRASP.example_20060811_1300Z.polarimeter07.20060811_1300z.zip
20060811,1300Z,1.3393,1.8515989780426025,-0.2766792292055453,0.5122989780426026,ss450-g5nr.leV120.GRASP.example_20060811_1300Z.polarimeter07.20060811_1300z.zip
20060811,1300Z,1.3284,1.8566348552703857,-0.2845119780935373,0.5282348552703857,ss450-g5nr.leV120.GRASP.example_20060811_1300Z.polarimeter07.20060811_1300z.zip
20060811,1300Z,1.3414,1.847469687461853,-0.2739258407844933,0.5060696874618531,ss450-g5nr.leV120.GRASP.example_20060811_1300Z.polarimeter07.20060811_1300z.zip
20060811,1300Z,1.2063,1.72385835647583,-0.3002325304347514,0.5175583564758302,ss450-g5nr.leV120.GRASP.example_20060811_1300Z.polarimeter07.20060811_1300z.zip
20060811,1300Z,1.3716,1.8967407941818237,-0.27686481768762083,0.5251407941818238,ss450-g5nr.leV120.GRASP.example_20060811_1300Z.polarimeter07.20060811_1300z.zip
20060811,1300Z,1.2376,1.7701061964035034,-0.3008329090567831,0.5325061964035034,ss450-g5nr.leV120.GRASP.example_20060811_1300Z.polarimeter07.20060811_1300z.zip
20060811,1300Z,1.3687,1.9546210765838623,-0.2997619761718166,0.5859210765838623,ss450-g5nr.leV120.GRASP.example_20060811_1300Z.polarimeter07.20060811_1300z.zip
20060811,1300Z,1.2693,1.824234962463379,-0.3042014728815499,0.5549349624633788,ss450-g5nr.leV120.GRASP.example_20060811_1300Z.polarimeter07.20060811_1300z.zip
20060811,1300Z,1.1304,1.6417639255523682,-0.3114722632124596,0.5113639255523681,ss450-g5nr.leV120.GRASP.example_20060811_1300Z.polarimeter07.20060811_1300z.zip
20060811,1300Z,1.393,1.9955875873565674,-0.30195997969439076,0.6025875873565674,ss450-g5nr.leV120.GRASP.example_20060811_1300Z.polarimeter07.20060811_1300z.zip
20060811,1300Z,1.298,1.8623223304748535,-0.3030207613581925,0.5643223304748535,ss450-g5nr.leV120.GRASP.example_20060811_1300Z.polarimeter07.20060811_1300z.zip
20060811,1300Z,1.1563,1.6758360862731934,-0.3100160514078457,0.5195360862731933,ss450-g5nr.leV120.GRASP.example_20060811_1300Z.polarimeter07.20060811_1300z.zip
20060811,1300Z,1.4165,2.015820264816284,-0.29730838372681223,0.5993202648162841,ss450-g5nr.leV120.GRASP.example_20060811_1300Z.polarimeter07.20060811_1300z.zip
20060811,1300Z,1.3213,1.8807951211929321,-0.2974779734849914,0.5594951211929322,ss450-g5nr.leV120.GRASP.example_20060811_1300Z.polarimeter07.20060811_1300z.zip
20060811,1300Z,1.17,1.6918745040893555,-0.3084593466169953,0.5218745040893555,ss450-g5nr.leV120.GRASP.example_20060811_1300Z.polarimeter07.20060811_1300z.zip
20060811,1300Z,1.4132,2.020317792892456,-0.30050608623470837,0.607117792892456,ss450-g5nr.leV120.GRASP.example_20060811_1300Z.polarimeter07.20060811_1300z.zip
20060811,1300Z,1.3146,1.8845710754394531,-0.30244074254750225,0.5699710754394531,ss450-g5nr.leV120.GRASP.example_20060811_1300Z.polarimeter07.20060811_1300z.zip
20060811,1300Z,1.1677,1.6946642398834229,-0.3109549534836902,0.5269642398834229,ss450-g5nr.leV120.GRASP.example_20060811_1300Z.polarimeter07.20060811_1300z.zip
20060811,1300Z,1.4544,2.0211405754089355,-0.2804063123092106,0.5667405754089356,ss450-g5nr.leV120.GRASP.example_20060811_1300Z.polarimeter07.20060811_1300z.zip
20060811,1300Z,1.3584,1.8851628303527832,-0.2794256399879296,0.5267628303527832,ss450-g5nr.leV120.GRASP.example_20060811_1300Z.polarimeter07.20060811_1300z.zip
20060811,1300Z,1.4282,2.023500919342041,-0.2941935502236433,0.5953009193420411,ss450-g5nr.leV120.GRASP.example_20060811_1300Z.polarimeter07.20060811_1300z.zip
20060811,1300Z,1.3188,1.8873850107192993,-0.3012554446973204,0.5685850107192993,ss450-g5nr.leV120.GRASP.example_20060811_1300Z.polarimeter07.20060811_1300z.zip
20060811,1300Z,1.1817,1.6969704627990723,-0.3036413856898594,0.5152704627990723,ss450-g5nr.leV120.GRASP.example_20060811_1300Z.polarimeter07.20060811_1300z.zip
20060811,1300Z,1.4323,2.0365071296691895,-0.2966879520659164,0.6042071296691895,ss450-g5nr.leV120.GRASP.example_20060811_1300Z.polarimeter07.20060811_1300z.zip
20060811,1300Z,1.3258,1.8995895385742188,-0.3020597486575388,0.5737895385742187,ss450-g5nr.leV120.GRASP.example_20060811_1300Z.polarimeter07.20060811_1300z.zip
20060811,1300Z,1.1872,1.7080490589141846,-0.30493799706507896,0.5208490589141845,ss450-g5nr.leV120.GRASP.example_20060811_1300Z.polarimeter07.20060811_1300z.zip
20060811,1300Z,1.511,2.148808002471924,-0.29681944675290156,0.6378080024719239,ss450-g5nr.leV120.GRASP.example_20060811_1300Z.polarimeter07.20060811_1300z.zip
20060811,1300Z,1.4011,2.004700183868408,-0.30109249688582335,0.6036001838684082,ss450-g5nr.leV120.GRASP.example_20060811_1300Z.polarimeter07.20060811_1300z.zip
20060811,1300Z,1.2491,1.8030720949172974,-0.30723790605982765,0.5539720949172973,ss450-g5nr.leV120.GRASP.example_20060811_1300Z.polarimeter07.20060811_1300z.zip
20060811,1300Z,1.5429,2.177649974822998,-0.29148393091713065,0.6347499748229981,ss450-g5nr.leV120.GRASP.example_20060811_1300Z.polarimeter07.20060811_1300z.zip
20060811,1300Z,1.4309,2.0318593978881836,-0.29576820055206166,0.6009593978881835,ss450-g5nr.leV120.GRASP.example_20060811_1300Z.polarimeter07.20060811_1300z.zip
20060811,1300Z,1.2705,1.8278594017028809,-0.3049246573251917,0.5573594017028809,ss450-g5nr.leV120.GRASP.example_20060811_1300Z.polarimeter07.20060811_1300z.zip
20060811,1300Z,1.5454,2.154463768005371,-0.2826985429275748,0.609063768005371,ss450-g5nr.leV120.GRASP.example_20060811_1300Z.polarimeter07.20060811_1300z.zip
20060811,1300Z,1.4411,2.010518789291382,-0.28321982978934335,0.5694187892913818,ss450-g5nr.leV120.GRASP.example_20060811_1300Z.polarimeter07.20060811_1300z.zip
20060811,1300Z,1.2832,1.8090848922729492,-0.29069110826094136,0.5258848922729493,ss450-g5nr.leV120.GRASP.example_20060811_1300Z.polarimeter07.20060811_1300z.zip
20060811,1300Z,1.5647,2.1338038444519043,-0.26670860394765394,0.5691038444519043,ss450-g5nr.leV120.GRASP.example_20060811_1300Z.polarimeter07.20060811_1300z.zip
20060811,1300Z,1.4537,1.9911471605300903,-0.2699183521859877,0.5374471605300903,ss450-g5nr.leV120.GRASP.example_20060811_1300Z.polarimeter07.20060811_1300z.zip
20060811,1300Z,1.596,2.1470000743865967,-0.25663719389670664,0.5510000743865966,ss450-g5nr.leV120.GRASP.example_20060811_1300Z.polarimeter07.20060811_1300z.zip
20060811,1300Z,1.4482,2.0034971237182617,-0.27716392359360803,0.5552971237182618,ss450-g5nr.leV120.GRASP.example_20060811_1300Z.polarimeter07.20060811_1300z.zip
20060811,1300Z,1.5523,2.170783519744873,-0.2849125737869808,0.618483519744873,ss450-g5nr.leV120.GRASP.example_20060811_1300Z.polarimeter07.20060811_1300z.zip
20060811,1300Z,1.4433,2.0259475708007812,-0.28759262045980905,0.5826475708007812,ss450-g5nr.leV120.GRASP.example_20060811_1300Z.polarimeter07.20060811_1300z.zip
20060811,1300Z,1.2838,1.8232500553131104,-0.2958727760578455,0.5394500553131103,ss450-g5nr.leV120.GRASP.example_20060811_1300Z.polarimeter07.20060811_1300z.zip
20060811,1300Z,1.2819,2.186913013458252,-0.41383128084601734,0.9050130134582519,ss450-g5nr.leV120.GRASP.example_20060811_1300Z.polarimeter07.20060811_1300z.zip
20060811,1300Z,1.3492,2.0411996841430664,-0.339016162661019,0.6919996841430665,ss450-g5nr.leV120.GRASP.example_20060811_1300Z.polarimeter07.20060811_1300z.zip
20060811,1300Z,1.1904,1.8372606039047241,-0.35207885181337556,0.6468606039047242,ss450-g5nr.leV120.GRASP.example_20060811_1300Z.polarimeter07.20060811_1300z.zip
20060811,1300Z,1.5777,2.1998634338378906,-0.2828191169814854,0.6221634338378905,ss450-g5nr.leV120.GRASP.example_20060811_1300Z.polarimeter07.20060811_1300z.zip
20060811,1300Z,1.4696,2.053394079208374,-0.28430688737226645,0.583794079208374,ss450-g5nr.leV120.GRASP.example_20060811_1300Z.polarimeter07.20060811_1300z.zip
20060811,1300Z,1.3043,1.8483902215957642,-0.2943589590763127,0.5440902215957641,ss450-g5nr.leV120.GRASP.example_20060811_1300Z.polarimeter07.20060811_1300z.zip
20060811,1300Z,1.5825,2.2278389930725098,-0.2896703913878869,0.6453389930725097,ss450-g5nr.leV120.GRASP.example_20060811_1300Z.polarimeter07.20060811_1300z.zip
20060811,1300Z,1.4639,2.0794925689697266,-0.29603018455349356,0.6155925689697266,ss450-g5nr.leV120.GRASP.example_20060811_1300Z.polarimeter07.20060811_1300z.zip
20060811,1300Z,1.3074,1.8718606233596802,-0.30155056221363685,0.5644606233596803,ss450-g5nr.leV120.GRASP.example_20060811_1300Z.polarimeter07.20060811_1300z.zip
20060811,1300Z,1.626,2.2677040100097656,-0.2829752062779138,0.6417040100097657,ss450-g5nr.leV120.GRASP.example_20060811_1300Z.polarimeter07.20060811_1300z.zip
20060811,1300Z,1.5145,2.1163711547851562,-0.28438828105567115,0.6018711547851563,ss450-g5nr.leV120.GRASP.example_20060811_1300Z.polarimeter07.20060811_1300z.zip
20060811,1300Z,1.2511,1.9045802354812622,-0.34310984820029716,0.6534802354812621,ss450-g5nr.leV120.GRASP.example_20060811_1300Z.polarimeter07.20060811_1300z.zip
20060811,1300Z,1.6168,2.323726177215576,-0.30422094657583804,0.7069261772155762,ss450-g5nr.leV120.GRASP.example_20060811_1300Z.polarimeter07.20060811_1300z.zip
20060811,1300Z,1.4939,2.16872239112854,-0.3111612596840401,0.67482239112854,ss450-g5nr.leV120.GRASP.example_20060811_1300Z.polarimeter07.20060811_1300z.zip
20060811,1300Z,1.3365,1.9517905712127686,-0.3152441559498109,0.6152905712127685,ss450-g5nr.leV120.GRASP.example_20060811_1300Z.polarimeter07.20060811_1300z.zip
20060811,1300Z,1.6481,2.3759570121765137,-0.30634266884725947,0.7278570121765138,ss450-g5nr.leV120.GRASP.example_20060811_1300Z.polarimeter07.20060811_1300z.zip
20060811,1300Z,1.5292,2.217630624771118,-0.3104352082268756,0.6884306247711183,ss450-g5nr.leV120.GRASP.example_20060811_1300Z.polarimeter07.20060811_1300z.zip
20060811,1300Z,1.3664,1.9960405826568604,-0.3154447800949856,0.6296405826568603,ss450-g5nr.leV120.GRASP.example_20060811_1300Z.polarimeter07.20060811_1300z.zip
20060811,1300Z,1.6866,2.4168152809143066,-0.30213946704195715,0.7302152809143065,ss450-g5nr.leV120.GRASP.example_20060811_1300Z.polarimeter07.20060811_1300z.zip
20060811,1300Z,1.5647,2.25596284866333,-0.3064158831662086,0.6912628486633301,ss450-g5nr.leV120.GRASP.example_20060811_1300Z.polarimeter07.20060811_1300z.zip
20060811,1300Z,1.4022,2.0308268070220947,-0.30954230308978564,0.6286268070220948,ss450-g5nr.leV120.GRASP.example_20060811_1300Z.polarimeter07.20060811_1300z.zip
20060811,1300Z,1.7273,2.462129592895508,-0.2984528495233816,0.7348295928955078,ss450-g5nr.leV120.GRASP.example_20060811_1300Z.polarimeter07.20060811_1300z.zip
20060811,1300Z,1.6064,2.2984137535095215,-0.3010831937691216,0.6920137535095214,ss450-g5nr.leV120.GRASP.example_20060811_1300Z.polarimeter07.20060811_1300z.zip
20060811,1300Z,1.4247,2.069263458251953,-0.3114941481624865,0.644563458251953,ss450-g5nr.leV120.GRASP.example_20060811_1300Z.polarimeter07.20060811_1300z.zip
20060811,1300Z,1.7334,2.5050032138824463,-0.3080248398909462,0.7716032138824462,ss450-g5nr.leV120.GRASP.example_20060811_1300Z.polarimeter07.20060811_1300z.zip
20060811,1300Z,1.6083,2.3386149406433105,-0.3122852454035952,0.7303149406433105,ss450-g5nr.leV120.GRASP.example_20060811_1300Z.polarimeter07.20060811_1300z.zip
20060811,1300Z,1.4447,2.105717182159424,-0.313915462038234,0.6610171821594237,ss450-g5nr.leV120.GRASP.example_20060811_1300Z.polarimeter07.20060811_1300z.zip
20060811,1300Z,1.6889,2.4675588607788086,-0.31555837356319394,0.7786588607788085,ss450-g5nr.leV120.GRASP.example_20060811_1300Z.polarimeter07.20060811_1300z.zip
20060811,1300Z,1.6701,2.3038511276245117,-0.2750833680290658,0.6337511276245118,ss450-g5nr.leV120.GRASP.example_20060811_1300Z.polarimeter07.20060811_1300z.zip
20060811,1300Z,1.4918,2.0746989250183105,-0.2809559102717355,0.5828989250183105,ss450-g5nr.leV120.GRASP.example_20060811_1300Z.polarimeter07.20060811_1300z.zip
20060811,1300Z,1.6909,2.3884310722351074,-0.29204572003091295,0.6975310722351074,ss450-g5nr.leV120.GRASP.example_20060811_1300Z.polarimeter07.20060811_1300z.zip
20060811,1300Z,1.5728,2.230386257171631,-0.2948306622035597,0.6575862571716309,ss450-g5nr.leV120.GRASP.example_20060811_1300Z.polarimeter07.20060811_1300z.zip
20060811,1300Z,1.3937,2.0091397762298584,-0.3063200398056567,0.6154397762298585,ss450-g5nr.leV120.GRASP.example_20060811_1300Z.polarimeter07.20060811_1300z.zip
20060811,1300Z,1.7571,2.3891172409057617,-0.2645400694802869,0.6320172409057616,ss450-g5nr.leV120.GRASP.example_20060811_1300Z.polarimeter07.20060811_1300z.zip
20060811,1300Z,1.63,2.2314791679382324,-0.2695428111452939,0.6014791679382325,ss450-g5nr.leV120.GRASP.example_20060811_1300Z.polarimeter07.20060811_1300z.zip
20060811,1300Z,1.4517,2.0107674598693848,-0.2780368545976473,0.5590674598693848,ss450-g5nr.leV120.GRASP.example_20060811_1300Z.polarimeter07.20060811_1300z.zip
20060811,1300Z,1.7335,2.4354803562164307,-0.2882307608947303,0.7019803562164306,ss450-g5nr.leV120.GRASP.example_20060811_1300Z.polarimeter07.20060811_1300z.zip
20060811,1300Z,1.6873,2.2747182846069336,-0.2582378172198313,0.5874182846069336,ss450-g5nr.leV120.GRASP.example_20060811_1300Z.polarimeter07.20060811_1300z.zip
20060811,1300Z,1.5033,2.0496249198913574,-0.26654873025271175,0.5463249198913573,ss450-g5nr.leV120.GRASP.example_20060811_1300Z.polarimeter07.20060811_1300z.zip
20060811,1300Z,1.8327,2.4288077354431152,-0.24543224510702594,0.5961077354431152,ss450-g5nr.leV120.GRASP.example_20060811_1300Z.polarimeter07.20060811_1300z.zip
20060811,1300Z,1.6934,2.268462657928467,-0.2535032507229399,0.5750626579284668,ss450-g5nr.leV120.GRASP.example_20060811_1300Z.polarimeter07.20060811_1300z.zip
20060811,1300Z,1.5073,2.043947458267212,-0.2625544292230305,0.5366474582672118,ss450-g5nr.leV120.GRASP.example_20060811_1300Z.polarimeter07.20060811_1300z.zip
20060811,1300Z,1.4721,1.985573410987854,-0.258602078445638,0.513473410987854,ss450-g5nr.leV120.GRASP.example_20060811_1300Z.polarimeter07.20060811_1300z.zip
20060811,1300Z,1.5172,2.1248586177825928,-0.28597602339148476,0.6076586177825927,ss450-g5nr.leV120.GRASP.example_20060811_1300Z.polarimeter07.20060811_1300z.zip
20060811,1300Z,1.3876,1.9835546016693115,-0.3004477926484961,0.5959546016693116,ss450-g5nr.leV120.GRASP.example_20060811_1300Z.polarimeter07.20060811_1300z.zip
20060811,1300Z,1.194,1.7857798337936401,-0.33138454281706525,0.5917798337936402,ss450-g5nr.leV120.GRASP.example_20060811_1300Z.polarimeter07.20060811_1300z.zip
20060811,1300Z,1.5885,2.141700506210327,-0.2582996570277692,0.5532005062103271,ss450-g5nr.leV120.GRASP.example_20060811_1300Z.polarimeter07.20060811_1300z.zip
20060811,1300Z,1.4887,1.999272108078003,-0.255378998193918,0.510572108078003,ss450-g5nr.leV120.GRASP.example_20060811_1300Z.polarimeter07.20060811_1300z.zip
20060811,1300Z,1.4675,1.9880887269973755,-0.26185386996465915,0.5205887269973755,ss450-g5nr.leV120.GRASP.example_20060811_1300Z.polarimeter07.20060811_1300z.zip
20060811,1300Z,1.5729,2.102025032043457,-0.2517215656224012,0.5291250320434571,ss450-g5nr.leV120.GRASP.example_20060811_1300Z.polarimeter07.20060811_1300z.zip
20060811,1300Z,1.4597,1.9623234272003174,-0.2561368937624209,0.5026234272003174,ss450-g5nr.leV120.GRASP.example_20060811_1300Z.polarimeter07.20060811_1300z.zip
20060811,1400Z,0.93046,0.42324432730674744,1.1983992223140811,0.5072156726932525,ss450-g5nr.leV120.GRASP.example_20060811_1400Z.polarimeter07.20060811_1400z.zip
20060811,1400Z,0.93842,0.418051153421402,1.2447492186537714,0.520368846578598,ss450-g5nr.leV120.GRASP.example_20060811_1400Z.polarimeter07.20060811_1400z.zip
20060811,1400Z,0.93922,0.41528674960136414,1.2616180287513679,0.5239332503986359,ss450-g5nr.leV120.GRASP.example_20060811_1400Z.polarimeter07.20060811_1400z.zip
20060811,1400Z,0.95594,0.4068746864795685,1.3494703203857419,0.5490653135204315,ss450-g5nr.leV120.GRASP.example_20060811_1400Z.polarimeter07.20060811_1400z.zip
20060811,1400Z,0.98148,0.3998788297176361,1.4544435140341043,0.5816011702823639,ss450-g5nr.leV120.GRASP.example_20060811_1400Z.polarimeter07.20060811_1400z.zip
20060811,1400Z,1.013,0.39663517475128174,1.553984276949775,0.6163648252487182,ss450-g5nr.leV120.GRASP.example_20060811_1400Z.polarimeter07.20060811_1400z.zip
20060811,1400Z,1.1177,0.3789703845977783,1.949306978660813,0.7387296154022216,ss450-g5nr.leV120.GRASP.example_20060811_1400Z.polarimeter07.20060811_1400z.zip
20060811,1400Z,1.1215,0.3720085024833679,2.0147160414704257,0.749491497516632,ss450-g5nr.leV120.GRASP.example_20060811_1400Z.polarimeter07.20060811_1400z.zip
20060811,1400Z,0.92163,0.41375669836997986,1.2274684703131538,0.5078733016300201,ss450-g5nr.leV120.GRASP.example_20060811_1400Z.polarimeter07.20060811_1400z.zip
20060811,1400Z,1.0184,0.39350372552871704,1.5880314058822789,0.6248962744712829,ss450-g5nr.leV120.GRASP.example_20060811_1400Z.polarimeter07.20060811_1400z.zip
20060811,1400Z,1.0214,0.38617581129074097,1.6449093136779005,0.6352241887092591,ss450-g5nr.leV120.GRASP.example_20060811_1400Z.polarimeter07.20060811_1400z.zip
20060811,1400Z,0.965,0.40096187591552734,1.4067126027794756,0.5640381240844726,ss450-g5nr.leV120.GRASP.example_20060811_1400Z.polarimeter07.20060811_1400z.zip
20060811,1400Z,0.96671,0.3935313820838928,1.4565004063485774,0.5731786179161071,ss450-g5nr.leV120.GRASP.example_20060811_1400Z.polarimeter07.20060811_1400z.zip
20060811,1400Z,0.93623,0.402490496635437,1.326092188079678,0.533739503364563,ss450-g5nr.leV120.GRASP.example_20060811_1400Z.polarimeter07.20060811_1400z.zip
20060811,1400Z,0.93782,0.3951268196105957,1.373465817694273,0.5426931803894043,ss450-g5nr.leV120.GRASP.example_20060811_1400Z.polarimeter07.20060811_1400z.zip
20060811,1400Z,0.90438,0.3998565077781677,1.261761362908045,0.5045234922218322,ss450-g5nr.leV120.GRASP.example_20060811_1400Z.polarimeter07.20060811_1400z.zip
20060814,1400Z,1.3346,1.9470194578170776,-0.31454203262236446,0.6124194578170776,ss450-g5nr.leV120.GRASP.example_20060814_1400Z.polarimeter07.20060814_1400z.zip
20060814,1400Z,1.2354,1.825972080230713,-0.3234288665334322,0.5905720802307128,ss450-g5nr.leV120.GRASP.example_20060814_1400Z.polarimeter07.20060814_1400z.zip
20060814,1400Z,1.1044,1.6562743186950684,-0.3332022434121145,0.5518743186950683,ss450-g5nr.leV120.GRASP.example_20060814_1400Z.polarimeter07.20060814_1400z.zip
20060814,1400Z,1.4283,1.9348671436309814,-0.26180978125472487,0.5065671436309815,ss450-g5nr.leV120.GRASP.example_20060814_1400Z.polarimeter07.20060814_1400z.zip
20060814,1200Z,1.1101,1.6546363830566406,-0.32909731022033273,0.5445363830566405,ss450-g5nr.leV120.GRASP.example_20060814_1200Z.polarimeter07.20060814_1200z.zip
20060814,0900Z,2.1013,0.4050099849700928,4.1882671489078644,1.6962900150299074,ss450-g5nr.leV120.GRASP.example_20060814_0900Z.polarimeter07.20060814_0900z.zip
20060814,0900Z,1.9819,0.4010506868362427,3.9417693699381466,1.5808493131637573,ss450-g5nr.leV120.GRASP.example_20060814_0900Z.polarimeter07.20060814_0900z.zip
20060814,0900Z,1.7898,0.39725127816200256,3.505460645164001,1.3925487218379975,ss450-g5nr.leV120.GRASP.example_20060814_0900Z.polarimeter07.20060814_0900z.zip
20060814,0900Z,1.4166,0.38316649198532104,2.697087374890468,1.033433508014679,ss450-g5nr.leV120.GRASP.example_20060814_0900Z.polarimeter07.20060814_0900z.zip
20060814,0900Z,1.2457,0.37344086170196533,2.3357356619270147,0.8722591382980347,ss450-g5nr.leV120.GRASP.example_20060814_0900Z.polarimeter07.20060814_0900z.zip
20060814,0900Z,0.99617,0.3639512062072754,1.737097674111477,0.6322187937927246,ss450-g5nr.leV120.GRASP.example_20060814_0900Z.polarimeter07.20060814_0900z.zip
20060814,0900Z,1.0112,0.46602094173431396,1.1698595694793936,0.5451790582656861,ss450-g5nr.leV120.GRASP.example_20060814_0900Z.polarimeter07.20060814_0900z.zip
20060814,0900Z,1.0134,0.45792582631111145,1.2130221572423467,0.5554741736888886,ss450-g5nr.leV120.GRASP.example_20060814_0900Z.polarimeter07.20060814_0900z.zip
20060814,0900Z,1.0179,0.4966055154800415,1.0497154547630256,0.5212944845199585,ss450-g5nr.leV120.GRASP.example_20060814_0900Z.polarimeter07.20060814_0900z.zip
20060814,0900Z,1.1229,0.4589836597442627,1.4464923231159457,0.6639163402557373,ss450-g5nr.leV120.GRASP.example_20060814_0900Z.polarimeter07.20060814_0900z.zip
20060814,0900Z,1.1264,0.45089101791381836,1.498164645664545,0.6755089820861817,ss450-g5nr.leV120.GRASP.example_20060814_0900Z.polarimeter07.20060814_0900z.zip
20060814,0900Z,1.1066,0.6058041453361511,0.8266629710596735,0.5007958546638489,ss450-g5nr.leV120.GRASP.example_20060814_0900Z.polarimeter07.20060814_0900z.zip
20060814,0900Z,1.0981,0.5925650596618652,0.8531298497866339,0.5055349403381348,ss450-g5nr.leV120.GRASP.example_20060814_0900Z.polarimeter07.20060814_0900z.zip
20060814,0900Z,1.0825,0.548583447933197,0.9732640568692841,0.533916552066803,ss450-g5nr.leV120.GRASP.example_20060814_0900Z.polarimeter07.20060814_0900z.zip
20060814,0900Z,1.0946,0.5226340293884277,1.094390985755121,0.5719659706115723,ss450-g5nr.leV120.GRASP.example_20060814_0900Z.polarimeter07.20060814_0900z.zip
20060814,0900Z,1.1172,0.5005305409431458,1.2320316316660094,0.6166694590568542,ss450-g5nr.leV120.GRASP.example_20060814_0900Z.polarimeter07.20060814_0900z.zip
20060814,0900Z,1.2225,0.4611588418483734,1.6509304149956023,0.7613411581516265,ss450-g5nr.leV120.GRASP.example_20060814_0900Z.polarimeter07.20060814_0900z.zip
20060814,0900Z,1.2242,0.4530109763145447,1.7023627770775827,0.7711890236854553,ss450-g5nr.leV120.GRASP.example_20060814_0900Z.polarimeter07.20060814_0900z.zip
20060814,0900Z,1.0415,0.5078272819519043,1.0508941465233042,0.5336727180480958,ss450-g5nr.leV120.GRASP.example_20060814_0900Z.polarimeter07.20060814_0900z.zip
20060814,0900Z,1.1474,0.4669632613658905,1.4571526176252036,0.6804367386341095,ss450-g5nr.leV120.GRASP.example_20060814_0900Z.polarimeter07.20060814_0900z.zip
20060814,0900Z,1.152,0.45872724056243896,1.5112962521858284,0.693272759437561,ss450-g5nr.leV120.GRASP.example_20060814_0900Z.polarimeter07.20060814_0900z.zip
20060814,0900Z,1.0581,0.5113125443458557,1.0693800918842569,0.5467874556541443,ss450-g5nr.leV120.GRASP.example_20060814_0900Z.polarimeter07.20060814_0900z.zip
20060814,0900Z,1.1713,0.4708981513977051,1.487374385572303,0.7004018486022949,ss450-g5nr.leV120.GRASP.example_20060814_0900Z.polarimeter07.20060814_0900z.zip
20060814,0900Z,1.1757,0.4627261757850647,1.5408115242352534,0.7129738242149353,ss450-g5nr.leV120.GRASP.example_20060814_0900Z.polarimeter07.20060814_0900z.zip
20060814,0900Z,1.0507,0.5326360464096069,0.972641557180665,0.518063953590393,ss450-g5nr.leV120.GRASP.example_20060814_0900Z.polarimeter07.20060814_0900z.zip
20060814,0900Z,1.0811,0.5098352432250977,1.1204889508250078,0.5712647567749023,ss450-g5nr.leV120.GRASP.example_20060814_0900Z.polarimeter07.20060814_0900z.zip
20060814,0900Z,1.1977,0.4702639579772949,1.5468675191515036,0.7274360420227051,ss450-g5nr.leV120.GRASP.example_20060814_0900Z.polarimeter07.20060814_0900z.zip
20060814,0900Z,1.2022,0.4621974229812622,1.601053013765371,0.7400025770187377,ss450-g5nr.leV120.GRASP.example_20060814_0900Z.polarimeter07.20060814_0900z.zip
20060814,0900Z,1.0789,0.5295389890670776,1.0374326013288775,0.5493610109329223,ss450-g5nr.leV120.GRASP.example_20060814_0900Z.polarimeter07.20060814_0900z.zip
20060814,0900Z,1.1139,0.5071182250976562,1.196529221140682,0.6067817749023436,ss450-g5nr.leV120.GRASP.example_20060814_0900Z.polarimeter07.20060814_0900z.zip
20060814,0900Z,1.2367,0.46838054060935974,1.6403744237347309,0.7683194593906402,ss450-g5nr.leV120.GRASP.example_20060814_0900Z.polarimeter07.20060814_0900z.zip
20060814,0900Z,1.2412,0.4603302776813507,1.6963249218622594,0.7808697223186494,ss450-g5nr.leV120.GRASP.example_20060814_0900Z.polarimeter07.20060814_0900z.zip
20060814,0900Z,1.11,0.6018191576004028,0.844407885627696,0.5081808423995973,ss450-g5nr.leV120.GRASP.example_20060814_0900Z.polarimeter07.20060814_0900z.zip
20060814,0900Z,1.1168,0.5564149022102356,1.0071353149668676,0.5603850977897644,ss450-g5nr.leV120.GRASP.example_20060814_0900Z.polarimeter07.20060814_0900z.zip
20060814,0900Z,1.1396,0.529685378074646,1.1514658458995666,0.609914621925354,ss450-g5nr.leV120.GRASP.example_20060814_0900Z.polarimeter07.20060814_0900z.zip
20060814,0900Z,1.1714,0.5073550343513489,1.3088368512941428,0.6640449656486511,ss450-g5nr.leV120.GRASP.example_20060814_0900Z.polarimeter07.20060814_0900z.zip
20060814,0900Z,1.2978,0.4689006507396698,1.767750477532455,0.8288993492603303,ss450-g5nr.leV120.GRASP.example_20060814_0900Z.polarimeter07.20060814_0900z.zip
20060814,0900Z,1.3029,0.460726797580719,1.8279232005638502,0.842173202419281,ss450-g5nr.leV120.GRASP.example_20060814_0900Z.polarimeter07.20060814_0900z.zip
20060814,0900Z,1.0631,0.5148036479949951,1.0650591815742831,0.5482963520050048,ss450-g5nr.leV120.GRASP.example_20060814_0900Z.polarimeter07.20060814_0900z.zip
20060814,0900Z,1.1761,0.4738132953643799,1.4822013470422684,0.70228670463562,ss450-g5nr.leV120.GRASP.example_20060814_0900Z.polarimeter07.20060814_0900z.zip
20060814,0900Z,1.1801,0.46538418531417847,1.5357544094527418,0.7147158146858215,ss450-g5nr.leV120.GRASP.example_20060814_0900Z.polarimeter07.20060814_0900z.zip
20060814,0900Z,1.1205,0.47546011209487915,1.3566645686913095,0.6450398879051209,ss450-g5nr.leV120.GRASP.example_20060814_0900Z.polarimeter07.20060814_0900z.zip
20060814,0900Z,1.1245,0.4670334458351135,1.4077504727509507,0.6574665541648865,ss450-g5nr.leV120.GRASP.example_20060814_0900Z.polarimeter07.20060814_0900z.zip
20060814,0900Z,1.0924,0.47726553678512573,1.2888725788969335,0.6151344632148743,ss450-g5nr.leV120.GRASP.example_20060814_0900Z.polarimeter07.20060814_0900z.zip
20060814,0900Z,1.0968,0.4689207673072815,1.338987898314327,0.6278792326927185,ss450-g5nr.leV120.GRASP.example_20060814_0900Z.polarimeter07.20060814_0900z.zip
20060814,0900Z,1.0912,0.47327178716659546,1.3056519099370882,0.6179282128334045,ss450-g5nr.leV120.GRASP.example_20060814_0900Z.polarimeter07.20060814_0900z.zip
20060814,0900Z,1.0947,0.4649389386177063,1.3545027294436003,0.6297610613822937,ss450-g5nr.leV120.GRASP.example_20060814_0900Z.polarimeter07.20060814_0900z.zip
20060814,0900Z,1.0981,0.45865824818611145,1.3941573150439017,0.6394417518138886,ss450-g5nr.leV120.GRASP.example_20060814_0900Z.polarimeter07.20060814_0900z.zip
20060814,0900Z,1.1021,0.4502820074558258,1.4475772554783235,0.6518179925441743,ss450-g5nr.leV120.GRASP.example_20060814_0900Z.polarimeter07.20060814_0900z.zip
20060814,0900Z,1.0265,0.4882316291332245,1.1024856620255903,0.5382683708667755,ss450-g5nr.leV120.GRASP.example_20060814_0900Z.polarimeter07.20060814_0900z.zip
20060814,0900Z,1.1163,0.4414650797843933,1.5286258214244006,0.6748349202156068,ss450-g5nr.leV120.GRASP.example_20060814_0900Z.polarimeter07.20060814_0900z.zip
20060814,0900Z,1.1179,0.43300655484199524,1.5817161137616573,0.6848934451580047,ss450-g5nr.leV120.GRASP.example_20060814_0900Z.polarimeter07.20060814_0900z.zip
20060814,0900Z,0.99829,0.4738461375236511,1.1067809167277898,0.5244438624763489,ss450-g5nr.leV120.GRASP.example_20060814_0900Z.polarimeter07.20060814_0900z.zip
20060814,0900Z,1.0802,0.4271099865436554,1.5290909462019606,0.6530900134563447,ss450-g5nr.leV120.GRASP.example_20060814_0900Z.polarimeter07.20060814_0900z.zip
20060814,0900Z,1.0814,0.41860440373420715,1.5833459714070155,0.6627955962657928,ss450-g5nr.leV120.GRASP.example_20060814_0900Z.polarimeter07.20060814_0900z.zip
20060814,0900Z,1.0604,0.41673994064331055,1.5445125282762393,0.6436600593566895,ss450-g5nr.leV120.GRASP.example_20060814_0900Z.polarimeter07.20060814_0900z.zip
20060814,0900Z,1.0628,0.40828773379325867,1.6030662007058025,0.6545122662067413,ss450-g5nr.leV120.GRASP.example_20060814_0900Z.polarimeter07.20060814_0900z.zip
20060801,0300Z,1.1245,0.5651147961616516,0.9898611886253563,0.5593852038383484,ss450-g5nr.leV120.GRASP.example_20060801_0300Z.polarimeter07.20060801_0300z.zip
20060801,0300Z,1.128,0.5669258832931519,0.9896780747558884,0.561074116706848,ss450-g5nr.leV120.GRASP.example_20060801_0300Z.polarimeter07.20060801_0300z.zip
20060801,0300Z,3.0474,0.3908131420612335,6.797588340881654,2.6565868579387666,ss450-g5nr.leV120.GRASP.example_20060801_0300Z.polarimeter07.20060801_0300z.zip
20060801,0300Z,2.8283,0.39053934812545776,6.24203595252438,2.4377606518745423,ss450-g5nr.leV120.GRASP.example_20060801_0300Z.polarimeter07.20060801_0300z.zip
20060801,0300Z,2.6678,0.3901633322238922,5.837649209098675,2.277636667776108,ss450-g5nr.leV120.GRASP.example_20060801_0300Z.polarimeter07.20060801_0300z.zip
20060801,0300Z,2.4106,0.3877500295639038,5.216891853525229,2.0228499704360963,ss450-g5nr.leV120.GRASP.example_20060801_0300Z.polarimeter07.20060801_0300z.zip
20060801,0300Z,2.3245,0.3852255642414093,5.03412705638431,1.9392744357585907,ss450-g5nr.leV120.GRASP.example_20060801_0300Z.polarimeter07.20060801_0300z.zip
20060801,0300Z,2.2886,0.3817932605743408,4.994343631307697,1.9068067394256594,ss450-g5nr.leV120.GRASP.example_20060801_0300Z.polarimeter07.20060801_0300z.zip
20060801,0300Z,2.2896,0.3833913505077362,4.971965713279178,1.9062086494922639,ss450-g5nr.leV120.GRASP.example_20060801_0300Z.polarimeter07.20060801_0300z.zip
20060801,0300Z,2.282,0.3847944140434265,4.9304395196923565,1.8972055859565735,ss450-g5nr.leV120.GRASP.example_20060801_0300Z.polarimeter07.20060801_0300z.zip
20060801,0300Z,4.8966,0.3966575860977173,11.344652344033864,4.499942413902283,ss450-g5nr.leV120.GRASP.example_20060801_0300Z.polarimeter07.20060801_0300z.zip
20060801,0300Z,4.5522,0.3958907127380371,10.49862791303269,4.156309287261963,ss450-g5nr.leV120.GRASP.example_20060801_0300Z.polarimeter07.20060801_0300z.zip
20060801,0300Z,4.2738,0.3948003649711609,9.825217956199683,3.8789996350288387,ss450-g5nr.leV120.GRASP.example_20060801_0300Z.polarimeter07.20060801_0300z.zip
20060801,0300Z,3.404,0.38963642716407776,7.736349485533495,3.014363572835922,ss450-g5nr.leV120.GRASP.example_20060801_0300Z.polarimeter07.20060801_0300z.zip
20060801,0300Z,3.1134,0.3856595754623413,7.072922852408252,2.7277404245376586,ss450-g5nr.leV120.GRASP.example_20060801_0300Z.polarimeter07.20060801_0300z.zip
20060801,0300Z,2.8904,0.3803820013999939,6.598677091350007,2.510017998600006,ss450-g5nr.leV120.GRASP.example_20060801_0300Z.polarimeter07.20060801_0300z.zip
20060801,0300Z,2.5365,0.3801787495613098,5.671861599121152,2.1563212504386904,ss450-g5nr.leV120.GRASP.example_20060801_0300Z.polarimeter07.20060801_0300z.zip
20060801,0300Z,2.4975,0.38156402111053467,5.545428451904545,2.1159359788894654,ss450-g5nr.leV120.GRASP.example_20060801_0300Z.polarimeter07.20060801_0300z.zip
20060801,0300Z,1.116,0.5682268738746643,0.9640042583522016,0.5477731261253358,ss450-g5nr.leV120.GRASP.example_20060801_0300Z.polarimeter07.20060801_0300z.zip
20060801,0300Z,5.6311,0.3998185396194458,13.084139283185262,5.231281460380554,ss450-g5nr.leV120.GRASP.example_20060801_0300Z.polarimeter07.20060801_0300z.zip
20060801,0300Z,5.1943,0.3994626998901367,12.00321657423478,4.794837300109863,ss450-g5nr.leV120.GRASP.example_20060801_0300Z.polarimeter07.20060801_0300z.zip
20060801,0300Z,4.8072,0.39899200201034546,11.048361811210828,4.4082079979896545,ss450-g5nr.leV120.GRASP.example_20060801_0300Z.polarimeter07.20060801_0300z.zip
20060801,0300Z,3.7675,0.3961201012134552,8.511004335449835,3.371379898786545,ss450-g5nr.leV120.GRASP.example_20060801_0300Z.polarimeter07.20060801_0300z.zip
20060801,0300Z,3.499,0.39306145906448364,7.90191576739141,3.1059385409355165,ss450-g5nr.leV120.GRASP.example_20060801_0300Z.polarimeter07.20060801_0300z.zip
20060801,0300Z,3.1829,0.3889540433883667,7.183228980658536,2.7939459566116334,ss450-g5nr.leV120.GRASP.example_20060801_0300Z.polarimeter07.20060801_0300z.zip
20060801,0300Z,2.6348,0.38904333114624023,5.7725103839643666,2.2457566688537596,ss450-g5nr.leV120.GRASP.example_20060801_0300Z.polarimeter07.20060801_0300z.zip
20060801,0300Z,2.6011,0.39030641317367554,5.664251245194331,2.2107935868263247,ss450-g5nr.leV120.GRASP.example_20060801_0300Z.polarimeter07.20060801_0300z.zip
20060801,0300Z,5.92,0.3743929862976074,14.812262025908128,5.5456070137023925,ss450-g5nr.leV120.GRASP.example_20060801_0300Z.polarimeter07.20060801_0300z.zip
20060801,0300Z,5.448,0.3739610016345978,13.568364017067514,5.074038998365403,ss450-g5nr.leV120.GRASP.example_20060801_0300Z.polarimeter07.20060801_0300z.zip
20060801,0300Z,5.0058,0.37336963415145874,12.407089227747372,4.632430365848541,ss450-g5nr.leV120.GRASP.example_20060801_0300Z.polarimeter07.20060801_0300z.zip
20060801,0300Z,3.8921,0.37008407711982727,9.516799399450521,3.522015922880173,ss450-g5nr.leV120.GRASP.example_20060801_0300Z.polarimeter07.20060801_0300z.zip
20060801,0300Z,3.6083,0.3672894835472107,8.824130996487396,3.241010516452789,ss450-g5nr.leV120.GRASP.example_20060801_0300Z.polarimeter07.20060801_0300z.zip
20060801,0300Z,3.251,0.36343780159950256,7.945134451320788,2.8875621984004973,ss450-g5nr.leV120.GRASP.example_20060801_0300Z.polarimeter07.20060801_0300z.zip
20060801,0300Z,2.6297,0.36448991298675537,6.214740123948387,2.2652100870132448,ss450-g5nr.leV120.GRASP.example_20060801_0300Z.polarimeter07.20060801_0300z.zip
20060801,0300Z,2.5956,0.3658580183982849,6.09455545449969,2.229741981601715,ss450-g5nr.leV120.GRASP.example_20060801_0300Z.polarimeter07.20060801_0300z.zip
20060801,0300Z,5.3631,0.4117901027202606,12.023868141977392,4.95130989727974,ss450-g5nr.leV120.GRASP.example_20060801_0300Z.polarimeter07.20060801_0300z.zip
20060801,0300Z,4.9565,0.4114001393318176,11.047881189467223,4.5450998606681825,ss450-g5nr.leV120.GRASP.example_20060801_0300Z.polarimeter07.20060801_0300z.zip
20060801,0300Z,4.6123,0.41088682413101196,10.225232178604395,4.201413175868988,ss450-g5nr.leV120.GRASP.example_20060801_0300Z.polarimeter07.20060801_0300z.zip
20060801,0300Z,3.6479,0.40803804993629456,7.940097622193648,3.2398619500637054,ss450-g5nr.leV120.GRASP.example_20060801_0300Z.polarimeter07.20060801_0300z.zip
20060801,0300Z,3.4142,0.40514233708381653,7.427161734256533,3.0090576629161836,ss450-g5nr.leV120.GRASP.example_20060801_0300Z.polarimeter07.20060801_0300z.zip
20060801,0300Z,3.1272,0.401180624961853,6.794992592918353,2.726019375038147,ss450-g5nr.leV120.GRASP.example_20060801_0300Z.polarimeter07.20060801_0300z.zip
20060801,0300Z,2.6244,0.40263473987579346,5.518066475857465,2.2217652601242066,ss450-g5nr.leV120.GRASP.example_20060801_0300Z.polarimeter07.20060801_0300z.zip
20060801,0300Z,2.5926,0.40416595339775085,5.4146917329489925,2.188434046602249,ss450-g5nr.leV120.GRASP.example_20060801_0300Z.polarimeter07.20060801_0300z.zip
20060801,0300Z,6.0241,0.4169522523880005,13.44793730096988,5.607147747611999,ss450-g5nr.leV120.GRASP.example_20060801_0300Z.polarimeter07.20060801_0300z.zip
20060801,0300Z,5.5462,0.4165882468223572,12.313385680717554,5.129611753177643,ss450-g5nr.leV120.GRASP.example_20060801_0300Z.polarimeter07.20060801_0300z.zip
20060801,0300Z,5.0614,0.4161090850830078,11.163637328395085,4.645290914916992,ss450-g5nr.leV120.GRASP.example_20060801_0300Z.polarimeter07.20060801_0300z.zip
20060801,0300Z,3.8818,0.4132840037345886,8.39257257702356,3.4685159962654115,ss450-g5nr.leV120.GRASP.example_20060801_0300Z.polarimeter07.20060801_0300z.zip
20060801,0300Z,3.6014,0.41061192750930786,7.77081194851156,3.190788072490692,ss450-g5nr.leV120.GRASP.example_20060801_0300Z.polarimeter07.20060801_0300z.zip
20060801,0300Z,3.2722,0.4066130518913269,7.0474544158866355,2.8655869481086733,ss450-g5nr.leV120.GRASP.example_20060801_0300Z.polarimeter07.20060801_0300z.zip
20060801,0300Z,2.6333,0.4078404903411865,5.456690942571848,2.2254595096588137,ss450-g5nr.leV120.GRASP.example_20060801_0300Z.polarimeter07.20060801_0300z.zip
20060801,0300Z,2.597,0.40933045744895935,5.344507115803441,2.1876695425510406,ss450-g5nr.leV120.GRASP.example_20060801_0300Z.polarimeter07.20060801_0300z.zip
20060801,0300Z,5.8004,0.38010090589523315,14.260158315957181,5.420299094104767,ss450-g5nr.leV120.GRASP.example_20060801_0300Z.polarimeter07.20060801_0300z.zip
20060801,0300Z,5.3359,0.3797461688518524,13.051227998251788,4.956153831148147,ss450-g5nr.leV120.GRASP.example_20060801_0300Z.polarimeter07.20060801_0300z.zip
20060801,0300Z,4.9284,0.3792504072189331,11.995107997748148,4.549149592781067,ss450-g5nr.leV120.GRASP.example_20060801_0300Z.polarimeter07.20060801_0300z.zip
20060801,0300Z,3.835,0.3764159381389618,9.188197712776523,3.458584061861038,ss450-g5nr.leV120.GRASP.example_20060801_0300Z.polarimeter07.20060801_0300z.zip
20060801,0300Z,3.5711,0.37369826436042786,8.556105394580355,3.197401735639572,ss450-g5nr.leV120.GRASP.example_20060801_0300Z.polarimeter07.20060801_0300z.zip
20060801,0300Z,3.2386,0.36990973353385925,7.755108899300047,2.8686902664661407,ss450-g5nr.leV120.GRASP.example_20060801_0300Z.polarimeter07.20060801_0300z.zip
20060801,0300Z,2.6409,0.3706509470939636,6.125032380749606,2.270249052906036,ss450-g5nr.leV120.GRASP.example_20060801_0300Z.polarimeter07.20060801_0300z.zip
20060801,0300Z,2.6057,0.3720322847366333,6.003962040134797,2.233667715263367,ss450-g5nr.leV120.GRASP.example_20060801_0300Z.polarimeter07.20060801_0300z.zip
20060801,0300Z,5.8911,0.40887022018432617,13.408239360998666,5.482229779815674,ss450-g5nr.leV120.GRASP.example_20060801_0300Z.polarimeter07.20060801_0300z.zip
20060801,0300Z,5.4062,0.40846991539001465,12.235246455881727,4.9977300846099855,ss450-g5nr.leV120.GRASP.example_20060801_0300Z.polarimeter07.20060801_0300z.zip
20060801,0300Z,5.002,0.4079713821411133,11.260663906739069,4.5940286178588865,ss450-g5nr.leV120.GRASP.example_20060801_0300Z.polarimeter07.20060801_0300z.zip
20060801,0300Z,3.8729,0.4053637981414795,8.554133886046445,3.4675362018585205,ss450-g5nr.leV120.GRASP.example_20060801_0300Z.polarimeter07.20060801_0300z.zip
20060801,0300Z,3.582,0.40264806151390076,7.896106407496854,3.179351938486099,ss450-g5nr.leV120.GRASP.example_20060801_0300Z.polarimeter07.20060801_0300z.zip
20060801,0300Z,3.2717,0.3986906409263611,7.206111867582789,2.873009359073639,ss450-g5nr.leV120.GRASP.example_20060801_0300Z.polarimeter07.20060801_0300z.zip
20060801,0300Z,2.6571,0.3994935154914856,5.651171788686093,2.257606484508514,ss450-g5nr.leV120.GRASP.example_20060801_0300Z.polarimeter07.20060801_0300z.zip
20060801,0300Z,2.621,0.4009067416191101,5.537680033552881,2.22009325838089,ss450-g5nr.leV120.GRASP.example_20060801_0300Z.polarimeter07.20060801_0300z.zip
20060801,0300Z,5.3718,0.42148077487945557,11.745065303479969,4.950319225120545,ss450-g5nr.leV120.GRASP.example_20060801_0300Z.polarimeter07.20060801_0300z.zip
20060801,0300Z,4.969,0.4210650622844696,10.801026599169528,4.547934937715531,ss450-g5nr.leV120.GRASP.example_20060801_0300Z.polarimeter07.20060801_0300z.zip
20060801,0300Z,4.6487,0.4204941391944885,10.055326499687231,4.228205860805511,ss450-g5nr.leV120.GRASP.example_20060801_0300Z.polarimeter07.20060801_0300z.zip
20060801,0300Z,3.6545,0.4172086715698242,7.759405662037831,3.237291328430176,ss450-g5nr.leV120.GRASP.example_20060801_0300Z.polarimeter07.20060801_0300z.zip
20060801,0300Z,3.3748,0.414054274559021,7.150622291230427,2.960745725440979,ss450-g5nr.leV120.GRASP.example_20060801_0300Z.polarimeter07.20060801_0300z.zip
20060801,0300Z,3.138,0.4095710217952728,6.661674857379322,2.728428978204727,ss450-g5nr.leV120.GRASP.example_20060801_0300Z.polarimeter07.20060801_0300z.zip
20060801,0300Z,2.6948,0.4095863997936249,5.579320019799993,2.285213600206375,ss450-g5nr.leV120.GRASP.example_20060801_0300Z.polarimeter07.20060801_0300z.zip
20060801,0300Z,2.661,0.41095107793807983,5.475223312106622,2.25004892206192,ss450-g5nr.leV120.GRASP.example_20060801_0300Z.polarimeter07.20060801_0300z.zip
20060801,1300Z,1.0303,0.5233392715454102,0.9687037759607552,0.5069607284545898,ss450-g5nr.leV120.GRASP.example_20060801_1300Z.polarimeter07.20060801_1300z.zip
20060801,1300Z,1.0217,0.5131542682647705,0.9910191986804968,0.5085457317352295,ss450-g5nr.leV120.GRASP.example_20060801_1300Z.polarimeter07.20060801_1300z.zip
20060801,1300Z,1.0874,0.519196093082428,1.0943917230659197,0.5682039069175719,ss450-g5nr.leV120.GRASP.example_20060801_1300Z.polarimeter07.20060801_1300z.zip
20060801,1300Z,1.079,0.5090667009353638,1.1195650747091404,0.5699332990646362,ss450-g5nr.leV120.GRASP.example_20060801_1300Z.polarimeter07.20060801_1300z.zip
20060809,1400Z,1.1676,0.647092878818512,0.8043777612448011,0.520507121181488,ss450-g5nr.leV120.GRASP.example_20060809_1400Z.polarimeter07.20060809_1400z.zip
20060809,1400Z,1.1629,0.6366214156150818,0.8266743334049577,0.5262785843849183,ss450-g5nr.leV120.GRASP.example_20060809_1400Z.polarimeter07.20060809_1400z.zip
20060809,1400Z,1.2397,0.6495054364204407,0.9086830232434144,0.5901945635795594,ss450-g5nr.leV120.GRASP.example_20060809_1400Z.polarimeter07.20060809_1400z.zip
20060809,1400Z,1.2351,0.638907790184021,0.9331428086739422,0.5961922098159791,ss450-g5nr.leV120.GRASP.example_20060809_1400Z.polarimeter07.20060809_1400z.zip
20060809,1400Z,1.223,0.6440469026565552,0.8989300235051014,0.5789530973434449,ss450-g5nr.leV120.GRASP.example_20060809_1400Z.polarimeter07.20060809_1400z.zip
20060809,1400Z,1.2188,0.633480429649353,0.9239741955006184,0.5853195703506471,ss450-g5nr.leV120.GRASP.example_20060809_1400Z.polarimeter07.20060809_1400z.zip
20060809,1200Z,1.2578,1.8167572021484375,-0.30766753063504193,0.5589572021484375,ss450-g5nr.leV120.GRASP.example_20060809_1200Z.polarimeter07.20060809_1200z.zip
20060809,1200Z,1.1674,1.6933808326721191,-0.31060988911875925,0.5259808326721191,ss450-g5nr.leV120.GRASP.example_20060809_1200Z.polarimeter07.20060809_1200z.zip
20060809,1200Z,1.3662,2.089137077331543,-0.3460457837716189,0.7229370773315429,ss450-g5nr.leV120.GRASP.example_20060809_1200Z.polarimeter07.20060809_1200z.zip
20060809,1200Z,1.26,1.947075605392456,-0.3528756682532458,0.687075605392456,ss450-g5nr.leV120.GRASP.example_20060809_1200Z.polarimeter07.20060809_1200z.zip
20060809,1200Z,1.1451,1.7484822273254395,-0.3450891395381246,0.6033822273254394,ss450-g5nr.leV120.GRASP.example_20060809_1200Z.polarimeter07.20060809_1200z.zip
20060809,1200Z,1.8706,2.5855674743652344,-0.2765224583979427,0.7149674743652343,ss450-g5nr.leV120.GRASP.example_20060809_1200Z.polarimeter07.20060809_1200z.zip
20060809,1200Z,1.7501,2.4103848934173584,-0.2739333851703783,0.6602848934173584,ss450-g5nr.leV120.GRASP.example_20060809_1200Z.polarimeter07.20060809_1200z.zip
20060809,1200Z,1.5891,2.165463447570801,-0.26616170696271074,0.5763634475708008,ss450-g5nr.leV120.GRASP.example_20060809_1200Z.polarimeter07.20060809_1200z.zip
20060809,1200Z,1.718,2.3384077548980713,-0.26531204987605517,0.6204077548980713,ss450-g5nr.leV120.GRASP.example_20060809_1200Z.polarimeter07.20060809_1200z.zip
20060809,1200Z,1.6285,2.1803512573242188,-0.25310199696972874,0.5518512573242187,ss450-g5nr.leV120.GRASP.example_20060809_1200Z.polarimeter07.20060809_1200z.zip
20060809,1200Z,1.4136,1.959373116493225,-0.27854476102541353,0.5457731164932251,ss450-g5nr.leV120.GRASP.example_20060809_1200Z.polarimeter07.20060809_1200z.zip
20060809,1200Z,1.4994,2.1115031242370605,-0.2898897554121445,0.6121031242370605,ss450-g5nr.leV120.GRASP.example_20060809_1200Z.polarimeter07.20060809_1200z.zip
20060809,1200Z,1.3873,1.9691057205200195,-0.2954669799884442,0.5818057205200196,ss450-g5nr.leV120.GRASP.example_20060809_1200Z.polarimeter07.20060809_1200z.zip
20060809,1200Z,1.2528,1.7700276374816895,-0.2922144414748101,0.5172276374816895,ss450-g5nr.leV120.GRASP.example_20060809_1200Z.polarimeter07.20060809_1200z.zip
20060809,1200Z,1.399,1.9754478931427002,-0.29180617476355747,0.5764478931427002,ss450-g5nr.leV120.GRASP.example_20060809_1200Z.polarimeter07.20060809_1200z.zip
20060809,1200Z,1.2958,1.8424949645996094,-0.2967144958892254,0.5466949645996093,ss450-g5nr.leV120.GRASP.example_20060809_1200Z.polarimeter07.20060809_1200z.zip
20060809,1200Z,1.3844,1.9630308151245117,-0.2947639999669644,0.5786308151245116,ss450-g5nr.leV120.GRASP.example_20060809_1200Z.polarimeter07.20060809_1200z.zip
20060809,1200Z,1.2816,1.8310141563415527,-0.3000600265370457,0.5494141563415527,ss450-g5nr.leV120.GRASP.example_20060809_1200Z.polarimeter07.20060809_1200z.zip
20060809,1200Z,1.3736,2.0160367488861084,-0.3186632134761753,0.6424367488861085,ss450-g5nr.leV120.GRASP.example_20060809_1200Z.polarimeter07.20060809_1200z.zip
20060809,1200Z,1.2348,1.8804606199264526,-0.34335237498975407,0.6456606199264527,ss450-g5nr.leV120.GRASP.example_20060809_1200Z.polarimeter07.20060809_1200z.zip
20060809,1200Z,1.1675,1.6909087896347046,-0.30954288773185645,0.5234087896347046,ss450-g5nr.leV120.GRASP.example_20060809_1200Z.polarimeter07.20060809_1200z.zip
20060809,1200Z,1.3664,2.0361568927764893,-0.328931869225074,0.6697568927764892,ss450-g5nr.leV120.GRASP.example_20060809_1200Z.polarimeter07.20060809_1200z.zip
20060809,1200Z,1.2658,1.8993594646453857,-0.33356480247074904,0.6335594646453857,ss450-g5nr.leV120.GRASP.example_20060809_1200Z.polarimeter07.20060809_1200z.zip
20060809,1200Z,1.144,1.7080836296081543,-0.3302435664333127,0.5640836296081544,ss450-g5nr.leV120.GRASP.example_20060809_1200Z.polarimeter07.20060809_1200z.zip
20060809,1200Z,1.3968,1.9784038066864014,-0.29397628771272977,0.5816038066864013,ss450-g5nr.leV120.GRASP.example_20060809_1200Z.polarimeter07.20060809_1200z.zip
20060809,1200Z,1.2938,1.845731258392334,-0.29903121371692876,0.5519312583923339,ss450-g5nr.leV120.GRASP.example_20060809_1200Z.polarimeter07.20060809_1200z.zip
20060809,1200Z,1.1589,1.660212516784668,-0.3019568348728989,0.5013125167846679,ss450-g5nr.leV120.GRASP.example_20060809_1200Z.polarimeter07.20060809_1200z.zip
20060809,1200Z,1.4996,2.050154209136963,-0.2685428279898639,0.5505542091369628,ss450-g5nr.leV120.GRASP.example_20060809_1200Z.polarimeter07.20060809_1200z.zip
20060809,1200Z,1.4109,1.9127745628356934,-0.2623804041453076,0.5018745628356933,ss450-g5nr.leV120.GRASP.example_20060809_1200Z.polarimeter07.20060809_1200z.zip
20060804,0100Z,3.1165,5.839075565338135,-0.4662682534029637,2.722575565338135,ss450-g5nr.leV120.GRASP.example_20060804_0100Z.polarimeter07.20060804_0100z.zip
20060804,0100Z,2.9816,5.490388870239258,-0.4569419269804711,2.508788870239258,ss450-g5nr.leV120.GRASP.example_20060804_0100Z.polarimeter07.20060804_0100z.zip
20060804,0100Z,2.7394,4.999284744262695,-0.452041613924111,2.2598847442626955,ss450-g5nr.leV120.GRASP.example_20060804_0100Z.polarimeter07.20060804_0100z.zip
20060804,0100Z,1.9817,3.3360891342163086,-0.40598109934328014,1.3543891342163086,ss450-g5nr.leV120.GRASP.example_20060804_0100Z.polarimeter07.20060804_0100z.zip
20060804,0100Z,1.5153,2.460594415664673,-0.3841731939431892,0.9452944156646728,ss450-g5nr.leV120.GRASP.example_20060804_0100Z.polarimeter07.20060804_0100z.zip
20060804,0100Z,1.0024,1.5681015253067017,-0.3607556756862776,0.5657015253067017,ss450-g5nr.leV120.GRASP.example_20060804_0100Z.polarimeter07.20060804_0100z.zip
20060804,1600Z,0.94548,0.3539099395275116,1.671527115803149,0.5915700604724884,ss450-g5nr.leV120.GRASP.example_20060804_1600Z.polarimeter07.20060804_1600z.zip
20060804,1600Z,0.95407,0.3502747714519501,1.7237759546461575,0.6037952285480499,ss450-g5nr.leV120.GRASP.example_20060804_1600Z.polarimeter07.20060804_1600z.zip
20060804,1600Z,0.95562,0.3496956527233124,1.7327191303579332,0.6059243472766876,ss450-g5nr.leV120.GRASP.example_20060804_1600Z.polarimeter07.20060804_1600z.zip
20060804,1600Z,0.97678,0.3506336212158203,1.7857568153704722,0.6261463787841797,ss450-g5nr.leV120.GRASP.example_20060804_1600Z.polarimeter07.20060804_1600z.zip
20060804,1600Z,1.0056,0.3500165343284607,1.8730071335896668,0.6555834656715394,ss450-g5nr.leV120.GRASP.example_20060804_1600Z.polarimeter07.20060804_1600z.zip
20060804,1600Z,1.041,0.3539673089981079,1.9409495553318583,0.687032691001892,ss450-g5nr.leV120.GRASP.example_20060804_1600Z.polarimeter07.20060804_1600z.zip
20060804,1600Z,1.1046,0.345536470413208,2.1967681983874807,0.759063529586792,ss450-g5nr.leV120.GRASP.example_20060804_1600Z.polarimeter07.20060804_1600z.zip
20060804,1600Z,1.0977,0.33920297026634216,2.236115530291748,0.7584970297336577,ss450-g5nr.leV120.GRASP.example_20060804_1600Z.polarimeter07.20060804_1600z.zip
20060804,1600Z,0.86452,0.3614709973335266,1.3916718253395963,0.5030490026664733,ss450-g5nr.leV120.GRASP.example_20060804_1600Z.polarimeter07.20060804_1600z.zip
20060804,1600Z,0.86287,0.35486164689064026,1.4315673659315333,0.5080083531093598,ss450-g5nr.leV120.GRASP.example_20060804_1600Z.polarimeter07.20060804_1600z.zip
20060804,1600Z,0.8914,0.37221115827560425,1.394877155563299,0.5191888417243957,ss450-g5nr.leV120.GRASP.example_20060804_1600Z.polarimeter07.20060804_1600z.zip
20060804,1600Z,0.88969,0.3654291331768036,1.4346444200154838,0.5242608668231964,ss450-g5nr.leV120.GRASP.example_20060804_1600Z.polarimeter07.20060804_1600z.zip
20060804,1600Z,0.93146,0.3776547312736511,1.466432756869284,0.5538052687263488,ss450-g5nr.leV120.GRASP.example_20060804_1600Z.polarimeter07.20060804_1600z.zip
20060804,1600Z,0.9301,0.37072378396987915,1.5088759885866116,0.5593762160301209,ss450-g5nr.leV120.GRASP.example_20060804_1600Z.polarimeter07.20060804_1600z.zip
20060804,1600Z,0.89528,0.38897383213043213,1.3016458333366534,0.5063061678695678,ss450-g5nr.leV120.GRASP.example_20060804_1600Z.polarimeter07.20060804_1600z.zip
20060804,1600Z,0.98337,0.37953972816467285,1.5909540610023838,0.6038302718353271,ss450-g5nr.leV120.GRASP.example_20060804_1600Z.polarimeter07.20060804_1600z.zip
20060804,1600Z,0.98284,0.37249866127967834,1.6385061267698544,0.6103413387203217,ss450-g5nr.leV120.GRASP.example_20060804_1600Z.polarimeter07.20060804_1600z.zip
20060804,1600Z,0.95178,0.37991392612457275,1.5052516755806258,0.5718660738754272,ss450-g5nr.leV120.GRASP.example_20060804_1600Z.polarimeter07.20060804_1600z.zip
20060804,1600Z,0.95125,0.3728739619255066,1.5511301327874496,0.5783760380744934,ss450-g5nr.leV120.GRASP.example_20060804_1600Z.polarimeter07.20060804_1600z.zip
20060804,1600Z,0.95294,0.38334211707115173,1.485873473232595,0.5695978829288483,ss450-g5nr.leV120.GRASP.example_20060804_1600Z.polarimeter07.20060804_1600z.zip
20060804,1600Z,0.95162,0.37622663378715515,1.529379673152979,0.5753933662128449,ss450-g5nr.leV120.GRASP.example_20060804_1600Z.polarimeter07.20060804_1600z.zip
20060804,1600Z,0.91866,0.38837745785713196,1.3653793015400424,0.5302825421428681,ss450-g5nr.leV120.GRASP.example_20060804_1600Z.polarimeter07.20060804_1600z.zip
20060804,1600Z,0.91675,0.3811878561973572,1.4049821763612518,0.5355621438026428,ss450-g5nr.leV120.GRASP.example_20060804_1600Z.polarimeter07.20060804_1600z.zip
20060804,1600Z,1.0148,0.4678017199039459,1.169295145405557,0.546998280096054,ss450-g5nr.leV120.GRASP.example_20060804_1600Z.polarimeter07.20060804_1600z.zip
20060804,1600Z,1.0131,0.45954596996307373,1.2045672603361233,0.5535540300369262,ss450-g5nr.leV120.GRASP.example_20060804_1600Z.polarimeter07.20060804_1600z.zip
20060804,1400Z,1.0918,0.520393431186676,1.098028019897024,0.5714065688133241,ss450-g5nr.leV120.GRASP.example_20060804_1400Z.polarimeter07.20060804_1400z.zip
20060804,1400Z,1.0872,0.5109702944755554,1.1277166437157944,0.5762297055244445,ss450-g5nr.leV120.GRASP.example_20060804_1400Z.polarimeter07.20060804_1400z.zip
20060804,1400Z,1.1628,0.5849450826644897,0.9878789213909057,0.5778549173355103,ss450-g5nr.leV120.GRASP.example_20060804_1400Z.polarimeter07.20060804_1400z.zip
20060804,1400Z,1.1581,0.5748291015625,1.0146857506901676,0.5832708984374999,ss450-g5nr.leV120.GRASP.example_20060804_1400Z.polarimeter07.20060804_1400z.zip
20060813,0800Z,1.43,0.48050516843795776,1.9760345859518882,0.9494948315620422,ss450-g5nr.leV120.GRASP.example_20060813_0800Z.polarimeter07.20060813_0800z.zip
20060813,0800Z,1.4307,0.4730135202407837,2.0246492727559118,0.9576864797592164,ss450-g5nr.leV120.GRASP.example_20060813_0800Z.polarimeter07.20060813_0800z.zip
20060813,0800Z,1.42,0.4649362564086914,2.054182117283153,0.9550637435913085,ss450-g5nr.leV120.GRASP.example_20060813_0800Z.polarimeter07.20060813_0800z.zip
20060813,0800Z,1.3896,0.43270328640937805,2.211438516058109,0.9568967135906219,ss450-g5nr.leV120.GRASP.example_20060813_0800Z.polarimeter07.20060813_0800z.zip
20060813,0800Z,1.3953,0.4104236364364624,2.3996580024357494,0.9848763635635376,ss450-g5nr.leV120.GRASP.example_20060813_0800Z.polarimeter07.20060813_0800z.zip
20060813,0800Z,1.404,0.38701730966567993,2.6277447156377263,1.01698269033432,ss450-g5nr.leV120.GRASP.example_20060813_0800Z.polarimeter07.20060813_0800z.zip
20060813,0800Z,1.5037,0.34743377566337585,3.3280190509080376,1.1562662243366242,ss450-g5nr.leV120.GRASP.example_20060813_0800Z.polarimeter07.20060813_0800z.zip
20060813,0800Z,1.5108,0.3420402705669403,3.417023754237509,1.1687597294330596,ss450-g5nr.leV120.GRASP.example_20060813_0800Z.polarimeter07.20060813_0800z.zip
20060813,1300Z,1.0948,1.6047286987304688,-0.31776629852378346,0.5099286987304688,ss450-g5nr.leV120.GRASP.example_20060813_1300Z.polarimeter07.20060813_1300z.zip
20060813,1300Z,1.0988,1.6456429958343506,-0.33229746501433505,0.5468429958343506,ss450-g5nr.leV120.GRASP.example_20060813_1300Z.polarimeter07.20060813_1300z.zip
20060813,1300Z,1.1534,1.68913996219635,-0.3171673006301619,0.5357399621963501,ss450-g5nr.leV120.GRASP.example_20060813_1300Z.polarimeter07.20060813_1300z.zip
20060813,1300Z,1.1973,1.7308987379074097,-0.3082784256648717,0.5335987379074096,ss450-g5nr.leV120.GRASP.example_20060813_1300Z.polarimeter07.20060813_1300z.zip
20060813,1300Z,1.1819,1.7511398792266846,-0.32506819471101583,0.5692398792266846,ss450-g5nr.leV120.GRASP.example_20060813_1300Z.polarimeter07.20060813_1300z.zip
20060813,1300Z,1.1042,1.6329164505004883,-0.32378659075817184,0.5287164505004882,ss450-g5nr.leV120.GRASP.example_20060813_1300Z.polarimeter07.20060813_1300z.zip
20060813,1300Z,1.2346,1.7681105136871338,-0.30174047920487523,0.5335105136871339,ss450-g5nr.leV120.GRASP.example_20060813_1300Z.polarimeter07.20060813_1300z.zip
20060813,1300Z,1.209,1.7919096946716309,-0.3253008209090858,0.5829096946716308,ss450-g5nr.leV120.GRASP.example_20060813_1300Z.polarimeter07.20060813_1300z.zip
20060813,1300Z,1.1101,1.6710302829742432,-0.3356793043725403,0.5609302829742431,ss450-g5nr.leV120.GRASP.example_20060813_1300Z.polarimeter07.20060813_1300z.zip
20060813,1300Z,1.2266,1.8313933610916138,-0.3302367333750314,0.6047933610916139,ss450-g5nr.leV120.GRASP.example_20060813_1300Z.polarimeter07.20060813_1300z.zip
20060813,1300Z,1.1394,1.7080259323120117,-0.3329141095312941,0.5686259323120118,ss450-g5nr.leV120.GRASP.example_20060813_1300Z.polarimeter07.20060813_1300z.zip
20060813,1300Z,1.3176,1.9281965494155884,-0.3166671725455853,0.6105965494155883,ss450-g5nr.leV120.GRASP.example_20060813_1300Z.polarimeter07.20060813_1300z.zip
20060813,1300Z,1.216,1.7984929084777832,-0.32387834599292153,0.5824929084777832,ss450-g5nr.leV120.GRASP.example_20060813_1300Z.polarimeter07.20060813_1300z.zip
20060813,1300Z,1.0972,1.6170971393585205,-0.32150025295620543,0.5198971393585206,ss450-g5nr.leV120.GRASP.example_20060813_1300Z.polarimeter07.20060813_1300z.zip
20060813,1300Z,1.1554,1.9675822257995605,-0.4127818472590219,0.8121822257995606,ss450-g5nr.leV120.GRASP.example_20060813_1300Z.polarimeter07.20060813_1300z.zip
20060813,1300Z,1.1395,1.8353025913238525,-0.37912145638172484,0.6958025913238526,ss450-g5nr.leV120.GRASP.example_20060813_1300Z.polarimeter07.20060813_1300z.zip
20060813,1300Z,0.95965,1.6502940654754639,-0.418497575628428,0.6906440654754639,ss450-g5nr.leV120.GRASP.example_20060813_1300Z.polarimeter07.20060813_1300z.zip
20060813,1300Z,1.4057,2.0009758472442627,-0.2974927698722974,0.5952758472442627,ss450-g5nr.leV120.GRASP.example_20060813_1300Z.polarimeter07.20060813_1300z.zip
20060813,1300Z,1.3099,1.8663334846496582,-0.29814258235532326,0.5564334846496581,ss450-g5nr.leV120.GRASP.example_20060813_1300Z.polarimeter07.20060813_1300z.zip
20060813,1300Z,1.169,1.6780245304107666,-0.30334749056747196,0.5090245304107666,ss450-g5nr.leV120.GRASP.example_20060813_1300Z.polarimeter07.20060813_1300z.zip
20060813,1300Z,1.4959,2.0909857749938965,-0.2845958026642403,0.5950857749938965,ss450-g5nr.leV120.GRASP.example_20060813_1300Z.polarimeter07.20060813_1300z.zip
20060813,1300Z,1.3871,1.9500445127487183,-0.2886829039380287,0.5629445127487183,ss450-g5nr.leV120.GRASP.example_20060813_1300Z.polarimeter07.20060813_1300z.zip
20060813,1300Z,1.2381,1.7529308795928955,-0.2936971934184085,0.5148308795928955,ss450-g5nr.leV120.GRASP.example_20060813_1300Z.polarimeter07.20060813_1300z.zip
20060813,1300Z,1.5018,2.1531190872192383,-0.30250026163690713,0.6513190872192383,ss450-g5nr.leV120.GRASP.example_20060813_1300Z.polarimeter07.20060813_1300z.zip
20060813,1300Z,1.3936,2.0081262588500977,-0.3060197316487413,0.6145262588500977,ss450-g5nr.leV120.GRASP.example_20060813_1300Z.polarimeter07.20060813_1300z.zip
20060813,1300Z,1.2542,1.8053340911865234,-0.30528094155929913,0.5511340911865235,ss450-g5nr.leV120.GRASP.example_20060813_1300Z.polarimeter07.20060813_1300z.zip
20060813,1300Z,1.4847,2.192661762237549,-0.32287778007087337,0.7079617622375489,ss450-g5nr.leV120.GRASP.example_20060813_1300Z.polarimeter07.20060813_1300z.zip
20060813,1300Z,1.3748,2.044908046722412,-0.32769593126520496,0.6701080467224121,ss450-g5nr.leV120.GRASP.example_20060813_1300Z.polarimeter07.20060813_1300z.zip
20060813,1300Z,1.2459,1.8382577896118164,-0.3222386941370743,0.5923577896118164,ss450-g5nr.leV120.GRASP.example_20060813_1300Z.polarimeter07.20060813_1300z.zip
20060813,1300Z,1.5569,2.245107412338257,-0.30653651961422007,0.6882074123382569,ss450-g5nr.leV120.GRASP.example_20060813_1300Z.polarimeter07.20060813_1300z.zip
20060813,1300Z,1.4441,2.093679666519165,-0.31025742710637294,0.6495796665191651,ss450-g5nr.leV120.GRASP.example_20060813_1300Z.polarimeter07.20060813_1300z.zip
20060813,1300Z,1.2995,1.8818960189819336,-0.3094730065357158,0.5823960189819335,ss450-g5nr.leV120.GRASP.example_20060813_1300Z.polarimeter07.20060813_1300z.zip
20060813,1300Z,1.5841,2.3405160903930664,-0.323183460903289,0.7564160903930663,ss450-g5nr.leV120.GRASP.example_20060813_1300Z.polarimeter07.20060813_1300z.zip
20060813,1300Z,1.4614,2.1825900077819824,-0.3304285299623811,0.7211900077819824,ss450-g5nr.leV120.GRASP.example_20060813_1300Z.polarimeter07.20060813_1300z.zip
20060813,1300Z,1.3252,1.9617154598236084,-0.32446879930325984,0.6365154598236085,ss450-g5nr.leV120.GRASP.example_20060813_1300Z.polarimeter07.20060813_1300z.zip
20060813,1300Z,1.6597,2.443992853164673,-0.32090636114140403,0.7842928531646729,ss450-g5nr.leV120.GRASP.example_20060813_1300Z.polarimeter07.20060813_1300z.zip
20060813,1300Z,1.5343,2.279247522354126,-0.32683923753252797,0.744947522354126,ss450-g5nr.leV120.GRASP.example_20060813_1300Z.polarimeter07.20060813_1300z.zip
20060813,1300Z,1.3916,2.0488171577453613,-0.32077882365481636,0.6572171577453614,ss450-g5nr.leV120.GRASP.example_20060813_1300Z.polarimeter07.20060813_1300z.zip
20060813,1300Z,1.697,2.508786201477051,-0.32357727453981955,0.8117862014770507,ss450-g5nr.leV120.GRASP.example_20060813_1300Z.polarimeter07.20060813_1300z.zip
20060813,1300Z,1.5791,2.339944362640381,-0.3251548946154635,0.7608443626403809,ss450-g5nr.leV120.GRASP.example_20060813_1300Z.polarimeter07.20060813_1300z.zip
20060813,1300Z,1.4317,2.103764533996582,-0.3194580587019602,0.6720645339965821,ss450-g5nr.leV120.GRASP.example_20060813_1300Z.polarimeter07.20060813_1300z.zip
20060813,1300Z,1.7313,2.567389726638794,-0.3256575026236456,0.8360897266387939,ss450-g5nr.leV120.GRASP.example_20060813_1300Z.polarimeter07.20060813_1300z.zip
20060813,1300Z,1.6172,2.395068645477295,-0.32477926966568404,0.777868645477295,ss450-g5nr.leV120.GRASP.example_20060813_1300Z.polarimeter07.20060813_1300z.zip
20060813,1300Z,1.4658,2.1539926528930664,-0.3194962861032708,0.6881926528930664,ss450-g5nr.leV120.GRASP.example_20060813_1300Z.polarimeter07.20060813_1300z.zip
20060813,1300Z,1.5332,2.6257123947143555,-0.4160822780566594,1.0925123947143556,ss450-g5nr.leV120.GRASP.example_20060813_1300Z.polarimeter07.20060813_1300z.zip
20060813,1300Z,1.3931,2.449765205383301,-0.4313332571877926,1.0566652053833008,ss450-g5nr.leV120.GRASP.example_20060813_1300Z.polarimeter07.20060813_1300z.zip
20060813,1300Z,1.2424,2.20359468460083,-0.4361939567733826,0.9611946846008301,ss450-g5nr.leV120.GRASP.example_20060813_1300Z.polarimeter07.20060813_1300z.zip
20060813,1300Z,0.73759,1.4045404195785522,-0.47485313365255666,0.6669504195785523,ss450-g5nr.leV120.GRASP.example_20060813_1300Z.polarimeter07.20060813_1300z.zip
20060813,1300Z,1.7764,2.6495795249938965,-0.32955399781627914,0.8731795249938965,ss450-g5nr.leV120.GRASP.example_20060813_1300Z.polarimeter07.20060813_1300z.zip
20060813,1300Z,1.6466,2.471632480621338,-0.33380063059129844,0.8250324806213378,ss450-g5nr.leV120.GRASP.example_20060813_1300Z.polarimeter07.20060813_1300z.zip
20060813,1300Z,1.5055,2.2226834297180176,-0.32266557627102277,0.7171834297180175,ss450-g5nr.leV120.GRASP.example_20060813_1300Z.polarimeter07.20060813_1300z.zip
20060813,1300Z,1.7845,2.6696338653564453,-0.33155627700215123,0.8851338653564453,ss450-g5nr.leV120.GRASP.example_20060813_1300Z.polarimeter07.20060813_1300z.zip
20060813,1300Z,1.662,2.489935874938965,-0.33251293066302756,0.8279358749389649,ss450-g5nr.leV120.GRASP.example_20060813_1300Z.polarimeter07.20060813_1300z.zip
20060813,1300Z,1.5178,2.2385501861572266,-0.32197186849515824,0.7207501861572265,ss450-g5nr.leV120.GRASP.example_20060813_1300Z.polarimeter07.20060813_1300z.zip
20060813,1300Z,1.8678,2.7038209438323975,-0.30919981803507335,0.8360209438323976,ss450-g5nr.leV120.GRASP.example_20060813_1300Z.polarimeter07.20060813_1300z.zip
20060813,1300Z,1.7268,2.5218241214752197,-0.3152575608683391,0.7950241214752198,ss450-g5nr.leV120.GRASP.example_20060813_1300Z.polarimeter07.20060813_1300z.zip
20060813,1300Z,1.5763,2.2672178745269775,-0.304742602062948,0.6909178745269775,ss450-g5nr.leV120.GRASP.example_20060813_1300Z.polarimeter07.20060813_1300z.zip
20060813,1300Z,1.9099,2.7341394424438477,-0.3014621089358633,0.8242394424438477,ss450-g5nr.leV120.GRASP.example_20060813_1300Z.polarimeter07.20060813_1300z.zip
20060813,1300Z,1.7037,2.550365447998047,-0.33197808912548255,0.8466654479980469,ss450-g5nr.leV120.GRASP.example_20060813_1300Z.polarimeter07.20060813_1300z.zip
20060813,1300Z,1.6202,2.293257474899292,-0.29349407219477136,0.6730574748992919,ss450-g5nr.leV120.GRASP.example_20060813_1300Z.polarimeter07.20060813_1300z.zip
20060813,1300Z,1.9338,2.7514123916625977,-0.2971609759918754,0.8176123916625977,ss450-g5nr.leV120.GRASP.example_20060813_1300Z.polarimeter07.20060813_1300z.zip
20060813,1300Z,1.8039,2.5667755603790283,-0.29721163476653045,0.7628755603790283,ss450-g5nr.leV120.GRASP.example_20060813_1300Z.polarimeter07.20060813_1300z.zip
20060813,1300Z,1.6248,2.308443546295166,-0.29614912930937787,0.683643546295166,ss450-g5nr.leV120.GRASP.example_20060813_1300Z.polarimeter07.20060813_1300z.zip
20060813,1300Z,1.9846,2.7625482082366943,-0.2816052968477428,0.7779482082366944,ss450-g5nr.leV120.GRASP.example_20060813_1300Z.polarimeter07.20060813_1300z.zip
20060813,1300Z,1.844,2.577301025390625,-0.2845228470273406,0.7333010253906249,ss450-g5nr.leV120.GRASP.example_20060813_1300Z.polarimeter07.20060813_1300z.zip
20060813,1300Z,1.6476,2.3181066513061523,-0.2892475421389051,0.6705066513061524,ss450-g5nr.leV120.GRASP.example_20060813_1300Z.polarimeter07.20060813_1300z.zip
20060813,1300Z,1.9503,2.775129556655884,-0.2972219998441546,0.8248295566558839,ss450-g5nr.leV120.GRASP.example_20060813_1300Z.polarimeter07.20060813_1300z.zip
20060813,1300Z,1.8105,2.589088201522827,-0.3007190720906626,0.7785882015228272,ss450-g5nr.leV120.GRASP.example_20060813_1300Z.polarimeter07.20060813_1300z.zip
20060813,1300Z,1.6383,2.3287758827209473,-0.29649735203981653,0.6904758827209472,ss450-g5nr.leV120.GRASP.example_20060813_1300Z.polarimeter07.20060813_1300z.zip
20060813,1300Z,1.9684,2.8143410682678223,-0.30058228471522264,0.8459410682678223,ss450-g5nr.leV120.GRASP.example_20060813_1300Z.polarimeter07.20060813_1300z.zip
20060813,1300Z,1.8318,2.6260266304016113,-0.30244424074258003,0.7942266304016112,ss450-g5nr.leV120.GRASP.example_20060813_1300Z.polarimeter07.20060813_1300z.zip
20060813,1300Z,1.6605,2.36250638961792,-0.2971447580852693,0.7020063896179198,ss450-g5nr.leV120.GRASP.example_20060813_1300Z.polarimeter07.20060813_1300z.zip
20060813,1300Z,2.0224,2.859889507293701,-0.29283981257241404,0.837489507293701,ss450-g5nr.leV120.GRASP.example_20060813_1300Z.polarimeter07.20060813_1300z.zip
20060813,1300Z,1.8734,2.668921947479248,-0.29806864461907745,0.7955219474792481,ss450-g5nr.leV120.GRASP.example_20060813_1300Z.polarimeter07.20060813_1300z.zip
20060813,1300Z,1.7038,2.401656150817871,-0.29057288262527503,0.6978561508178711,ss450-g5nr.leV120.GRASP.example_20060813_1300Z.polarimeter07.20060813_1300z.zip
20060813,1300Z,2.0135,2.875264883041382,-0.2997166932772569,0.8617648830413818,ss450-g5nr.leV120.GRASP.example_20060813_1300Z.polarimeter07.20060813_1300z.zip
20060813,1300Z,1.8736,2.683495044708252,-0.3018060518894319,0.809895044708252,ss450-g5nr.leV120.GRASP.example_20060813_1300Z.polarimeter07.20060813_1300z.zip
20060813,1300Z,1.7023,2.4150850772857666,-0.2951387029755664,0.7127850772857667,ss450-g5nr.leV120.GRASP.example_20060813_1300Z.polarimeter07.20060813_1300z.zip
20060813,1300Z,2.0074,2.8540520668029785,-0.2966491314755067,0.8466520668029784,ss450-g5nr.leV120.GRASP.example_20060813_1300Z.polarimeter07.20060813_1300z.zip
20060813,1300Z,1.8691,2.663883686065674,-0.2983552511031368,0.7947836860656738,ss450-g5nr.leV120.GRASP.example_20060813_1300Z.polarimeter07.20060813_1300z.zip
20060813,1300Z,1.6849,2.3976950645446777,-0.2972834515468452,0.7127950645446777,ss450-g5nr.leV120.GRASP.example_20060813_1300Z.polarimeter07.20060813_1300z.zip
20060813,1300Z,1.9127,2.7702760696411133,-0.3095633966011956,0.8575760696411132,ss450-g5nr.leV120.GRASP.example_20060813_1300Z.polarimeter07.20060813_1300z.zip
20060813,1300Z,1.7689,2.5855965614318848,-0.31586387977697655,0.8166965614318848,ss450-g5nr.leV120.GRASP.example_20060813_1300Z.polarimeter07.20060813_1300z.zip
20060813,1300Z,1.6112,2.327089786529541,-0.30763307487038094,0.715889786529541,ss450-g5nr.leV120.GRASP.example_20060813_1300Z.polarimeter07.20060813_1300z.zip
20060813,1300Z,1.5387,2.6694083213806152,-0.423580129096104,1.1307083213806153,ss450-g5nr.leV120.GRASP.example_20060813_1300Z.polarimeter07.20060813_1300z.zip
20060813,1300Z,1.6041,2.4913113117218018,-0.35612221866749755,0.8872113117218017,ss450-g5nr.leV120.GRASP.example_20060813_1300Z.polarimeter07.20060813_1300z.zip
20060813,1300Z,1.4575,2.242025136947632,-0.3499180825491148,0.7845251369476318,ss450-g5nr.leV120.GRASP.example_20060813_1300Z.polarimeter07.20060813_1300z.zip
20060813,1300Z,0.91514,1.4305598735809326,-0.3602924163465803,0.5154198735809327,ss450-g5nr.leV120.GRASP.example_20060813_1300Z.polarimeter07.20060813_1300z.zip
20060813,1300Z,1.793,2.5920886993408203,-0.30827984379702444,0.7990886993408204,ss450-g5nr.leV120.GRASP.example_20060813_1300Z.polarimeter07.20060813_1300z.zip
20060813,1300Z,1.6556,2.4190006256103516,-0.3155851294654931,0.7634006256103516,ss450-g5nr.leV120.GRASP.example_20060813_1300Z.polarimeter07.20060813_1300z.zip
20060813,1300Z,1.4949,2.1767351627349854,-0.3132375377619597,0.6818351627349855,ss450-g5nr.leV120.GRASP.example_20060813_1300Z.polarimeter07.20060813_1300z.zip
20060813,1300Z,1.7585,2.53739333152771,-0.30696594093228546,0.77889333152771,ss450-g5nr.leV120.GRASP.example_20060813_1300Z.polarimeter07.20060813_1300z.zip
20060813,1300Z,1.632,2.367856740951538,-0.3107691137833911,0.7358567409515382,ss450-g5nr.leV120.GRASP.example_20060813_1300Z.polarimeter07.20060813_1300z.zip
20060813,1300Z,1.4675,2.130568027496338,-0.31121654832843754,0.6630680274963379,ss450-g5nr.leV120.GRASP.example_20060813_1300Z.polarimeter07.20060813_1300z.zip
20060813,1300Z,1.7156,2.515324592590332,-0.3179409110641897,0.799724592590332,ss450-g5nr.leV120.GRASP.example_20060813_1300Z.polarimeter07.20060813_1300z.zip
20060813,1300Z,1.5839,2.347188949584961,-0.32519280125271915,0.7632889495849609,ss450-g5nr.leV120.GRASP.example_20060813_1300Z.polarimeter07.20060813_1300z.zip
20060813,1300Z,1.4319,2.1118650436401367,-0.3219737197165347,0.6799650436401368,ss450-g5nr.leV120.GRASP.example_20060813_1300Z.polarimeter07.20060813_1300z.zip
20060813,1300Z,1.7135,2.5112218856811523,-0.3176628438250392,0.7977218856811523,ss450-g5nr.leV120.GRASP.example_20060813_1300Z.polarimeter07.20060813_1300z.zip
20060813,1300Z,1.5861,2.3433637619018555,-0.3231524589623534,0.7572637619018554,ss450-g5nr.leV120.GRASP.example_20060813_1300Z.polarimeter07.20060813_1300z.zip
20060813,1300Z,1.4344,2.1084277629852295,-0.31968264448904027,0.6740277629852296,ss450-g5nr.leV120.GRASP.example_20060813_1300Z.polarimeter07.20060813_1300z.zip
20060813,1300Z,1.6912,2.4891209602355957,-0.32056335267855857,0.7979209602355957,ss450-g5nr.leV120.GRASP.example_20060813_1300Z.polarimeter07.20060813_1300z.zip
20060813,1300Z,1.5721,2.3228445053100586,-0.3232004999016701,0.7507445053100585,ss450-g5nr.leV120.GRASP.example_20060813_1300Z.polarimeter07.20060813_1300z.zip
20060813,1300Z,1.4153,2.090113878250122,-0.322859861977993,0.6748138782501221,ss450-g5nr.leV120.GRASP.example_20060813_1300Z.polarimeter07.20060813_1300z.zip
20060813,1300Z,1.6745,2.4567618370056152,-0.318411750468683,0.7822618370056151,ss450-g5nr.leV120.GRASP.example_20060813_1300Z.polarimeter07.20060813_1300z.zip
20060813,1300Z,1.5539,2.292746067047119,-0.32225377143431155,0.7388460670471191,ss450-g5nr.leV120.GRASP.example_20060813_1300Z.polarimeter07.20060813_1300z.zip
20060813,1300Z,1.4004,2.063171148300171,-0.3212390541842456,0.6627711483001708,ss450-g5nr.leV120.GRASP.example_20060813_1300Z.polarimeter07.20060813_1300z.zip
20060813,1300Z,1.671,2.425916910171509,-0.31118827978248326,0.7549169101715087,ss450-g5nr.leV120.GRASP.example_20060813_1300Z.polarimeter07.20060813_1300z.zip
20060813,1300Z,1.5643,2.263960838317871,-0.30904281844279646,0.6996608383178711,ss450-g5nr.leV120.GRASP.example_20060813_1300Z.polarimeter07.20060813_1300z.zip
20060813,1300Z,1.4068,2.0372676849365234,-0.3094672779616427,0.6304676849365234,ss450-g5nr.leV120.GRASP.example_20060813_1300Z.polarimeter07.20060813_1300z.zip
20060813,1300Z,1.6415,2.373734474182129,-0.30847362337542855,0.732234474182129,ss450-g5nr.leV120.GRASP.example_20060813_1300Z.polarimeter07.20060813_1300z.zip
20060813,1300Z,1.5247,2.2151622772216797,-0.31169828247873443,0.6904622772216797,ss450-g5nr.leV120.GRASP.example_20060813_1300Z.polarimeter07.20060813_1300z.zip
20060813,1300Z,1.3749,1.9932098388671875,-0.31020810092859824,0.6183098388671875,ss450-g5nr.leV120.GRASP.example_20060813_1300Z.polarimeter07.20060813_1300z.zip
20060813,1300Z,1.6628,2.3160688877105713,-0.28205935116045966,0.6532688877105712,ss450-g5nr.leV120.GRASP.example_20060813_1300Z.polarimeter07.20060813_1300z.zip
20060813,1300Z,1.5455,2.1612722873687744,-0.28491194328801667,0.6157722873687743,ss450-g5nr.leV120.GRASP.example_20060813_1300Z.polarimeter07.20060813_1300z.zip
20060813,1300Z,1.3849,1.9446078538894653,-0.28782556481502314,0.5597078538894653,ss450-g5nr.leV120.GRASP.example_20060813_1300Z.polarimeter07.20060813_1300z.zip
20060813,1300Z,1.6209,2.2826919555664062,-0.28991732938498715,0.6617919555664062,ss450-g5nr.leV120.GRASP.example_20060813_1300Z.polarimeter07.20060813_1300z.zip
20060813,1300Z,1.5605,2.130072593688965,-0.26739586029908535,0.5695725936889648,ss450-g5nr.leV120.GRASP.example_20060813_1300Z.polarimeter07.20060813_1300z.zip
20060813,1300Z,1.573,2.255777359008789,-0.3026794095091052,0.6827773590087891,ss450-g5nr.leV120.GRASP.example_20060813_1300Z.polarimeter07.20060813_1300z.zip
20060813,1300Z,1.4625,2.1049036979675293,-0.30519386639295043,0.6424036979675294,ss450-g5nr.leV120.GRASP.example_20060813_1300Z.polarimeter07.20060813_1300z.zip
20060813,1300Z,1.3073,1.8937362432479858,-0.3096715529097004,0.5864362432479859,ss450-g5nr.leV120.GRASP.example_20060813_1300Z.polarimeter07.20060813_1300z.zip
20060813,1300Z,1.5479,2.203611373901367,-0.2975621662092204,0.6557113739013671,ss450-g5nr.leV120.GRASP.example_20060813_1300Z.polarimeter07.20060813_1300z.zip
20060813,1300Z,1.4317,2.056150436401367,-0.30369880790155984,0.6244504364013672,ss450-g5nr.leV120.GRASP.example_20060813_1300Z.polarimeter07.20060813_1300z.zip
20060813,1300Z,1.2924,1.8497662544250488,-0.3013171275514978,0.5573662544250488,ss450-g5nr.leV120.GRASP.example_20060813_1300Z.polarimeter07.20060813_1300z.zip
20060813,1300Z,1.4926,2.092853546142578,-0.2868110610266683,0.6002535461425782,ss450-g5nr.leV120.GRASP.example_20060813_1300Z.polarimeter07.20060813_1300z.zip
20060813,1300Z,1.3788,1.9527482986450195,-0.293918217234281,0.5739482986450195,ss450-g5nr.leV120.GRASP.example_20060813_1300Z.polarimeter07.20060813_1300z.zip
20060813,1300Z,1.2402,1.7566673755645752,-0.29400407996908795,0.5164673755645752,ss450-g5nr.leV120.GRASP.example_20060813_1300Z.polarimeter07.20060813_1300z.zip
20060813,1300Z,1.3607,1.8990106582641602,-0.2834690031472582,0.5383106582641601,ss450-g5nr.leV120.GRASP.example_20060813_1300Z.polarimeter07.20060813_1300z.zip
20060813,1300Z,1.262,1.7719578742980957,-0.28779345248266647,0.5099578742980957,ss450-g5nr.leV120.GRASP.example_20060813_1300Z.polarimeter07.20060813_1300z.zip
20060813,1300Z,1.4065,1.939990758895874,-0.27499654647814137,0.5334907588958739,ss450-g5nr.leV120.GRASP.example_20060813_1300Z.polarimeter07.20060813_1300z.zip
20060813,1300Z,1.3636,1.9097741842269897,-0.28598888221335034,0.5461741842269898,ss450-g5nr.leV120.GRASP.example_20060813_1300Z.polarimeter07.20060813_1300z.zip
20060813,1300Z,1.2569,1.7822308540344238,-0.29476027353315987,0.5253308540344239,ss450-g5nr.leV120.GRASP.example_20060813_1300Z.polarimeter07.20060813_1300z.zip
20060813,1300Z,1.2885,1.8947315216064453,-0.3199564237430604,0.6062315216064453,ss450-g5nr.leV120.GRASP.example_20060813_1300Z.polarimeter07.20060813_1300z.zip
20060813,1300Z,1.2571,1.7687137126922607,-0.28925750336017014,0.5116137126922606,ss450-g5nr.leV120.GRASP.example_20060813_1300Z.polarimeter07.20060813_1300z.zip
20060813,1300Z,1.41,1.911484956741333,-0.26235359842760997,0.5014849567413331,ss450-g5nr.leV120.GRASP.example_20060813_1300Z.polarimeter07.20060813_1300z.zip
20060813,1300Z,1.359,1.8718353509902954,-0.2739746050415063,0.5128353509902954,ss450-g5nr.leV120.GRASP.example_20060813_1300Z.polarimeter07.20060813_1300z.zip
20060813,1300Z,3.0333,3.860769271850586,-0.2143275636500169,0.8274692718505858,ss450-g5nr.leV120.GRASP.example_20060813_1300Z.polarimeter07.20060813_1300z.zip
20060813,1300Z,2.8802,3.605380058288574,-0.20113831179085392,0.7251800582885743,ss450-g5nr.leV120.GRASP.example_20060813_1300Z.polarimeter07.20060813_1300z.zip
20060813,1300Z,2.6243,3.2476048469543457,-0.1919275516351353,0.6233048469543458,ss450-g5nr.leV120.GRASP.example_20060813_1300Z.polarimeter07.20060813_1300z.zip
20060813,1300Z,2.5165,3.505664348602295,-0.28216173890026686,0.9891643486022947,ss450-g5nr.leV120.GRASP.example_20060813_1300Z.polarimeter07.20060813_1300z.zip
20060813,1300Z,2.2781,3.274549961090088,-0.3043013461179175,0.9964499610900881,ss450-g5nr.leV120.GRASP.example_20060813_1300Z.polarimeter07.20060813_1300z.zip
20060813,1300Z,2.1473,2.9507369995117188,-0.27228350057787926,0.8034369995117188,ss450-g5nr.leV120.GRASP.example_20060813_1300Z.polarimeter07.20060813_1300z.zip
20060813,1300Z,2.4951,3.0198564529418945,-0.17376867447811487,0.5247564529418947,ss450-g5nr.leV120.GRASP.example_20060813_1300Z.polarimeter07.20060813_1300z.zip
20060813,1300Z,2.2825,2.821770429611206,-0.19111066724358172,0.5392704296112059,ss450-g5nr.leV120.GRASP.example_20060813_1300Z.polarimeter07.20060813_1300z.zip
20060813,1300Z,1.98,2.5109975337982178,-0.2114687595869572,0.5309975337982178,ss450-g5nr.leV120.GRASP.example_20060813_1300Z.polarimeter07.20060813_1300z.zip
20060813,1300Z,1.8162,2.3483057022094727,-0.22659132569870494,0.5321057022094726,ss450-g5nr.leV120.GRASP.example_20060813_1300Z.polarimeter07.20060813_1300z.zip
20060813,1600Z,0.89587,0.369146466255188,1.426868687348323,0.5267235337448121,ss450-g5nr.leV120.GRASP.example_20060813_1600Z.polarimeter07.20060813_1600z.zip
20060813,1600Z,0.89932,0.364807665348053,1.4651894283580458,0.534512334651947,ss450-g5nr.leV120.GRASP.example_20060813_1600Z.polarimeter07.20060813_1600z.zip
20060813,1600Z,0.8953,0.3633004426956177,1.4643515250271937,0.5319995573043823,ss450-g5nr.leV120.GRASP.example_20060813_1600Z.polarimeter07.20060813_1600z.zip
20060813,1600Z,0.88572,0.3605021834373474,1.4569060624120505,0.5252178165626525,ss450-g5nr.leV120.GRASP.example_20060813_1600Z.polarimeter07.20060813_1600z.zip
20060813,1600Z,0.89135,0.3575340509414673,1.4930492568550482,0.5338159490585327,ss450-g5nr.leV120.GRASP.example_20060813_1600Z.polarimeter07.20060813_1600z.zip
20060813,1600Z,0.89267,0.35879313945770264,1.4879795676952594,0.5338768605422973,ss450-g5nr.leV120.GRASP.example_20060813_1600Z.polarimeter07.20060813_1600z.zip
20060813,1600Z,0.91732,0.345516175031662,1.6549263574011832,0.571803824968338,ss450-g5nr.leV120.GRASP.example_20060813_1600Z.polarimeter07.20060813_1600z.zip
20060813,1600Z,0.91635,0.33867835998535156,1.705664454143553,0.5776716400146484,ss450-g5nr.leV120.GRASP.example_20060813_1600Z.polarimeter07.20060813_1600z.zip
20060813,1600Z,1.0688,0.3803868591785431,1.8097710901688504,0.6884131408214569,ss450-g5nr.leV120.GRASP.example_20060813_1600Z.polarimeter07.20060813_1600z.zip
20060813,1600Z,1.0778,0.37597447633743286,1.8666839581756256,0.7018255236625672,ss450-g5nr.leV120.GRASP.example_20060813_1600Z.polarimeter07.20060813_1600z.zip
20060813,1600Z,1.0787,0.3745380640029907,1.8800811016938093,0.7041619359970093,ss450-g5nr.leV120.GRASP.example_20060813_1600Z.polarimeter07.20060813_1600z.zip
20060813,1600Z,1.0973,0.3721318244934082,1.9486862659321873,0.7251681755065917,ss450-g5nr.leV120.GRASP.example_20060813_1600Z.polarimeter07.20060813_1600z.zip
20060813,1600Z,1.1258,0.36935120820999146,2.048047427422888,0.7564487917900085,ss450-g5nr.leV120.GRASP.example_20060813_1600Z.polarimeter07.20060813_1600z.zip
20060813,1600Z,1.1627,0.37099480628967285,2.134006137789874,0.7917051937103272,ss450-g5nr.leV120.GRASP.example_20060813_1600Z.polarimeter07.20060813_1600z.zip
20060813,1600Z,1.2914,0.35763996839523315,2.6108939551545176,0.933760031604767,ss450-g5nr.leV120.GRASP.example_20060813_1600Z.polarimeter07.20060813_1600z.zip
20060813,1600Z,1.2976,0.3505575954914093,2.701531550560281,0.9470424045085908,ss450-g5nr.leV120.GRASP.example_20060813_1600Z.polarimeter07.20060813_1600z.zip
20060813,1600Z,1.08,0.39052215218544006,1.7655281370239924,0.68947784781456,ss450-g5nr.leV120.GRASP.example_20060813_1600Z.polarimeter07.20060813_1600z.zip
20060813,1600Z,1.0892,0.386056125164032,1.821351427949001,0.703143874835968,ss450-g5nr.leV120.GRASP.example_20060813_1600Z.polarimeter07.20060813_1600z.zip
20060813,1600Z,1.0901,0.384696900844574,1.833659427998419,0.7054030991554261,ss450-g5nr.leV120.GRASP.example_20060813_1600Z.polarimeter07.20060813_1600z.zip
20060813,1600Z,1.1089,0.38269585371017456,1.8976012915985199,0.7262041462898254,ss450-g5nr.leV120.GRASP.example_20060813_1600Z.polarimeter07.20060813_1600z.zip
20060813,1600Z,1.1378,0.3801220655441284,1.9932490195518855,0.7576779344558715,ss450-g5nr.leV120.GRASP.example_20060813_1600Z.polarimeter07.20060813_1600z.zip
20060813,1600Z,1.1755,0.38217759132385254,2.0757951975365714,0.7933224086761475,ss450-g5nr.leV120.GRASP.example_20060813_1600Z.polarimeter07.20060813_1600z.zip
20060813,1600Z,1.3036,0.36908984184265137,2.531931395055149,0.9345101581573487,ss450-g5nr.leV120.GRASP.example_20060813_1600Z.polarimeter07.20060813_1600z.zip
20060813,1600Z,1.3136,0.3618333637714386,2.630400431591404,0.9517666362285615,ss450-g5nr.leV120.GRASP.example_20060813_1600Z.polarimeter07.20060813_1600z.zip
20060813,1600Z,1.0925,0.3902331590652466,1.799608322924027,0.7022668409347534,ss450-g5nr.leV120.GRASP.example_20060813_1600Z.polarimeter07.20060813_1600z.zip
20060813,1600Z,1.1017,0.385780394077301,1.8557698030119332,0.7159196059226989,ss450-g5nr.leV120.GRASP.example_20060813_1600Z.polarimeter07.20060813_1600z.zip
20060813,1600Z,1.1025,0.38442981243133545,1.8678837185576547,0.7180701875686646,ss450-g5nr.leV120.GRASP.example_20060813_1600Z.polarimeter07.20060813_1600z.zip
20060813,1600Z,1.1212,0.38245782256126404,1.9315650873382266,0.7387421774387359,ss450-g5nr.leV120.GRASP.example_20060813_1600Z.polarimeter07.20060813_1600z.zip
20060813,1600Z,1.15,0.37990444898605347,2.0270769480833777,0.7700955510139464,ss450-g5nr.leV120.GRASP.example_20060813_1600Z.polarimeter07.20060813_1600z.zip
20060813,1600Z,1.1872,0.38201797008514404,2.107707210044065,0.805182029914856,ss450-g5nr.leV120.GRASP.example_20060813_1600Z.polarimeter07.20060813_1600z.zip
20060813,1600Z,1.3153,0.3693457245826721,2.561162110340311,0.9459542754173278,ss450-g5nr.leV120.GRASP.example_20060813_1600Z.polarimeter07.20060813_1600z.zip
20060813,1600Z,1.326,0.3621472716331482,2.6614938282435157,0.9638527283668519,ss450-g5nr.leV120.GRASP.example_20060813_1600Z.polarimeter07.20060813_1600z.zip
20060813,1600Z,1.0913,0.38262560963630676,1.8521352792807106,0.7086743903636932,ss450-g5nr.leV120.GRASP.example_20060813_1600Z.polarimeter07.20060813_1600z.zip
20060813,1600Z,1.1004,0.3781830668449402,1.9097019313431554,0.7222169331550599,ss450-g5nr.leV120.GRASP.example_20060813_1600Z.polarimeter07.20060813_1600z.zip
20060813,1600Z,1.1011,0.376705527305603,1.9229727736559878,0.7243944726943969,ss450-g5nr.leV120.GRASP.example_20060813_1600Z.polarimeter07.20060813_1600z.zip
20060813,1600Z,1.1192,0.3741663992404938,1.9911825387630255,0.7450336007595062,ss450-g5nr.leV120.GRASP.example_20060813_1600Z.polarimeter07.20060813_1600z.zip
20060813,1600Z,1.1472,0.3713143467903137,2.08956551212345,0.7758856532096863,ss450-g5nr.leV120.GRASP.example_20060813_1600Z.polarimeter07.20060813_1600z.zip
20060813,1600Z,1.1833,0.3730204701423645,2.1722119688187345,0.8102795298576355,ss450-g5nr.leV120.GRASP.example_20060813_1600Z.polarimeter07.20060813_1600z.zip
20060813,1600Z,1.3101,0.3606157898902893,2.632952401775235,0.9494842101097107,ss450-g5nr.leV120.GRASP.example_20060813_1600Z.polarimeter07.20060813_1600z.zip
20060813,1600Z,1.3216,0.3536325991153717,2.737212019779974,0.9679674008846284,ss450-g5nr.leV120.GRASP.example_20060813_1600Z.polarimeter07.20060813_1600z.zip
20060813,1600Z,1.0637,0.37050533294677734,1.8709438310643678,0.6931946670532227,ss450-g5nr.leV120.GRASP.example_20060813_1600Z.polarimeter07.20060813_1600z.zip
20060813,1600Z,1.0583,0.36600935459136963,1.8914561519378017,0.6922906454086304,ss450-g5nr.leV120.GRASP.example_20060813_1600Z.polarimeter07.20060813_1600z.zip
20060813,1600Z,1.041,0.3642224371433258,1.858143523954166,0.6767775628566741,ss450-g5nr.leV120.GRASP.example_20060813_1600Z.polarimeter07.20060813_1600z.zip
20060813,1600Z,0.96988,0.3603512644767761,1.6914849359783686,0.6095287355232238,ss450-g5nr.leV120.GRASP.example_20060813_1600Z.polarimeter07.20060813_1600z.zip
20060813,1600Z,0.93143,0.35676199197769165,1.6107882031846104,0.5746680080223083,ss450-g5nr.leV120.GRASP.example_20060813_1600Z.polarimeter07.20060813_1600z.zip
20060813,1600Z,0.88515,0.35741615295410156,1.476524893136737,0.5277338470458984,ss450-g5nr.leV120.GRASP.example_20060813_1600Z.polarimeter07.20060813_1600z.zip
20060813,1600Z,1.045,0.36753910779953003,1.8432348499087698,0.6774608922004699,ss450-g5nr.leV120.GRASP.example_20060813_1600Z.polarimeter07.20060813_1600z.zip
20060813,1600Z,1.04,0.3630267083644867,1.8648029911777662,0.6769732916355133,ss450-g5nr.leV120.GRASP.example_20060813_1600Z.polarimeter07.20060813_1600z.zip
20060813,1600Z,1.0224,0.3611651062965393,1.8308382570063266,0.6612348937034607,ss450-g5nr.leV120.GRASP.example_20060813_1600Z.polarimeter07.20060813_1600z.zip
20060813,1600Z,0.94383,0.35697364807128906,1.6439766775487958,0.5868563519287109,ss450-g5nr.leV120.GRASP.example_20060813_1600Z.polarimeter07.20060813_1600z.zip
20060813,1600Z,0.9046,0.35320332646369934,1.561131031966571,0.5513966735363006,ss450-g5nr.leV120.GRASP.example_20060813_1600Z.polarimeter07.20060813_1600z.zip
20060813,1600Z,0.85492,0.3535703122615814,1.4179631896455882,0.5013496877384186,ss450-g5nr.leV120.GRASP.example_20060813_1600Z.polarimeter07.20060813_1600z.zip
20060813,1600Z,1.0282,0.36259010434150696,1.8357089387954881,0.665609895658493,ss450-g5nr.leV120.GRASP.example_20060813_1600Z.polarimeter07.20060813_1600z.zip
20060813,1600Z,1.0224,0.35809534788131714,1.8551055076505827,0.6643046521186828,ss450-g5nr.leV120.GRASP.example_20060813_1600Z.polarimeter07.20060813_1600z.zip
20060813,1600Z,1.0056,0.3562018871307373,1.823118114562131,0.6493981128692627,ss450-g5nr.leV120.GRASP.example_20060813_1600Z.polarimeter07.20060813_1600z.zip
20060813,1600Z,0.92799,0.35187041759490967,1.6373061036018868,0.5761195824050903,ss450-g5nr.leV120.GRASP.example_20060813_1600Z.polarimeter07.20060813_1600z.zip
20060813,1600Z,0.88913,0.34804433584213257,1.5546457977793247,0.5410856641578674,ss450-g5nr.leV120.GRASP.example_20060813_1600Z.polarimeter07.20060813_1600z.zip
20060813,1600Z,0.99569,0.35741546750068665,1.7858055695311705,0.6382745324993133,ss450-g5nr.leV120.GRASP.example_20060813_1600Z.polarimeter07.20060813_1600z.zip
20060813,1600Z,0.99147,0.3529675602912903,1.8089550189308576,0.6385024397087097,ss450-g5nr.leV120.GRASP.example_20060813_1600Z.polarimeter07.20060813_1600z.zip
20060813,1600Z,0.9753,0.35108482837677,1.7779611113054063,0.6242151716232299,ss450-g5nr.leV120.GRASP.example_20060813_1600Z.polarimeter07.20060813_1600z.zip
20060813,1600Z,0.90418,0.3467327356338501,1.6077145509410868,0.5574472643661499,ss450-g5nr.leV120.GRASP.example_20060813_1600Z.polarimeter07.20060813_1600z.zip
20060813,1600Z,0.86867,0.34289366006851196,1.533351009833297,0.5257763399314881,ss450-g5nr.leV120.GRASP.example_20060813_1600Z.polarimeter07.20060813_1600z.zip
20060813,1600Z,0.97564,0.35489174723625183,1.7491199995431714,0.6207482527637481,ss450-g5nr.leV120.GRASP.example_20060813_1600Z.polarimeter07.20060813_1600z.zip
20060813,1600Z,0.97044,0.35042938590049744,1.769288304707275,0.6200106140995025,ss450-g5nr.leV120.GRASP.example_20060813_1600Z.polarimeter07.20060813_1600z.zip
20060813,1600Z,0.95572,0.34848329424858093,1.7425131011251964,0.6072367057514191,ss450-g5nr.leV120.GRASP.example_20060813_1600Z.polarimeter07.20060813_1600z.zip
20060813,1600Z,0.88585,0.3438412547111511,1.5763342468726484,0.5420087452888489,ss450-g5nr.leV120.GRASP.example_20060813_1600Z.polarimeter07.20060813_1600z.zip
20060813,1600Z,0.85063,0.3398270905017853,1.503125924257446,0.5108029094982147,ss450-g5nr.leV120.GRASP.example_20060813_1600Z.polarimeter07.20060813_1600z.zip
20060813,1600Z,0.9211,0.35420989990234375,1.6004355052017145,0.5668901000976563,ss450-g5nr.leV120.GRASP.example_20060813_1600Z.polarimeter07.20060813_1600z.zip
20060813,1600Z,0.91744,0.3496587872505188,1.6238150833105904,0.5677812127494812,ss450-g5nr.leV120.GRASP.example_20060813_1600Z.polarimeter07.20060813_1600z.zip
20060813,1600Z,0.90455,0.34753692150115967,1.6027450438729332,0.5570130784988403,ss450-g5nr.leV120.GRASP.example_20060813_1600Z.polarimeter07.20060813_1600z.zip
20060813,1600Z,0.84274,0.3421820104122162,1.4628413369387157,0.5005579895877839,ss450-g5nr.leV120.GRASP.example_20060813_1600Z.polarimeter07.20060813_1600z.zip
20060813,1600Z,0.92459,0.3554939329624176,1.6008601392861086,0.5690960670375824,ss450-g5nr.leV120.GRASP.example_20060813_1600Z.polarimeter07.20060813_1600z.zip
20060813,1600Z,0.92103,0.3507894277572632,1.6255922417289266,0.5702405722427368,ss450-g5nr.leV120.GRASP.example_20060813_1600Z.polarimeter07.20060813_1600z.zip
20060813,1600Z,0.9078,0.3483997583389282,1.6056275249102767,0.5594002416610718,ss450-g5nr.leV120.GRASP.example_20060813_1600Z.polarimeter07.20060813_1600z.zip
20060813,1600Z,0.84756,0.3419572114944458,1.4785557125581086,0.5056027885055542,ss450-g5nr.leV120.GRASP.example_20060813_1600Z.polarimeter07.20060813_1600z.zip
20060813,1600Z,0.92502,0.356581449508667,1.5941338262957412,0.568438550491333,ss450-g5nr.leV120.GRASP.example_20060813_1600Z.polarimeter07.20060813_1600z.zip
20060813,1600Z,0.92131,0.35180187225341797,1.6188319979614574,0.569508127746582,ss450-g5nr.leV120.GRASP.example_20060813_1600Z.polarimeter07.20060813_1600z.zip
20060813,1600Z,0.90826,0.3492804765701294,1.6003743722493384,0.5589795234298706,ss450-g5nr.leV120.GRASP.example_20060813_1600Z.polarimeter07.20060813_1600z.zip
20060813,1600Z,0.84841,0.34234529733657837,1.4782288718453807,0.5060647026634216,ss450-g5nr.leV120.GRASP.example_20060813_1600Z.polarimeter07.20060813_1600z.zip
20060813,1600Z,0.93342,0.3744342029094696,1.4928812398734888,0.5589857970905304,ss450-g5nr.leV120.GRASP.example_20060813_1600Z.polarimeter07.20060813_1600z.zip
20060813,1600Z,0.9295,0.3696354329586029,1.5146398778931423,0.5598645670413971,ss450-g5nr.leV120.GRASP.example_20060813_1600Z.polarimeter07.20060813_1600z.zip
20060813,1600Z,0.91527,0.36726319789886475,1.492136443935346,0.5480068021011353,ss450-g5nr.leV120.GRASP.example_20060813_1600Z.polarimeter07.20060813_1600z.zip
20060813,1600Z,1.1294,0.38252049684524536,1.9525215231980533,0.7468795031547546,ss450-g5nr.leV120.GRASP.example_20060813_1600Z.polarimeter07.20060813_1600z.zip
20060813,1600Z,1.1388,0.3778112828731537,2.01420325867383,0.7609887171268463,ss450-g5nr.leV120.GRASP.example_20060813_1600Z.polarimeter07.20060813_1600z.zip
20060813,1600Z,1.1395,0.3756970167160034,2.0330291413023645,0.7638029832839965,ss450-g5nr.leV120.GRASP.example_20060813_1600Z.polarimeter07.20060813_1600z.zip
20060813,1600Z,1.1573,0.3705759346485138,2.122976674396526,0.7867240653514862,ss450-g5nr.leV120.GRASP.example_20060813_1600Z.polarimeter07.20060813_1600z.zip
20060813,1600Z,1.1846,0.36621785163879395,2.234686661775266,0.8183821483612062,ss450-g5nr.leV120.GRASP.example_20060813_1600Z.polarimeter07.20060813_1600z.zip
20060813,1600Z,1.2188,0.3660658001899719,2.32945606873818,0.8527341998100282,ss450-g5nr.leV120.GRASP.example_20060813_1600Z.polarimeter07.20060813_1600z.zip
20060813,1600Z,1.3464,0.352596253156662,2.818531785140046,0.993803746843338,ss450-g5nr.leV120.GRASP.example_20060813_1600Z.polarimeter07.20060813_1600z.zip
20060813,1600Z,1.3537,0.3459493815898895,2.913000201875667,1.0077506184101104,ss450-g5nr.leV120.GRASP.example_20060813_1600Z.polarimeter07.20060813_1600z.zip
20060813,1600Z,1.1366,0.38347265124320984,1.9639662602148238,0.7531273487567902,ss450-g5nr.leV120.GRASP.example_20060813_1600Z.polarimeter07.20060813_1600z.zip
20060813,1600Z,1.1461,0.3789170980453491,2.024672166846463,0.7671829019546508,ss450-g5nr.leV120.GRASP.example_20060813_1600Z.polarimeter07.20060813_1600z.zip
20060813,1600Z,1.1469,0.3770858347415924,2.041482586546753,0.7698141652584076,ss450-g5nr.leV120.GRASP.example_20060813_1600Z.polarimeter07.20060813_1600z.zip
20060813,1600Z,1.1652,0.3731175363063812,2.1228765378725307,0.7920824636936188,ss450-g5nr.leV120.GRASP.example_20060813_1600Z.polarimeter07.20060813_1600z.zip
20060813,1600Z,1.1932,0.369448184967041,2.229681586083437,0.823751815032959,ss450-g5nr.leV120.GRASP.example_20060813_1600Z.polarimeter07.20060813_1600z.zip
20060813,1600Z,1.2285,0.3701414465904236,2.3190014555689156,0.8583585534095763,ss450-g5nr.leV120.GRASP.example_20060813_1600Z.polarimeter07.20060813_1600z.zip
20060813,1600Z,1.3595,0.35776492953300476,2.799981182545123,1.0017350704669952,ss450-g5nr.leV120.GRASP.example_20060813_1600Z.polarimeter07.20060813_1600z.zip
20060813,1600Z,1.367,0.35112664103507996,2.8931822318302167,1.01587335896492,ss450-g5nr.leV120.GRASP.example_20060813_1600Z.polarimeter07.20060813_1600z.zip
20060813,1600Z,1.1445,0.3749077618122101,2.0527508805573245,0.76959223818779,ss450-g5nr.leV120.GRASP.example_20060813_1600Z.polarimeter07.20060813_1600z.zip
20060813,1600Z,1.154,0.3705108165740967,2.114618921710257,0.7834891834259032,ss450-g5nr.leV120.GRASP.example_20060813_1600Z.polarimeter07.20060813_1600z.zip
20060813,1600Z,1.1548,0.36884158849716187,2.130883381955953,0.7859584115028382,ss450-g5nr.leV120.GRASP.example_20060813_1600Z.polarimeter07.20060813_1600z.zip
20060813,1600Z,1.1731,0.3654627203941345,2.209903321287781,0.8076372796058655,ss450-g5nr.leV120.GRASP.example_20060813_1600Z.polarimeter07.20060813_1600z.zip
20060813,1600Z,1.2012,0.3621699810028076,2.316674663852629,0.8390300189971924,ss450-g5nr.leV120.GRASP.example_20060813_1600Z.polarimeter07.20060813_1600z.zip
20060813,1600Z,1.2365,0.36318692564964294,2.4045829094432203,0.873313074350357,ss450-g5nr.leV120.GRASP.example_20060813_1600Z.polarimeter07.20060813_1600z.zip
20060813,1600Z,1.3682,0.3512645363807678,2.8950701203633114,1.0169354636192323,ss450-g5nr.leV120.GRASP.example_20060813_1600Z.polarimeter07.20060813_1600z.zip
20060813,1600Z,1.3756,0.3447191119194031,2.990495311793509,1.0308808880805969,ss450-g5nr.leV120.GRASP.example_20060813_1600Z.polarimeter07.20060813_1600z.zip
20060813,1600Z,1.2001,0.3549809455871582,2.3807448397405326,0.8451190544128417,ss450-g5nr.leV120.GRASP.example_20060813_1600Z.polarimeter07.20060813_1600z.zip
20060813,1600Z,1.2101,0.350771427154541,2.4498248897190265,0.8593285728454589,ss450-g5nr.leV120.GRASP.example_20060813_1600Z.polarimeter07.20060813_1600z.zip
20060813,1600Z,1.2107,0.3491366505622864,2.4676966684825596,0.8615633494377137,ss450-g5nr.leV120.GRASP.example_20060813_1600Z.polarimeter07.20060813_1600z.zip
20060813,1600Z,1.2293,0.3457469344139099,2.5554906714757655,0.8835530655860901,ss450-g5nr.leV120.GRASP.example_20060813_1600Z.polarimeter07.20060813_1600z.zip
20060813,1600Z,1.2579,0.34251588582992554,2.672530390676839,0.9153841141700745,ss450-g5nr.leV120.GRASP.example_20060813_1600Z.polarimeter07.20060813_1600z.zip
20060813,1600Z,1.2936,0.3433171808719635,2.767944257011811,0.9502828191280366,ss450-g5nr.leV120.GRASP.example_20060813_1600Z.polarimeter07.20060813_1600z.zip
20060813,1600Z,1.4277,0.33145779371261597,3.307335736500616,1.096242206287384,ss450-g5nr.leV120.GRASP.example_20060813_1600Z.polarimeter07.20060813_1600z.zip
20060813,1600Z,1.4355,0.3251774311065674,3.414513009451621,1.1103225688934326,ss450-g5nr.leV120.GRASP.example_20060813_1600Z.polarimeter07.20060813_1600z.zip
20060813,1600Z,0.90895,0.34362006187438965,1.6452180790662532,0.5653299381256104,ss450-g5nr.leV120.GRASP.example_20060813_1600Z.polarimeter07.20060813_1600z.zip
20060813,1600Z,0.90263,0.33938562870025635,1.659599946694261,0.5632443712997437,ss450-g5nr.leV120.GRASP.example_20060813_1600Z.polarimeter07.20060813_1600z.zip
20060813,1600Z,0.89398,0.33751410245895386,1.6487189527398183,0.5564658975410461,ss450-g5nr.leV120.GRASP.example_20060813_1600Z.polarimeter07.20060813_1600z.zip
20060813,1600Z,0.83783,0.33311378955841064,1.515146554307049,0.5047162104415893,ss450-g5nr.leV120.GRASP.example_20060813_1600Z.polarimeter07.20060813_1600z.zip
20060813,1600Z,0.99886,0.352377712726593,1.834628763184598,0.646482287273407,ss450-g5nr.leV120.GRASP.example_20060813_1600Z.polarimeter07.20060813_1600z.zip
20060813,1600Z,0.99519,0.34804967045783997,1.859333263240511,0.64714032954216,ss450-g5nr.leV120.GRASP.example_20060813_1600Z.polarimeter07.20060813_1600z.zip
20060813,1600Z,0.98063,0.34613853693008423,1.8330564076951517,0.6344914630699158,ss450-g5nr.leV120.GRASP.example_20060813_1600Z.polarimeter07.20060813_1600z.zip
20060813,1600Z,0.91359,0.3417038321495056,1.6736311215856576,0.5718861678504944,ss450-g5nr.leV120.GRASP.example_20060813_1600Z.polarimeter07.20060813_1600z.zip
20060813,1600Z,0.88375,0.3379161059856415,1.6152941050923206,0.5458338940143586,ss450-g5nr.leV120.GRASP.example_20060813_1600Z.polarimeter07.20060813_1600z.zip
20060813,1600Z,0.84393,0.3381100296974182,1.4960217854384583,0.5058199703025817,ss450-g5nr.leV120.GRASP.example_20060813_1600Z.polarimeter07.20060813_1600z.zip
20060813,1600Z,0.99237,0.34773990511894226,1.8537708367423809,0.6446300948810577,ss450-g5nr.leV120.GRASP.example_20060813_1600Z.polarimeter07.20060813_1600z.zip
20060813,1600Z,0.98833,0.343447744846344,1.8776721199382795,0.644882255153656,ss450-g5nr.leV120.GRASP.example_20060813_1600Z.polarimeter07.20060813_1600z.zip
20060813,1600Z,0.97343,0.3415210247039795,1.850278400411046,0.6319089752960205,ss450-g5nr.leV120.GRASP.example_20060813_1600Z.polarimeter07.20060813_1600z.zip
20060813,1600Z,0.90679,0.3370422124862671,1.6904345105939733,0.5697477875137329,ss450-g5nr.leV120.GRASP.example_20060813_1600Z.polarimeter07.20060813_1600z.zip
20060813,1600Z,0.87683,0.33327823877334595,1.6309248489407369,0.543551761226654,ss450-g5nr.leV120.GRASP.example_20060813_1600Z.polarimeter07.20060813_1600z.zip
20060813,1600Z,0.83708,0.3334588408470154,1.5102948174165716,0.5036211591529847,ss450-g5nr.leV120.GRASP.example_20060813_1600Z.polarimeter07.20060813_1600z.zip
20060813,1600Z,10.937,0.47275644540786743,22.13453387306899,10.464243554592132,ss450-g5nr.leV120.GRASP.example_20060813_1600Z.polarimeter07.20060813_1600z.zip
20060813,1600Z,10.123,0.46774154901504517,20.642293743877747,9.655258450984954,ss450-g5nr.leV120.GRASP.example_20060813_1600Z.polarimeter07.20060813_1600z.zip
20060813,1600Z,9.2393,0.46602463722229004,18.825775853976854,8.77327536277771,ss450-g5nr.leV120.GRASP.example_20060813_1600Z.polarimeter07.20060813_1600z.zip
20060813,1600Z,6.6355,0.4628968834877014,13.334726019334493,6.172603116512299,ss450-g5nr.leV120.GRASP.example_20060813_1600Z.polarimeter07.20060813_1600z.zip
20060813,1600Z,5.3391,0.45934367179870605,10.62332329319583,4.879756328201294,ss450-g5nr.leV120.GRASP.example_20060813_1600Z.polarimeter07.20060813_1600z.zip
20060813,1600Z,3.9774,0.460884153842926,7.629934370352724,3.516515846157074,ss450-g5nr.leV120.GRASP.example_20060813_1600Z.polarimeter07.20060813_1600z.zip
20060813,1600Z,2.7312,0.4481235146522522,5.094748235024968,2.2830764853477477,ss450-g5nr.leV120.GRASP.example_20060813_1600Z.polarimeter07.20060813_1600z.zip
20060813,1600Z,2.6856,0.4406117796897888,5.095161599834637,2.244988220310211,ss450-g5nr.leV120.GRASP.example_20060813_1600Z.polarimeter07.20060813_1600z.zip
20060813,1900Z,5.0472,0.5020783543586731,9.052614210877527,4.545121645641327,ss450-g5nr.leV120.GRASP.example_20060813_1900Z.polarimeter07.20060813_1900z.zip
20060813,1900Z,4.5814,0.5013737678527832,8.137693859853519,4.080026232147217,ss450-g5nr.leV120.GRASP.example_20060813_1900Z.polarimeter07.20060813_1900z.zip
20060813,1900Z,4.09,0.5003442764282227,7.174371513144979,3.589655723571777,ss450-g5nr.leV120.GRASP.example_20060813_1900Z.polarimeter07.20060813_1900z.zip
20060813,1900Z,3.2446,0.4943859875202179,5.562888273339892,2.7502140124797823,ss450-g5nr.leV120.GRASP.example_20060813_1900Z.polarimeter07.20060813_1900z.zip
20060813,1900Z,2.874,0.48858681321144104,4.882270913349941,2.385413186788559,ss450-g5nr.leV120.GRASP.example_20060813_1900Z.polarimeter07.20060813_1900z.zip
20060813,1900Z,2.4654,0.4807519018650055,4.128216842067285,1.9846480981349943,ss450-g5nr.leV120.GRASP.example_20060813_1900Z.polarimeter07.20060813_1900z.zip
20060813,1900Z,2.3126,0.47519636154174805,3.8666197537727323,1.8374036384582522,ss450-g5nr.leV120.GRASP.example_20060813_1900Z.polarimeter07.20060813_1900z.zip
20060813,1900Z,2.294,0.476162850856781,3.817679489007393,1.817837149143219,ss450-g5nr.leV120.GRASP.example_20060813_1900Z.polarimeter07.20060813_1900z.zip
20060813,1900Z,5.5372,0.3928915560245514,13.093456362431944,5.144308443975449,ss450-g5nr.leV120.GRASP.example_20060813_1900Z.polarimeter07.20060813_1900z.zip
20060813,1900Z,5.0988,0.3915570378303528,12.021857628336441,4.707242962169647,ss450-g5nr.leV120.GRASP.example_20060813_1900Z.polarimeter07.20060813_1900z.zip
20060813,1900Z,4.6707,0.3895598351955414,10.98968573763648,4.281140164804459,ss450-g5nr.leV120.GRASP.example_20060813_1900Z.polarimeter07.20060813_1900z.zip
20060813,1900Z,3.6592,0.380262166261673,8.62283478257462,3.278937833738327,ss450-g5nr.leV120.GRASP.example_20060813_1900Z.polarimeter07.20060813_1900z.zip
20060813,1900Z,3.3694,0.3731558620929718,8.029470905539503,2.9962441379070284,ss450-g5nr.leV120.GRASP.example_20060813_1900Z.polarimeter07.20060813_1900z.zip
20060813,1900Z,3.0851,0.36438143253326416,7.466677290749065,2.720718567466736,ss450-g5nr.leV120.GRASP.example_20060813_1900Z.polarimeter07.20060813_1900z.zip
20060813,1900Z,2.5327,0.3576107621192932,6.08228126298708,2.175089237880707,ss450-g5nr.leV120.GRASP.example_20060813_1900Z.polarimeter07.20060813_1900z.zip
20060813,1900Z,2.5056,0.358305960893631,5.992906268572597,2.147294039106369,ss450-g5nr.leV120.GRASP.example_20060813_1900Z.polarimeter07.20060813_1900z.zip
20060803,1600Z,0.87522,0.36285722255706787,1.412023092257316,0.5123627774429321,ss450-g5nr.leV120.GRASP.example_20060803_1600Z.polarimeter07.20060803_1600z.zip
20060803,1600Z,0.93679,0.3556930422782898,1.6337034708344595,0.5810969577217102,ss450-g5nr.leV120.GRASP.example_20060803_1600Z.polarimeter07.20060803_1600z.zip
20060803,1600Z,0.93115,0.3495500087738037,1.663853459098477,0.5815999912261963,ss450-g5nr.leV120.GRASP.example_20060803_1600Z.polarimeter07.20060803_1600z.zip
20060803,0400Z,5.5632,0.4014595150947571,12.857437153250459,5.161740484905243,ss450-g5nr.leV120.GRASP.example_20060803_0400Z.polarimeter07.20060803_0400z.zip
20060803,0400Z,5.1212,0.40059494972229004,11.783985428548812,4.72060505027771,ss450-g5nr.leV120.GRASP.example_20060803_0400Z.polarimeter07.20060803_0400z.zip
20060803,0400Z,4.7449,0.39936280250549316,10.88117663996695,4.345537197494507,ss450-g5nr.leV120.GRASP.example_20060803_0400Z.polarimeter07.20060803_0400z.zip
20060803,0400Z,3.7198,0.3927879333496094,8.470250188895472,3.327012066650391,ss450-g5nr.leV120.GRASP.example_20060803_0400Z.polarimeter07.20060803_0400z.zip
20060803,0400Z,3.4771,0.386701375246048,7.991692873571014,3.090398624753952,ss450-g5nr.leV120.GRASP.example_20060803_0400Z.polarimeter07.20060803_0400z.zip
20060803,0400Z,3.1603,0.37860172986984253,7.34729413699843,2.7816982701301574,ss450-g5nr.leV120.GRASP.example_20060803_0400Z.polarimeter07.20060803_0400z.zip
20060803,0400Z,2.5647,0.36958223581314087,5.939456909657046,2.1951177641868593,ss450-g5nr.leV120.GRASP.example_20060803_0400Z.polarimeter07.20060803_0400z.zip
20060803,0400Z,2.5346,0.3697478473186493,5.8549418701974965,2.164852152681351,ss450-g5nr.leV120.GRASP.example_20060803_0400Z.polarimeter07.20060803_0400z.zip
20060803,0400Z,5.3995,0.4401036500930786,11.268700790956963,4.959396349906921,ss450-g5nr.leV120.GRASP.example_20060803_0400Z.polarimeter07.20060803_0400z.zip
20060803,0400Z,4.9908,0.4391669034957886,10.364244345994665,4.5516330965042116,ss450-g5nr.leV120.GRASP.example_20060803_0400Z.polarimeter07.20060803_0400z.zip
20060803,0400Z,4.6671,0.4378930628299713,9.658081609783755,4.229206937170028,ss450-g5nr.leV120.GRASP.example_20060803_0400Z.polarimeter07.20060803_0400z.zip
20060803,0400Z,3.7946,0.4310333728790283,7.803494668300251,3.3635666271209717,ss450-g5nr.leV120.GRASP.example_20060803_0400Z.polarimeter07.20060803_0400z.zip
20060803,0400Z,3.4519,0.4246578514575958,7.128661669981367,3.0272421485424044,ss450-g5nr.leV120.GRASP.example_20060803_0400Z.polarimeter07.20060803_0400z.zip
20060803,0400Z,3.1606,0.415870726108551,6.599957875311033,2.744729273891449,ss450-g5nr.leV120.GRASP.example_20060803_0400Z.polarimeter07.20060803_0400z.zip
20060803,0400Z,2.5532,0.4059540033340454,5.289382489225166,2.1472459966659545,ss450-g5nr.leV120.GRASP.example_20060803_0400Z.polarimeter07.20060803_0400z.zip
20060803,0400Z,2.5254,0.406047523021698,5.219469044427713,2.119352476978302,ss450-g5nr.leV120.GRASP.example_20060803_0400Z.polarimeter07.20060803_0400z.zip
20060803,0400Z,3.8895,0.4651164412498474,7.362422084130693,3.4243835587501525,ss450-g5nr.leV120.GRASP.example_20060803_0400Z.polarimeter07.20060803_0400z.zip
20060803,0400Z,3.6673,0.46445828676223755,6.895865149839258,3.2028417132377625,ss450-g5nr.leV120.GRASP.example_20060803_0400Z.polarimeter07.20060803_0400z.zip
20060803,0400Z,3.4622,0.4635769724845886,6.468446893390718,2.9986230275154115,ss450-g5nr.leV120.GRASP.example_20060803_0400Z.polarimeter07.20060803_0400z.zip
20060803,0400Z,2.9508,0.45852118730545044,5.435471427919605,2.4922788126945497,ss450-g5nr.leV120.GRASP.example_20060803_0400Z.polarimeter07.20060803_0400z.zip
20060803,0400Z,2.8049,0.453022301197052,5.1915274205892725,2.351877698802948,ss450-g5nr.leV120.GRASP.example_20060803_0400Z.polarimeter07.20060803_0400z.zip
20060803,0400Z,2.7292,0.44537898898124695,5.127814889163789,2.283821011018753,ss450-g5nr.leV120.GRASP.example_20060803_0400Z.polarimeter07.20060803_0400z.zip
20060803,0400Z,2.5319,0.43765950202941895,4.785090894313106,2.094240497970581,ss450-g5nr.leV120.GRASP.example_20060803_0400Z.polarimeter07.20060803_0400z.zip
20060803,0400Z,2.5146,0.4379587471485138,4.741636664120075,2.0766412528514864,ss450-g5nr.leV120.GRASP.example_20060803_0400Z.polarimeter07.20060803_0400z.zip
20060803,0400Z,3.6969,0.4598623216152191,7.0391452533336905,3.2370376783847807,ss450-g5nr.leV120.GRASP.example_20060803_0400Z.polarimeter07.20060803_0400z.zip
20060803,0400Z,3.505,0.45916810631752014,6.633369896070811,3.0458318936824798,ss450-g5nr.leV120.GRASP.example_20060803_0400Z.polarimeter07.20060803_0400z.zip
20060803,0400Z,3.3271,0.45823007822036743,6.260763005609519,2.8688699217796327,ss450-g5nr.leV120.GRASP.example_20060803_0400Z.polarimeter07.20060803_0400z.zip
20060803,0400Z,2.8626,0.4530332386493683,5.318741663490946,2.4095667613506317,ss450-g5nr.leV120.GRASP.example_20060803_0400Z.polarimeter07.20060803_0400z.zip
20060803,0400Z,2.7391,0.4475409984588623,5.120333130221089,2.291559001541138,ss450-g5nr.leV120.GRASP.example_20060803_0400Z.polarimeter07.20060803_0400z.zip
20060803,0400Z,2.6683,0.4399646818637848,5.06480499456572,2.228335318136215,ss450-g5nr.leV120.GRASP.example_20060803_0400Z.polarimeter07.20060803_0400z.zip
20060803,0400Z,2.5012,0.4323858618736267,4.784647974292519,2.068814138126373,ss450-g5nr.leV120.GRASP.example_20060803_0400Z.polarimeter07.20060803_0400z.zip
20060803,0400Z,2.487,0.4326840043067932,4.747843634720087,2.054315995693207,ss450-g5nr.leV120.GRASP.example_20060803_0400Z.polarimeter07.20060803_0400z.zip
20060803,0400Z,3.6939,0.4601036608219147,7.028408192626274,3.2337963391780855,ss450-g5nr.leV120.GRASP.example_20060803_0400Z.polarimeter07.20060803_0400z.zip
20060803,0400Z,3.5087,0.45940646529197693,6.6374632598390555,3.0492935347080232,ss450-g5nr.leV120.GRASP.example_20060803_0400Z.polarimeter07.20060803_0400z.zip
20060803,0400Z,3.3251,0.4584626853466034,6.252716755969319,2.8666373146533966,ss450-g5nr.leV120.GRASP.example_20060803_0400Z.polarimeter07.20060803_0400z.zip
20060803,0400Z,2.8687,0.45315834879875183,5.330458232987324,2.415541651201248,ss450-g5nr.leV120.GRASP.example_20060803_0400Z.polarimeter07.20060803_0400z.zip
20060803,0400Z,2.7471,0.44764503836631775,5.13678196909219,2.2994549616336823,ss450-g5nr.leV120.GRASP.example_20060803_0400Z.polarimeter07.20060803_0400z.zip
20060803,0400Z,2.6773,0.440062940120697,5.083902451012328,2.2372370598793028,ss450-g5nr.leV120.GRASP.example_20060803_0400Z.polarimeter07.20060803_0400z.zip
20060803,0400Z,2.5152,0.43240779638290405,4.816731384215723,2.082792203617096,ss450-g5nr.leV120.GRASP.example_20060803_0400Z.polarimeter07.20060803_0400z.zip
20060803,0400Z,2.5013,0.43267881870269775,4.7809624411466585,2.0686211812973023,ss450-g5nr.leV120.GRASP.example_20060803_0400Z.polarimeter07.20060803_0400z.zip
20060803,0400Z,3.8748,0.4701805114746094,7.241090188633321,3.4046194885253906,ss450-g5nr.leV120.GRASP.example_20060803_0400Z.polarimeter07.20060803_0400z.zip
20060803,0400Z,3.6674,0.46947431564331055,6.811715950796246,3.1979256843566897,ss450-g5nr.leV120.GRASP.example_20060803_0400Z.polarimeter07.20060803_0400z.zip
20060803,0400Z,3.4451,0.4685521125793457,6.3526506604248825,2.9765478874206543,ss450-g5nr.leV120.GRASP.example_20060803_0400Z.polarimeter07.20060803_0400z.zip
20060803,0400Z,2.9225,0.46334290504455566,5.307423655745778,2.459157094955444,ss450-g5nr.leV120.GRASP.example_20060803_0400Z.polarimeter07.20060803_0400z.zip
20060803,0400Z,2.7754,0.4580955505371094,5.058561356349979,2.3173044494628905,ss450-g5nr.leV120.GRASP.example_20060803_0400Z.polarimeter07.20060803_0400z.zip
20060803,0400Z,2.6901,0.45067304372787476,4.969072340666409,2.2394269562721254,ss450-g5nr.leV120.GRASP.example_20060803_0400Z.polarimeter07.20060803_0400z.zip
20060803,0400Z,2.4679,0.44324320554733276,4.567823644250898,2.0246567944526674,ss450-g5nr.leV120.GRASP.example_20060803_0400Z.polarimeter07.20060803_0400z.zip
20060803,0400Z,2.4493,0.443459689617157,4.523162662460943,2.005840310382843,ss450-g5nr.leV120.GRASP.example_20060803_0400Z.polarimeter07.20060803_0400z.zip
20060803,0400Z,3.8852,0.4734673500061035,7.205845661691172,3.4117326499938967,ss450-g5nr.leV120.GRASP.example_20060803_0400Z.polarimeter07.20060803_0400z.zip
20060803,0400Z,3.6681,0.472778856754303,6.758595689287061,3.195321143245697,ss450-g5nr.leV120.GRASP.example_20060803_0400Z.polarimeter07.20060803_0400z.zip
20060803,0400Z,3.4509,0.4718749523162842,6.31316630192094,2.9790250476837157,ss450-g5nr.leV120.GRASP.example_20060803_0400Z.polarimeter07.20060803_0400z.zip
20060803,0400Z,2.9449,0.46682992577552795,5.308293100764144,2.478070074224472,ss450-g5nr.leV120.GRASP.example_20060803_0400Z.polarimeter07.20060803_0400z.zip
20060803,0400Z,2.7914,0.4616338312625885,5.046783859764784,2.3297661687374114,ss450-g5nr.leV120.GRASP.example_20060803_0400Z.polarimeter07.20060803_0400z.zip
20060803,0400Z,2.6929,0.45429155230522156,4.927691118919906,2.2386084476947783,ss450-g5nr.leV120.GRASP.example_20060803_0400Z.polarimeter07.20060803_0400z.zip
20060803,0400Z,2.4736,0.4469633996486664,4.534233903591127,2.0266366003513334,ss450-g5nr.leV120.GRASP.example_20060803_0400Z.polarimeter07.20060803_0400z.zip
20060803,0400Z,2.4579,0.4471829831600189,4.496407718002254,2.010717016839981,ss450-g5nr.leV120.GRASP.example_20060803_0400Z.polarimeter07.20060803_0400z.zip
20060803,0400Z,3.8559,0.4696967601776123,7.209339145839372,3.386203239822388,ss450-g5nr.leV120.GRASP.example_20060803_0400Z.polarimeter07.20060803_0400z.zip
20060803,0400Z,3.6423,0.4689982831478119,6.766126510215975,3.173301716852188,ss450-g5nr.leV120.GRASP.example_20060803_0400Z.polarimeter07.20060803_0400z.zip
20060803,0400Z,3.4284,0.4680442214012146,6.324948889949276,2.9603557785987853,ss450-g5nr.leV120.GRASP.example_20060803_0400Z.polarimeter07.20060803_0400z.zip
20060803,0400Z,2.9331,0.4627273678779602,5.338721682815131,2.47037263212204,ss450-g5nr.leV120.GRASP.example_20060803_0400Z.polarimeter07.20060803_0400z.zip
20060803,0400Z,2.7807,0.45741844177246094,5.079116507032387,2.323281558227539,ss450-g5nr.leV120.GRASP.example_20060803_0400Z.polarimeter07.20060803_0400z.zip
20060803,0400Z,2.6822,0.4499754309654236,4.960769889692271,2.2322245690345763,ss450-g5nr.leV120.GRASP.example_20060803_0400Z.polarimeter07.20060803_0400z.zip
20060803,0400Z,2.4684,0.4423481822013855,4.580219608263756,2.0260518177986144,ss450-g5nr.leV120.GRASP.example_20060803_0400Z.polarimeter07.20060803_0400z.zip
20060803,0400Z,2.4531,0.4425237476825714,4.543431313791647,2.0105762523174286,ss450-g5nr.leV120.GRASP.example_20060803_0400Z.polarimeter07.20060803_0400z.zip
20060803,0400Z,3.8275,0.4623772203922272,7.27787319789066,3.365122779607773,ss450-g5nr.leV120.GRASP.example_20060803_0400Z.polarimeter07.20060803_0400z.zip
20060803,0400Z,3.6174,0.4615981876850128,6.836685880726325,3.155801812314987,ss450-g5nr.leV120.GRASP.example_20060803_0400Z.polarimeter07.20060803_0400z.zip
20060803,0400Z,3.3993,0.4604993164539337,6.381769914831244,2.9388006835460665,ss450-g5nr.leV120.GRASP.example_20060803_0400Z.polarimeter07.20060803_0400z.zip
20060803,0400Z,2.9207,0.4546155035495758,5.424549926686558,2.4660844964504243,ss450-g5nr.leV120.GRASP.example_20060803_0400Z.polarimeter07.20060803_0400z.zip
20060803,0400Z,2.77,0.4490245580673218,5.1689276237419,2.3209754419326782,ss450-g5nr.leV120.GRASP.example_20060803_0400Z.polarimeter07.20060803_0400z.zip
20060803,0400Z,2.6711,0.44127029180526733,5.053206049907291,2.2298297081947327,ss450-g5nr.leV120.GRASP.example_20060803_0400Z.polarimeter07.20060803_0400z.zip
20060803,0400Z,2.4734,0.43296438455581665,4.7127100709160885,2.040435615444183,ss450-g5nr.leV120.GRASP.example_20060803_0400Z.polarimeter07.20060803_0400z.zip
20060803,0400Z,2.4585,0.4330984652042389,4.676538241345718,2.025401534795761,ss450-g5nr.leV120.GRASP.example_20060803_0400Z.polarimeter07.20060803_0400z.zip
20060803,0400Z,1.1581,0.45567449927330017,1.5415071544422887,0.7024255007266997,ss450-g5nr.leV120.GRASP.example_20060803_0400Z.polarimeter07.20060803_0400z.zip
20060803,0400Z,1.119,0.45482388138771057,1.460292974471405,0.6641761186122894,ss450-g5nr.leV120.GRASP.example_20060803_0400Z.polarimeter07.20060803_0400z.zip
20060803,0400Z,1.0735,0.45362621545791626,1.3664858057560618,0.6198737845420836,ss450-g5nr.leV120.GRASP.example_20060803_0400Z.polarimeter07.20060803_0400z.zip
20060803,0400Z,0.96595,0.4474108815193176,1.1589774408700735,0.5185391184806823,ss450-g5nr.leV120.GRASP.example_20060803_0400Z.polarimeter07.20060803_0400z.zip
20060803,1500Z,1.1328,0.6308339238166809,0.7957182663010836,0.5019660761833191,ss450-g5nr.leV120.GRASP.example_20060803_1500Z.polarimeter07.20060803_1500z.zip
20060803,1500Z,1.1245,0.6191203594207764,0.8162865796434738,0.5053796405792237,ss450-g5nr.leV120.GRASP.example_20060803_1500Z.polarimeter07.20060803_1500z.zip
20060806,1800Z,1.6685,0.33673104643821716,3.9549930653814354,1.331768953561783,ss450-g5nr.leV120.GRASP.example_20060806_1800Z.polarimeter07.20060806_1800z.zip
20060806,1800Z,1.6507,0.33322232961654663,3.953749653870832,1.3174776703834534,ss450-g5nr.leV120.GRASP.example_20060806_1800Z.polarimeter07.20060806_1800z.zip
20060806,1800Z,1.615,0.33207419514656067,3.863370968307914,1.2829258048534393,ss450-g5nr.leV120.GRASP.example_20060806_1800Z.polarimeter07.20060806_1800z.zip
20060806,1800Z,1.5216,0.3297874331474304,3.613881085395312,1.1918125668525696,ss450-g5nr.leV120.GRASP.example_20060806_1800Z.polarimeter07.20060806_1800z.zip
20060806,1800Z,1.4556,0.32707318663597107,3.4503800967948717,1.128526813364029,ss450-g5nr.leV120.GRASP.example_20060806_1800Z.polarimeter07.20060806_1800z.zip
20060806,1800Z,1.3794,0.32654446363449097,3.224233308527305,1.052855536365509,ss450-g5nr.leV120.GRASP.example_20060806_1800Z.polarimeter07.20060806_1800z.zip
20060806,1800Z,1.2447,0.30650508403778076,3.0609440587503416,0.9381949159622192,ss450-g5nr.leV120.GRASP.example_20060806_1800Z.polarimeter07.20060806_1800z.zip
20060806,1800Z,1.2355,0.29988136887550354,3.1199625192884883,0.9356186311244965,ss450-g5nr.leV120.GRASP.example_20060806_1800Z.polarimeter07.20060806_1800z.zip
20060806,1400Z,0.95059,0.44798117876052856,1.1219418249447137,0.5026088212394715,ss450-g5nr.leV120.GRASP.example_20060806_1400Z.polarimeter07.20060806_1400z.zip
20060806,1600Z,0.86566,0.3366045653820038,1.571741708308635,0.5290554346179962,ss450-g5nr.leV120.GRASP.example_20060806_1600Z.polarimeter07.20060806_1600z.zip
20060806,1600Z,0.86636,0.3296794593334198,1.6278858918044112,0.5366805406665802,ss450-g5nr.leV120.GRASP.example_20060806_1600Z.polarimeter07.20060806_1600z.zip
20060806,1600Z,0.8515,0.34402304887771606,1.4751248579936516,0.507476951122284,ss450-g5nr.leV120.GRASP.example_20060806_1600Z.polarimeter07.20060806_1600z.zip
20060806,1600Z,0.84237,0.3371206521987915,1.498719655725143,0.5052493478012084,ss450-g5nr.leV120.GRASP.example_20060806_1600Z.polarimeter07.20060806_1600z.zip
20060806,1600Z,1.22,0.38807767629623413,2.1437005386229138,0.8319223237037658,ss450-g5nr.leV120.GRASP.example_20060806_1600Z.polarimeter07.20060806_1600z.zip
20060806,1600Z,1.2307,0.3835468888282776,2.2087341491929333,0.8471531111717223,ss450-g5nr.leV120.GRASP.example_20060806_1600Z.polarimeter07.20060806_1600z.zip
20060806,1600Z,1.2322,0.3821350932121277,2.224514110029647,0.8500649067878723,ss450-g5nr.leV120.GRASP.example_20060806_1600Z.polarimeter07.20060806_1600z.zip
20060806,1600Z,1.256,0.37990492582321167,2.3060903258318852,0.8760950741767883,ss450-g5nr.leV120.GRASP.example_20060806_1600Z.polarimeter07.20060806_1600z.zip
20060806,1600Z,1.2906,0.37717390060424805,2.4217638016108904,0.9134260993957519,ss450-g5nr.leV120.GRASP.example_20060806_1600Z.polarimeter07.20060806_1600z.zip
20060806,1600Z,1.3368,0.3789002001285553,2.5281058166410135,0.9578997998714447,ss450-g5nr.leV120.GRASP.example_20060806_1600Z.polarimeter07.20060806_1600z.zip
20060806,1600Z,1.4796,0.3640362024307251,3.0644309278046684,1.115563797569275,ss450-g5nr.leV120.GRASP.example_20060806_1600Z.polarimeter07.20060806_1600z.zip
20060806,1600Z,1.4857,0.35651201009750366,3.1673210380589167,1.1291879899024964,ss450-g5nr.leV120.GRASP.example_20060806_1600Z.polarimeter07.20060806_1600z.zip
20060806,1600Z,0.90899,0.36154139041900635,1.5142072915815563,0.5474486095809936,ss450-g5nr.leV120.GRASP.example_20060806_1600Z.polarimeter07.20060806_1600z.zip
20060806,1600Z,0.91153,0.35387587547302246,1.5758466829126643,0.5576541245269775,ss450-g5nr.leV120.GRASP.example_20060806_1600Z.polarimeter07.20060806_1600z.zip
20060806,1600Z,0.90278,0.3767457902431488,1.3962576978427625,0.5260342097568512,ss450-g5nr.leV120.GRASP.example_20060806_1600Z.polarimeter07.20060806_1600z.zip
20060806,1600Z,0.91741,0.37234005331993103,1.4639036059108064,0.5450699466800689,ss450-g5nr.leV120.GRASP.example_20060806_1600Z.polarimeter07.20060806_1600z.zip
20060806,1600Z,0.92618,0.37094637751579285,1.4968029239227936,0.5552336224842072,ss450-g5nr.leV120.GRASP.example_20060806_1600Z.polarimeter07.20060806_1600z.zip
20060806,1600Z,0.9907,0.3686397075653076,1.6874478784260896,0.6220602924346924,ss450-g5nr.leV120.GRASP.example_20060806_1600Z.polarimeter07.20060806_1600z.zip
20060806,1600Z,1.0442,0.3658702075481415,1.8540175681361084,0.6783297924518585,ss450-g5nr.leV120.GRASP.example_20060806_1600Z.polarimeter07.20060806_1600z.zip
20060806,1600Z,1.0574,0.3672255575656891,1.8794292178611582,0.6901744424343108,ss450-g5nr.leV120.GRASP.example_20060806_1600Z.polarimeter07.20060806_1600z.zip
20060806,1600Z,0.91197,0.3512173891067505,1.5965969461802814,0.5607526108932495,ss450-g5nr.leV120.GRASP.example_20060806_1600Z.polarimeter07.20060806_1600z.zip
20060806,1600Z,0.87375,0.343768835067749,1.5416789157975992,0.529981164932251,ss450-g5nr.leV120.GRASP.example_20060806_1600Z.polarimeter07.20060806_1600z.zip
20060806,1600Z,1.1042,0.3731260895729065,1.959321341651309,0.7310739104270936,ss450-g5nr.leV120.GRASP.example_20060806_1600Z.polarimeter07.20060806_1600z.zip
20060806,1600Z,1.1012,0.3687877655029297,1.9859992738594576,0.7324122344970703,ss450-g5nr.leV120.GRASP.example_20060806_1600Z.polarimeter07.20060806_1600z.zip
20060806,1600Z,1.0851,0.3674507439136505,1.9530488588560164,0.7176492560863494,ss450-g5nr.leV120.GRASP.example_20060806_1600Z.polarimeter07.20060806_1600z.zip
20060806,1600Z,1.0319,0.3653154969215393,1.8246817030639861,0.6665845030784607,ss450-g5nr.leV120.GRASP.example_20060806_1600Z.polarimeter07.20060806_1600z.zip
20060806,1600Z,1.0056,0.36264485120773315,1.772960919342997,0.6429551487922669,ss450-g5nr.leV120.GRASP.example_20060806_1600Z.polarimeter07.20060806_1600z.zip
20060806,1600Z,0.975,0.36406201124191284,1.6781151833832217,0.6109379887580871,ss450-g5nr.leV120.GRASP.example_20060806_1600Z.polarimeter07.20060806_1600z.zip
20060806,1600Z,0.89312,0.3482409715652466,1.56466088980189,0.5448790284347534,ss450-g5nr.leV120.GRASP.example_20060806_1600Z.polarimeter07.20060806_1600z.zip
20060806,1600Z,0.88015,0.34084218740463257,1.5822801065266177,0.5393078125953674,ss450-g5nr.leV120.GRASP.example_20060806_1600Z.polarimeter07.20060806_1600z.zip
20060812,1400Z,2.0472,0.623360276222229,2.2841361217412093,1.4238397237777711,ss450-g5nr.leV120.GRASP.example_20060812_1400Z.polarimeter07.20060812_1400z.zip
20060812,1400Z,2.0541,0.609129011631012,2.3721920328501747,1.444970988368988,ss450-g5nr.leV120.GRASP.example_20060812_1400Z.polarimeter07.20060812_1400z.zip
20060812,1400Z,2.0434,0.5940630435943604,2.439702270716035,1.4493369564056398,ss450-g5nr.leV120.GRASP.example_20060812_1400Z.polarimeter07.20060812_1400z.zip
20060812,1400Z,2.0244,0.5451033115386963,2.713791417420677,1.4792966884613037,ss450-g5nr.leV120.GRASP.example_20060812_1400Z.polarimeter07.20060812_1400z.zip
20060812,1400Z,2.0429,0.5170806646347046,2.9508342502870835,1.5258193353652953,ss450-g5nr.leV120.GRASP.example_20060812_1400Z.polarimeter07.20060812_1400z.zip
20060812,1400Z,2.0657,0.4923165440559387,3.1958776826425073,1.5733834559440614,ss450-g5nr.leV120.GRASP.example_20060812_1400Z.polarimeter07.20060812_1400z.zip
20060812,1400Z,2.2237,0.4449006915092468,3.9981940744045406,1.7787993084907532,ss450-g5nr.leV120.GRASP.example_20060812_1400Z.polarimeter07.20060812_1400z.zip
20060812,1400Z,2.2336,0.4352831244468689,4.131372834263496,1.7983168755531311,ss450-g5nr.leV120.GRASP.example_20060812_1400Z.polarimeter07.20060812_1400z.zip
20060812,1100Z,0.8554,0.3305826187133789,1.587552858432788,0.5248173812866211,ss450-g5nr.leV120.GRASP.example_20060812_1100Z.polarimeter07.20060812_1100z.zip
20060812,1100Z,0.8539,0.3216400742530823,1.6548308757325723,0.5322599257469177,ss450-g5nr.leV120.GRASP.example_20060812_1100Z.polarimeter07.20060812_1100z.zip
20060812,1100Z,1.125,0.6200597286224365,0.8143413417597211,0.5049402713775635,ss450-g5nr.leV120.GRASP.example_20060812_1100Z.polarimeter07.20060812_1100z.zip
20060812,1100Z,1.1337,0.605860710144043,0.8712221819607077,0.527839289855957,ss450-g5nr.leV120.GRASP.example_20060812_1100Z.polarimeter07.20060812_1100z.zip
20060812,1100Z,1.1304,0.5891947746276855,0.9185506197238498,0.5412052253723145,ss450-g5nr.leV120.GRASP.example_20060812_1100Z.polarimeter07.20060812_1100z.zip
20060812,1100Z,1.1376,0.5223944187164307,1.177664919918524,0.6152055812835693,ss450-g5nr.leV120.GRASP.example_20060812_1100Z.polarimeter07.20060812_1100z.zip
20060812,1100Z,1.1559,0.47799152135849,1.4182437310076965,0.6779084786415099,ss450-g5nr.leV120.GRASP.example_20060812_1100Z.polarimeter07.20060812_1100z.zip
20060812,1100Z,1.1794,0.4305463433265686,1.739310223581268,0.7488536566734314,ss450-g5nr.leV120.GRASP.example_20060812_1100Z.polarimeter07.20060812_1100z.zip
20060812,1100Z,1.2884,0.3531181812286377,2.6486368261105877,0.9352818187713623,ss450-g5nr.leV120.GRASP.example_20060812_1100Z.polarimeter07.20060812_1100z.zip
20060812,1100Z,1.291,0.3435300886631012,2.7580405402744193,0.9474699113368987,ss450-g5nr.leV120.GRASP.example_20060812_1100Z.polarimeter07.20060812_1100z.zip
20060812,1100Z,0.88581,0.3640304207801819,1.4333405930788743,0.5217795792198181,ss450-g5nr.leV120.GRASP.example_20060812_1100Z.polarimeter07.20060812_1100z.zip
20060812,1100Z,0.88416,0.3541968762874603,1.4962388411422078,0.5299631237125396,ss450-g5nr.leV120.GRASP.example_20060812_1100Z.polarimeter07.20060812_1100z.zip
20060810,1000Z,1.2022,0.6960409879684448,0.7271971346240632,0.5061590120315551,ss450-g5nr.leV120.GRASP.example_20060810_1000Z.polarimeter07.20060810_1000z.zip
20060810,1000Z,1.1938,0.6845375895500183,0.7439509797916956,0.5092624104499817,ss450-g5nr.leV120.GRASP.example_20060810_1000Z.polarimeter07.20060810_1000z.zip
20060810,1400Z,1.4867,1.9991180896759033,-0.25632207137847296,0.5124180896759034,ss450-g5nr.leV120.GRASP.example_20060810_1400Z.polarimeter07.20060810_1400z.zip
20060810,1400Z,1.5595,2.21793270111084,-0.2968677547254104,0.6584327011108397,ss450-g5nr.leV120.GRASP.example_20060810_1400Z.polarimeter07.20060810_1400z.zip
20060810,1400Z,1.4973,2.0865111351013184,-0.28239060179887654,0.5892111351013183,ss450-g5nr.leV120.GRASP.example_20060810_1400Z.polarimeter07.20060810_1400z.zip
20060810,1400Z,1.3968,1.90200936794281,-0.2656187590123377,0.50520936794281,ss450-g5nr.leV120.GRASP.example_20060810_1400Z.polarimeter07.20060810_1400z.zip
20060810,1400Z,1.9927,2.5978026390075684,-0.23292864127612642,0.6051026390075684,ss450-g5nr.leV120.GRASP.example_20060810_1400Z.polarimeter07.20060810_1400z.zip
20060810,1400Z,1.8902,2.440103054046631,-0.22536058595340047,0.5499030540466308,ss450-g5nr.leV120.GRASP.example_20060810_1400Z.polarimeter07.20060810_1400z.zip
20060810,1400Z,2.5563,3.080500602722168,-0.1701673430152697,0.5242006027221682,ss450-g5nr.leV120.GRASP.example_20060810_1400Z.polarimeter07.20060810_1400z.zip
20060810,1400Z,2.3742,2.8884334564208984,-0.1780319554455282,0.5142334564208983,ss450-g5nr.leV120.GRASP.example_20060810_1400Z.polarimeter07.20060810_1400z.zip
20060810,1400Z,2.8574,3.4774155616760254,-0.17829780498744693,0.6200155616760252,ss450-g5nr.leV120.GRASP.example_20060810_1400Z.polarimeter07.20060810_1400z.zip
20060810,1400Z,2.6534,3.257293224334717,-0.18539725555658518,0.6038932243347168,ss450-g5nr.leV120.GRASP.example_20060810_1400Z.polarimeter07.20060810_1400z.zip
20060810,1400Z,2.8961,3.640855312347412,-0.20455504227857849,0.744755312347412,ss450-g5nr.leV120.GRASP.example_20060810_1400Z.polarimeter07.20060810_1400z.zip
20060810,1400Z,2.7673,3.408583164215088,-0.1881377491233251,0.6412831642150878,ss450-g5nr.leV120.GRASP.example_20060810_1400Z.polarimeter07.20060810_1400z.zip
20060810,1400Z,2.5511,3.0830090045928955,-0.17252917646380114,0.5319090045928956,ss450-g5nr.leV120.GRASP.example_20060810_1400Z.polarimeter07.20060810_1400z.zip
20060810,1400Z,2.721,3.4267475605010986,-0.20595259733631968,0.7057475605010985,ss450-g5nr.leV120.GRASP.example_20060810_1400Z.polarimeter07.20060810_1400z.zip
20060810,1400Z,2.5321,3.2085328102111816,-0.21082309274146394,0.6764328102111818,ss450-g5nr.leV120.GRASP.example_20060810_1400Z.polarimeter07.20060810_1400z.zip
20060810,1400Z,2.6274,3.2298641204833984,-0.18652924643567678,0.6024641204833983,ss450-g5nr.leV120.GRASP.example_20060810_1400Z.polarimeter07.20060810_1400z.zip
20060810,1400Z,2.4362,3.0244956016540527,-0.1945103181278632,0.5882956016540528,ss450-g5nr.leV120.GRASP.example_20060810_1400Z.polarimeter07.20060810_1400z.zip
20060810,1400Z,2.9262,3.683682680130005,-0.2056319031538492,0.7574826801300047,ss450-g5nr.leV120.GRASP.example_20060810_1400Z.polarimeter07.20060810_1400z.zip
20060810,1400Z,2.7779,3.4457757472991943,-0.19382449592741977,0.6678757472991945,ss450-g5nr.leV120.GRASP.example_20060810_1400Z.polarimeter07.20060810_1400z.zip
20060810,1400Z,2.5524,3.1124157905578613,-0.17992962002595597,0.5600157905578613,ss450-g5nr.leV120.GRASP.example_20060810_1400Z.polarimeter07.20060810_1400z.zip
20060810,1400Z,2.9532,3.606816291809082,-0.18121696225377917,0.6536162918090822,ss450-g5nr.leV120.GRASP.example_20060810_1400Z.polarimeter07.20060810_1400z.zip
20060810,1400Z,2.7994,3.373371124267578,-0.17014763662927782,0.5739711242675782,ss450-g5nr.leV120.GRASP.example_20060810_1400Z.polarimeter07.20060810_1400z.zip
20060810,1400Z,2.5381,3.0463051795959473,-0.16682674572458758,0.5082051795959472,ss450-g5nr.leV120.GRASP.example_20060810_1400Z.polarimeter07.20060810_1400z.zip
20060810,1400Z,2.7734,3.359769344329834,-0.17452666663544303,0.5863693443298339,ss450-g5nr.leV120.GRASP.example_20060810_1400Z.polarimeter07.20060810_1400z.zip
20060810,1400Z,2.5579,3.142490863800049,-0.1860278642443319,0.5845908638000488,ss450-g5nr.leV120.GRASP.example_20060810_1400Z.polarimeter07.20060810_1400z.zip
20060810,1400Z,1.938,2.4550116062164307,-0.21059436334528336,0.5170116062164307,ss450-g5nr.leV120.GRASP.example_20060810_1400Z.polarimeter07.20060810_1400z.zip
20060810,1400Z,2.2963,2.8329944610595703,-0.18944423239671312,0.5366944610595703,ss450-g5nr.leV120.GRASP.example_20060810_1400Z.polarimeter07.20060810_1400z.zip
20060810,1400Z,2.5149,3.0751075744628906,-0.18217495189928065,0.5602075744628907,ss450-g5nr.leV120.GRASP.example_20060810_1400Z.polarimeter07.20060810_1400z.zip
20060810,1400Z,2.3289,2.8764777183532715,-0.19036397009421274,0.5475777183532715,ss450-g5nr.leV120.GRASP.example_20060810_1400Z.polarimeter07.20060810_1400z.zip
20060810,1400Z,1.5186,2.0346672534942627,-0.2536371746328486,0.5160672534942627,ss450-g5nr.leV120.GRASP.example_20060810_1400Z.polarimeter07.20060810_1400z.zip
20060810,1400Z,1.5885,2.1531052589416504,-0.2622283590627518,0.5646052589416504,ss450-g5nr.leV120.GRASP.example_20060810_1400Z.polarimeter07.20060810_1400z.zip
20060810,1400Z,1.4675,2.0108323097229004,-0.2702026952201566,0.5433323097229004,ss450-g5nr.leV120.GRASP.example_20060810_1400Z.polarimeter07.20060810_1400z.zip
20060810,1400Z,1.5643,2.086207151412964,-0.2501703395367436,0.5219071514129638,ss450-g5nr.leV120.GRASP.example_20060810_1400Z.polarimeter07.20060810_1400z.zip
20060902,1500Z,0.9276,0.39371293783187866,1.356031287943347,0.5338870621681213,ss450-g5nr.leV120.GRASP.example_20060902_1500Z.polarimeter07.20060902_1500z.zip
20060902,1500Z,0.93466,0.3897809088230133,1.3979111825212518,0.5448790911769867,ss450-g5nr.leV120.GRASP.example_20060902_1500Z.polarimeter07.20060902_1500z.zip
20060902,1500Z,0.93427,0.38908347487449646,1.4012070939310903,0.5451865251255036,ss450-g5nr.leV120.GRASP.example_20060902_1500Z.polarimeter07.20060902_1500z.zip
20060902,1500Z,0.94574,0.389353483915329,1.4290009954185128,0.556386516084671,ss450-g5nr.leV120.GRASP.example_20060902_1500Z.polarimeter07.20060902_1500z.zip
20060902,1500Z,0.96731,0.3879804015159607,1.4931929453663575,0.5793295984840393,ss450-g5nr.leV120.GRASP.example_20060902_1500Z.polarimeter07.20060902_1500z.zip
20060902,1500Z,0.99471,0.3913889527320862,1.5414871652775022,0.6033210472679138,ss450-g5nr.leV120.GRASP.example_20060902_1500Z.polarimeter07.20060902_1500z.zip
20060902,1500Z,1.0973,0.3824083209037781,1.8694459299595199,0.7148916790962219,ss450-g5nr.leV120.GRASP.example_20060902_1500Z.polarimeter07.20060902_1500z.zip
20060902,1500Z,1.1024,0.3757169544696808,1.934123645168002,0.7266830455303193,ss450-g5nr.leV120.GRASP.example_20060902_1500Z.polarimeter07.20060902_1500z.zip
20060902,1500Z,0.93392,0.3987230658531189,1.3422773347756014,0.5351969341468811,ss450-g5nr.leV120.GRASP.example_20060902_1500Z.polarimeter07.20060902_1500z.zip
20060902,1500Z,0.94178,0.3947165906429291,1.385965075514038,0.5470634093570709,ss450-g5nr.leV120.GRASP.example_20060902_1500Z.polarimeter07.20060902_1500z.zip
20060902,1500Z,0.94241,0.39399057626724243,1.3919607644644947,0.5484194237327575,ss450-g5nr.leV120.GRASP.example_20060902_1500Z.polarimeter07.20060902_1500z.zip
20060902,1500Z,0.95854,0.3942704200744629,1.4311740145734688,0.5642695799255371,ss450-g5nr.leV120.GRASP.example_20060902_1500Z.polarimeter07.20060902_1500z.zip
20060902,1500Z,0.98394,0.39294466376304626,1.5040166993929103,0.5909953362369538,ss450-g5nr.leV120.GRASP.example_20060902_1500Z.polarimeter07.20060902_1500z.zip
20060902,1500Z,1.0168,0.39659321308135986,1.563836108288133,0.6202067869186401,ss450-g5nr.leV120.GRASP.example_20060902_1500Z.polarimeter07.20060902_1500z.zip
20060902,1500Z,1.1289,0.3882788121700287,1.907446825879468,0.7406211878299713,ss450-g5nr.leV120.GRASP.example_20060902_1500Z.polarimeter07.20060902_1500z.zip
20060902,1500Z,1.1335,0.3815835118293762,1.9705161907174875,0.7519164881706237,ss450-g5nr.leV120.GRASP.example_20060902_1500Z.polarimeter07.20060902_1500z.zip
20060902,1500Z,0.91612,0.3953413665294647,1.3172884943516827,0.5207786334705353,ss450-g5nr.leV120.GRASP.example_20060902_1500Z.polarimeter07.20060902_1500z.zip
20060902,1500Z,0.92398,0.3913463354110718,1.3610288800314119,0.5326336645889282,ss450-g5nr.leV120.GRASP.example_20060902_1500Z.polarimeter07.20060902_1500z.zip
20060902,1500Z,0.92479,0.39062798023223877,1.3674443378331158,0.5341620197677612,ss450-g5nr.leV120.GRASP.example_20060902_1500Z.polarimeter07.20060902_1500z.zip
20060902,1500Z,0.94174,0.3910278081893921,1.4083709144897276,0.5507121918106079,ss450-g5nr.leV120.GRASP.example_20060902_1500Z.polarimeter07.20060902_1500z.zip
20060902,1500Z,0.96797,0.38984769582748413,1.482944007006129,0.5781223041725159,ss450-g5nr.leV120.GRASP.example_20060902_1500Z.polarimeter07.20060902_1500z.zip
20060902,1500Z,1.0019,0.39371755719184875,1.5447176070733344,0.6081824428081513,ss450-g5nr.leV120.GRASP.example_20060902_1500Z.polarimeter07.20060902_1500z.zip
20060902,1500Z,1.1133,0.3858926594257355,1.8849991644224398,0.7274073405742645,ss450-g5nr.leV120.GRASP.example_20060902_1500Z.polarimeter07.20060902_1500z.zip
20060902,1500Z,1.1172,0.3792593777179718,1.9457412674203722,0.7379406222820282,ss450-g5nr.leV120.GRASP.example_20060902_1500Z.polarimeter07.20060902_1500z.zip
20060902,1500Z,0.90264,0.3919600546360016,1.3028877287973835,0.5106799453639984,ss450-g5nr.leV120.GRASP.example_20060902_1500Z.polarimeter07.20060902_1500z.zip
20060902,1500Z,0.92735,0.3908063769340515,1.3729141967314675,0.5365436230659485,ss450-g5nr.leV120.GRASP.example_20060902_1500Z.polarimeter07.20060902_1500z.zip
20060902,1500Z,0.95936,0.3947315216064453,1.4304114252028237,0.5646284783935547,ss450-g5nr.leV120.GRASP.example_20060902_1500Z.polarimeter07.20060902_1500z.zip
20060902,1500Z,1.0653,0.3867833912372589,1.7542547692967727,0.678516608762741,ss450-g5nr.leV120.GRASP.example_20060902_1500Z.polarimeter07.20060902_1500z.zip
20060902,1500Z,1.0693,0.38010352849960327,1.813180935785804,0.6891964715003966,ss450-g5nr.leV120.GRASP.example_20060902_1500Z.polarimeter07.20060902_1500z.zip
20060902,1500Z,0.99399,0.3888934850692749,1.5559440776513325,0.6050965149307251,ss450-g5nr.leV120.GRASP.example_20060902_1500Z.polarimeter07.20060902_1500z.zip
20060902,1500Z,0.99722,0.3821341395378113,1.6096071950183017,0.6150858604621887,ss450-g5nr.leV120.GRASP.example_20060902_1500Z.polarimeter07.20060902_1500z.zip
20060902,1500Z,0.89996,0.3953326940536499,1.2764623658418395,0.5046273059463501,ss450-g5nr.leV120.GRASP.example_20060902_1500Z.polarimeter07.20060902_1500z.zip
20060902,1500Z,0.93217,0.3996785283088684,1.332299420597412,0.5324914716911316,ss450-g5nr.leV120.GRASP.example_20060902_1500Z.polarimeter07.20060902_1500z.zip
20060902,1500Z,1.0359,0.3912205696105957,1.6478669079979378,0.6446794303894043,ss450-g5nr.leV120.GRASP.example_20060902_1500Z.polarimeter07.20060902_1500z.zip
20060902,1500Z,1.0395,0.38426223397254944,1.7051838773056707,0.6552377660274507,ss450-g5nr.leV120.GRASP.example_20060902_1500Z.polarimeter07.20060902_1500z.zip
20060902,1500Z,0.92265,0.4030180871486664,1.2893513453148082,0.5196319128513336,ss450-g5nr.leV120.GRASP.example_20060902_1500Z.polarimeter07.20060902_1500z.zip
20060902,1500Z,1.0264,0.3938099145889282,1.6063335684968474,0.6325900854110718,ss450-g5nr.leV120.GRASP.example_20060902_1500Z.polarimeter07.20060902_1500z.zip
20060902,1500Z,1.0303,0.3866491913795471,1.6646893953765567,0.6436508086204529,ss450-g5nr.leV120.GRASP.example_20060902_1500Z.polarimeter07.20060902_1500z.zip
20060902,1500Z,0.91794,0.41156142950057983,1.230383933484483,0.5063785704994201,ss450-g5nr.leV120.GRASP.example_20060902_1500Z.polarimeter07.20060902_1500z.zip
20060902,1500Z,0.9259,0.4073077440261841,1.273219730240331,0.5185922559738159,ss450-g5nr.leV120.GRASP.example_20060902_1500Z.polarimeter07.20060902_1500z.zip
20060902,1500Z,0.9268,0.4065853953361511,1.2794719402888362,0.5202146046638488,ss450-g5nr.leV120.GRASP.example_20060902_1500Z.polarimeter07.20060902_1500z.zip
20060902,1500Z,0.94452,0.4073239862918854,1.318842080964915,0.5371960137081147,ss450-g5nr.leV120.GRASP.example_20060902_1500Z.polarimeter07.20060902_1500z.zip
20060902,1500Z,0.97175,0.4063541889190674,1.3913866929363468,0.5653958110809326,ss450-g5nr.leV120.GRASP.example_20060902_1500Z.polarimeter07.20060902_1500z.zip
20060902,1500Z,1.0066,0.4106142222881317,1.4514494271308012,0.5959857777118682,ss450-g5nr.leV120.GRASP.example_20060902_1500Z.polarimeter07.20060902_1500z.zip
20060902,1500Z,1.116,0.4003003239631653,1.7879068119432546,0.7156996760368348,ss450-g5nr.leV120.GRASP.example_20060902_1500Z.polarimeter07.20060902_1500z.zip
20060902,1500Z,1.1191,0.3928878903388977,1.8483952484121753,0.7262121096611023,ss450-g5nr.leV120.GRASP.example_20060902_1500Z.polarimeter07.20060902_1500z.zip
20060902,1500Z,0.92239,0.421710342168808,1.1872596134499664,0.5006796578311921,ss450-g5nr.leV120.GRASP.example_20060902_1500Z.polarimeter07.20060902_1500z.zip
20060902,1500Z,0.92973,0.41734522581100464,1.227724057926637,0.5123847741889953,ss450-g5nr.leV120.GRASP.example_20060902_1500Z.polarimeter07.20060902_1500z.zip
20060902,1500Z,0.9297,0.41657930612564087,1.2317479200937582,0.5131206938743591,ss450-g5nr.leV120.GRASP.example_20060902_1500Z.polarimeter07.20060902_1500z.zip
20060902,1500Z,0.94394,0.41718900203704834,1.2626195690464863,0.5267509979629517,ss450-g5nr.leV120.GRASP.example_20060902_1500Z.polarimeter07.20060902_1500z.zip
20060902,1500Z,0.96927,0.4160788059234619,1.3295346607447678,0.553191194076538,ss450-g5nr.leV120.GRASP.example_20060902_1500Z.polarimeter07.20060902_1500z.zip
20060902,1500Z,1.0026,0.4202114939689636,1.3859413994850196,0.5823885060310363,ss450-g5nr.leV120.GRASP.example_20060902_1500Z.polarimeter07.20060902_1500z.zip
20060902,1500Z,1.1133,0.40891873836517334,1.722545815461748,0.7043812616348266,ss450-g5nr.leV120.GRASP.example_20060902_1500Z.polarimeter07.20060902_1500z.zip
20060902,1500Z,1.1167,0.4012695550918579,1.7829173328247319,0.7154304449081421,ss450-g5nr.leV120.GRASP.example_20060902_1500Z.polarimeter07.20060902_1500z.zip
20060902,1500Z,0.92714,0.42114293575286865,1.2014853421263512,0.5059970642471313,ss450-g5nr.leV120.GRASP.example_20060902_1500Z.polarimeter07.20060902_1500z.zip
20060902,1500Z,0.92795,0.4203472137451172,1.2075797570593014,0.5076027862548829,ss450-g5nr.leV120.GRASP.example_20060902_1500Z.polarimeter07.20060902_1500z.zip
20060902,1500Z,0.94524,0.42090320587158203,1.2457419825127052,0.5243367941284179,ss450-g5nr.leV120.GRASP.example_20060902_1500Z.polarimeter07.20060902_1500z.zip
20060902,1500Z,0.97215,0.4197617769241333,1.3159564625525777,0.5523882230758667,ss450-g5nr.leV120.GRASP.example_20060902_1500Z.polarimeter07.20060902_1500z.zip
20060902,1500Z,1.007,0.4239000678062439,1.3755598936593687,0.583099932193756,ss450-g5nr.leV120.GRASP.example_20060902_1500Z.polarimeter07.20060902_1500z.zip
20060902,1500Z,1.118,0.4123927354812622,1.711007987799044,0.7056072645187379,ss450-g5nr.leV120.GRASP.example_20060902_1500Z.polarimeter07.20060902_1500z.zip
20060902,1500Z,1.1214,0.4046716094017029,1.771135839398179,0.7167283905982971,ss450-g5nr.leV120.GRASP.example_20060902_1500Z.polarimeter07.20060902_1500z.zip
20060902,1500Z,0.93377,0.4273729622364044,1.1849065863073445,0.5063970377635956,ss450-g5nr.leV120.GRASP.example_20060902_1500Z.polarimeter07.20060902_1500z.zip
20060902,1500Z,0.93447,0.42658233642578125,1.1905970318172876,0.5078876635742188,ss450-g5nr.leV120.GRASP.example_20060902_1500Z.polarimeter07.20060902_1500z.zip
20060902,1500Z,0.95088,0.4272724390029907,1.2254653312505004,0.5236075609970092,ss450-g5nr.leV120.GRASP.example_20060902_1500Z.polarimeter07.20060902_1500z.zip
20060902,1500Z,0.97642,0.426221638917923,1.2908738338083958,0.550198361082077,ss450-g5nr.leV120.GRASP.example_20060902_1500Z.polarimeter07.20060902_1500z.zip
20060902,1500Z,1.0086,0.4305761754512787,1.3424426559200715,0.5780238245487213,ss450-g5nr.leV120.GRASP.example_20060902_1500Z.polarimeter07.20060902_1500z.zip
20060902,1500Z,1.1154,0.4189903736114502,1.6621136671611547,0.6964096263885498,ss450-g5nr.leV120.GRASP.example_20060902_1500Z.polarimeter07.20060902_1500z.zip
20060902,1500Z,1.1191,0.4111275374889374,1.72202637370189,0.7079724625110626,ss450-g5nr.leV120.GRASP.example_20060902_1500Z.polarimeter07.20060902_1500z.zip
20060902,1500Z,0.94149,0.4383929371833801,1.1475939052507453,0.5030970628166199,ss450-g5nr.leV120.GRASP.example_20060902_1500Z.polarimeter07.20060902_1500z.zip
20060902,1500Z,0.94964,0.43383049964904785,1.1889655078843515,0.5158095003509522,ss450-g5nr.leV120.GRASP.example_20060902_1500Z.polarimeter07.20060902_1500z.zip
20060902,1500Z,0.95052,0.4330146312713623,1.1951221306522704,0.5175053687286377,ss450-g5nr.leV120.GRASP.example_20060902_1500Z.polarimeter07.20060902_1500z.zip
20060902,1500Z,0.96866,0.43365371227264404,1.2337177627825544,0.5350062877273559,ss450-g5nr.leV120.GRASP.example_20060902_1500Z.polarimeter07.20060902_1500z.zip
20060902,1500Z,0.99676,0.43254855275154114,1.3043887065611008,0.5642114472484588,ss450-g5nr.leV120.GRASP.example_20060902_1500Z.polarimeter07.20060902_1500z.zip
20060902,1500Z,1.0332,0.4369186460971832,1.3647422906510303,0.5962813539028167,ss450-g5nr.leV120.GRASP.example_20060902_1500Z.polarimeter07.20060902_1500z.zip
20060902,1500Z,1.1477,0.4250470995903015,1.7001713483194123,0.7226529004096984,ss450-g5nr.leV120.GRASP.example_20060902_1500Z.polarimeter07.20060902_1500z.zip
20060902,1500Z,1.1508,0.41705650091171265,1.7593383569954584,0.7337434990882874,ss450-g5nr.leV120.GRASP.example_20060902_1500Z.polarimeter07.20060902_1500z.zip
20060902,1500Z,0.95517,0.4436396360397339,1.1530312497020705,0.5115303639602661,ss450-g5nr.leV120.GRASP.example_20060902_1500Z.polarimeter07.20060902_1500z.zip
20060902,1500Z,0.95606,0.4427996575832367,1.1591254275536145,0.5132603424167633,ss450-g5nr.leV120.GRASP.example_20060902_1500Z.polarimeter07.20060902_1500z.zip
20060902,1500Z,0.97423,0.44338375329971313,1.1972613853116354,0.5308462467002869,ss450-g5nr.leV120.GRASP.example_20060902_1500Z.polarimeter07.20060902_1500z.zip
20060902,1500Z,1.0024,0.44218161702156067,1.2669418207657492,0.5602183829784393,ss450-g5nr.leV120.GRASP.example_20060902_1500Z.polarimeter07.20060902_1500z.zip
20060902,1500Z,1.0391,0.4465070366859436,1.3271749706620282,0.5925929633140563,ss450-g5nr.leV120.GRASP.example_20060902_1500Z.polarimeter07.20060902_1500z.zip
20060902,1500Z,1.1547,0.433885782957077,1.6612994602642488,0.720814217042923,ss450-g5nr.leV120.GRASP.example_20060902_1500Z.polarimeter07.20060902_1500z.zip
20060902,1500Z,1.158,0.42566508054733276,1.7204486647366264,0.7323349194526672,ss450-g5nr.leV120.GRASP.example_20060902_1500Z.polarimeter07.20060902_1500z.zip
20060902,1500Z,0.96205,0.44917213916778564,1.1418291922167323,0.5128778608322143,ss450-g5nr.leV120.GRASP.example_20060902_1500Z.polarimeter07.20060902_1500z.zip
20060902,1500Z,0.96306,0.44829636812210083,1.1482663445038104,0.5147636318778992,ss450-g5nr.leV120.GRASP.example_20060902_1500Z.polarimeter07.20060902_1500z.zip
20060902,1500Z,0.98216,0.44875991344451904,1.18860903252542,0.533400086555481,ss450-g5nr.leV120.GRASP.example_20060902_1500Z.polarimeter07.20060902_1500z.zip
20060902,1500Z,1.0114,0.4474415183067322,1.260407133936687,0.5639584816932679,ss450-g5nr.leV120.GRASP.example_20060902_1500Z.polarimeter07.20060902_1500z.zip
20060902,1500Z,1.0493,0.45165032148361206,1.3232575071643635,0.5976496785163878,ss450-g5nr.leV120.GRASP.example_20060902_1500Z.polarimeter07.20060902_1500z.zip
20060902,1500Z,1.1651,0.4383872151374817,1.6576961183382493,0.7267127848625183,ss450-g5nr.leV120.GRASP.example_20060902_1500Z.polarimeter07.20060902_1500z.zip
20060902,1500Z,1.1678,0.4300169348716736,1.7157069996522274,0.7377830651283264,ss450-g5nr.leV120.GRASP.example_20060902_1500Z.polarimeter07.20060902_1500z.zip
20060902,1500Z,0.97378,0.45282554626464844,1.1504528797738942,0.5209544537353515,ss450-g5nr.leV120.GRASP.example_20060902_1500Z.polarimeter07.20060902_1500z.zip
20060902,1500Z,1.0063,0.45704329013824463,1.201760799716846,0.5492567098617553,ss450-g5nr.leV120.GRASP.example_20060902_1500Z.polarimeter07.20060902_1500z.zip
20060902,1500Z,1.1121,0.4433950185775757,1.5081472578732384,0.6687049814224244,ss450-g5nr.leV120.GRASP.example_20060902_1500Z.polarimeter07.20060902_1500z.zip
20060902,1500Z,1.1166,0.434893935918808,1.567522579134013,0.681706064081192,ss450-g5nr.leV120.GRASP.example_20060902_1500Z.polarimeter07.20060902_1500z.zip
20060902,1500Z,0.96985,0.4603457450866699,1.1067860631956206,0.5095042549133301,ss450-g5nr.leV120.GRASP.example_20060902_1500Z.polarimeter07.20060902_1500z.zip
20060902,1500Z,0.99863,0.45881742238998413,1.1765302520513001,0.5398125776100159,ss450-g5nr.leV120.GRASP.example_20060902_1500Z.polarimeter07.20060902_1500z.zip
20060902,1500Z,1.0359,0.4629048705101013,1.2378248015806848,0.5729951294898987,ss450-g5nr.leV120.GRASP.example_20060902_1500Z.polarimeter07.20060902_1500z.zip
20060902,1500Z,1.1483,0.44878414273262024,1.5586911182023255,0.6995158572673799,ss450-g5nr.leV120.GRASP.example_20060902_1500Z.polarimeter07.20060902_1500z.zip
20060902,1500Z,1.1507,0.44015607237815857,1.614299954520178,0.7105439276218415,ss450-g5nr.leV120.GRASP.example_20060902_1500Z.polarimeter07.20060902_1500z.zip
20060902,1500Z,0.99299,0.4533486068248749,1.1903453215718924,0.5396413931751252,ss450-g5nr.leV120.GRASP.example_20060902_1500Z.polarimeter07.20060902_1500z.zip
20060902,1500Z,0.98323,0.44460412859916687,1.211472941328513,0.5386258714008332,ss450-g5nr.leV120.GRASP.example_20060902_1500Z.polarimeter07.20060902_1500z.zip
20060902,1500Z,0.99275,0.472233384847641,1.102244423740384,0.520516615152359,ss450-g5nr.leV120.GRASP.example_20060902_1500Z.polarimeter07.20060902_1500z.zip
20060902,1500Z,1.0015,0.4672422409057617,1.1434277818259009,0.5342577590942383,ss450-g5nr.leV120.GRASP.example_20060902_1500Z.polarimeter07.20060902_1500z.zip
20060902,1500Z,1.0026,0.4662184715270996,1.1504939448580436,0.5363815284729003,ss450-g5nr.leV120.GRASP.example_20060902_1500Z.polarimeter07.20060902_1500z.zip
20060902,1500Z,1.0228,0.4660854637622833,1.1944473267710762,0.5567145362377166,ss450-g5nr.leV120.GRASP.example_20060902_1500Z.polarimeter07.20060902_1500z.zip
20060902,1500Z,1.0535,0.4642612040042877,1.269196717092627,0.5892387959957124,ss450-g5nr.leV120.GRASP.example_20060902_1500Z.polarimeter07.20060902_1500z.zip
20060902,1500Z,1.0931,0.468034565448761,1.3355112649680343,0.625065434551239,ss450-g5nr.leV120.GRASP.example_20060902_1500Z.polarimeter07.20060902_1500z.zip
20060902,1500Z,1.2123,0.4530892074108124,1.6756320392792257,0.7592107925891876,ss450-g5nr.leV120.GRASP.example_20060902_1500Z.polarimeter07.20060902_1500z.zip
20060902,1500Z,1.2147,0.4443006217479706,1.7339597122802095,0.7703993782520293,ss450-g5nr.leV120.GRASP.example_20060902_1500Z.polarimeter07.20060902_1500z.zip
20060902,1500Z,0.97639,0.46648794412612915,1.0930658815397025,0.5099020558738708,ss450-g5nr.leV120.GRASP.example_20060902_1500Z.polarimeter07.20060902_1500z.zip
20060902,1500Z,0.97735,0.465437650680542,1.0998516097074718,0.5119123493194581,ss450-g5nr.leV120.GRASP.example_20060902_1500Z.polarimeter07.20060902_1500z.zip
20060902,1500Z,0.99622,0.465139776468277,1.1417647993128432,0.531080223531723,ss450-g5nr.leV120.GRASP.example_20060902_1500Z.polarimeter07.20060902_1500z.zip
20060902,1500Z,1.0253,0.4631783366203308,1.2136182090926302,0.5621216633796693,ss450-g5nr.leV120.GRASP.example_20060902_1500Z.polarimeter07.20060902_1500z.zip
20060902,1500Z,1.0632,0.46671438217163086,1.278052789058932,0.5964856178283691,ss450-g5nr.leV120.GRASP.example_20060902_1500Z.polarimeter07.20060902_1500z.zip
20060902,1500Z,1.1788,0.45109111070632935,1.6132193076343415,0.7277088892936707,ss450-g5nr.leV120.GRASP.example_20060902_1500Z.polarimeter07.20060902_1500z.zip
20060902,1500Z,1.1817,0.44223296642303467,1.6721210079793105,0.7394670335769653,ss450-g5nr.leV120.GRASP.example_20060902_1500Z.polarimeter07.20060902_1500z.zip
20060902,1500Z,1.0309,0.4312121570110321,1.3907025422143315,0.5996878429889678,ss450-g5nr.leV120.GRASP.example_20060902_1500Z.polarimeter07.20060902_1500z.zip
20060902,1500Z,1.0325,0.42215192317962646,1.4458019573220544,0.6103480768203735,ss450-g5nr.leV120.GRASP.example_20060902_1500Z.polarimeter07.20060902_1500z.zip
20060902,1500Z,1.0463,0.4488561749458313,1.3310362169491579,0.5974438250541687,ss450-g5nr.leV120.GRASP.example_20060902_1500Z.polarimeter07.20060902_1500z.zip
20060902,1500Z,1.0478,0.43974268436431885,1.3827570923997834,0.6080573156356812,ss450-g5nr.leV120.GRASP.example_20060902_1500Z.polarimeter07.20060902_1500z.zip
20060902,1500Z,1.0419,0.47105395793914795,1.211848520620212,0.5708460420608521,ss450-g5nr.leV120.GRASP.example_20060902_1500Z.polarimeter07.20060902_1500z.zip
20060902,1500Z,1.0426,0.46189919114112854,1.2572024805331263,0.5807008088588714,ss450-g5nr.leV120.GRASP.example_20060902_1500Z.polarimeter07.20060902_1500z.zip
20060902,1500Z,1.0435,0.4870292544364929,1.1425817658681716,0.5564707455635072,ss450-g5nr.leV120.GRASP.example_20060902_1500Z.polarimeter07.20060902_1500z.zip
20060902,1500Z,1.0433,0.47769778966903687,1.1840168042703922,0.565602210330963,ss450-g5nr.leV120.GRASP.example_20060902_1500Z.polarimeter07.20060902_1500z.zip
20060902,1500Z,1.0323,0.5271933078765869,0.9581052805049184,0.5051066921234131,ss450-g5nr.leV120.GRASP.example_20060902_1500Z.polarimeter07.20060902_1500z.zip
20060902,1500Z,1.0335,0.517335057258606,0.9977381882383685,0.5161649427413941,ss450-g5nr.leV120.GRASP.example_20060902_1500Z.polarimeter07.20060902_1500z.zip
20060902,1500Z,0.99155,0.483044296503067,1.0527102942280664,0.508505703496933,ss450-g5nr.leV120.GRASP.example_20060902_1500Z.polarimeter07.20060902_1500z.zip
20060902,1500Z,1.0099,0.47669458389282227,1.118547250427878,0.5332054161071778,ss450-g5nr.leV120.GRASP.example_20060902_1500Z.polarimeter07.20060902_1500z.zip
20060902,1500Z,1.0099,0.467428058385849,1.1605463811638697,0.542471941614151,ss450-g5nr.leV120.GRASP.example_20060902_1500Z.polarimeter07.20060902_1500z.zip
20060902,1500Z,1.0082,0.46783509850502014,1.155032837898932,0.5403649014949798,ss450-g5nr.leV120.GRASP.example_20060902_1500Z.polarimeter07.20060902_1500z.zip
20060902,1500Z,1.0086,0.458690881729126,1.198866470154983,0.549909118270874,ss450-g5nr.leV120.GRASP.example_20060902_1500Z.polarimeter07.20060902_1500z.zip
20060902,1500Z,1.0079,0.4611285328865051,1.1857246475096535,0.5467714671134949,ss450-g5nr.leV120.GRASP.example_20060902_1500Z.polarimeter07.20060902_1500z.zip
20060902,1500Z,1.0104,0.45205217599868774,1.2351402197496182,0.5583478240013122,ss450-g5nr.leV120.GRASP.example_20060902_1500Z.polarimeter07.20060902_1500z.zip
20060902,1500Z,0.98987,0.4558596909046173,1.1714356845977798,0.5340103090953827,ss450-g5nr.leV120.GRASP.example_20060902_1500Z.polarimeter07.20060902_1500z.zip
20060902,1500Z,0.99035,0.4468532204627991,1.2162758477477449,0.5434967795372009,ss450-g5nr.leV120.GRASP.example_20060902_1500Z.polarimeter07.20060902_1500z.zip
20060902,1500Z,0.97457,0.45368197560310364,1.1481347119961118,0.5208880243968964,ss450-g5nr.leV120.GRASP.example_20060902_1500Z.polarimeter07.20060902_1500z.zip
20060902,1500Z,0.97526,0.44472575187683105,1.1929469923524982,0.530534248123169,ss450-g5nr.leV120.GRASP.example_20060902_1500Z.polarimeter07.20060902_1500z.zip
20060902,1500Z,0.95331,0.44539931416511536,1.1403490523710045,0.5079106858348846,ss450-g5nr.leV120.GRASP.example_20060902_1500Z.polarimeter07.20060902_1500z.zip
20060902,1500Z,0.93689,0.43665048480033875,1.145629130420865,0.5002395151996613,ss450-g5nr.leV120.GRASP.example_20060902_1500Z.polarimeter07.20060902_1500z.zip
20060902,1500Z,0.94003,0.4283137917518616,1.194722696542527,0.5117162082481385,ss450-g5nr.leV120.GRASP.example_20060902_1500Z.polarimeter07.20060902_1500z.zip
20060902,1500Z,0.95471,0.42737722396850586,1.23388132651251,0.5273327760314941,ss450-g5nr.leV120.GRASP.example_20060902_1500Z.polarimeter07.20060902_1500z.zip
20060902,1500Z,0.95689,0.41928011178970337,1.2822212957239991,0.5376098882102966,ss450-g5nr.leV120.GRASP.example_20060902_1500Z.polarimeter07.20060902_1500z.zip
20060902,1500Z,1.0041,0.4228491187095642,1.3746058713904297,0.5812508812904358,ss450-g5nr.leV120.GRASP.example_20060902_1500Z.polarimeter07.20060902_1500z.zip
20060902,1500Z,1.0061,0.41483932733535767,1.4252763267708826,0.5912606726646423,ss450-g5nr.leV120.GRASP.example_20060902_1500Z.polarimeter07.20060902_1500z.zip
20060902,1500Z,1.0158,0.42818859219551086,1.3723191568265458,0.5876114078044892,ss450-g5nr.leV120.GRASP.example_20060902_1500Z.polarimeter07.20060902_1500z.zip
20060902,1500Z,1.0186,0.4201524555683136,1.4243580788364174,0.5984475444316864,ss450-g5nr.leV120.GRASP.example_20060902_1500Z.polarimeter07.20060902_1500z.zip
20060902,1500Z,1.0075,0.43677228689193726,1.30669396900007,0.5707277131080628,ss450-g5nr.leV120.GRASP.example_20060902_1500Z.polarimeter07.20060902_1500z.zip
20060902,1500Z,1.0102,0.42871516942977905,1.3563430268717482,0.5814848305702209,ss450-g5nr.leV120.GRASP.example_20060902_1500Z.polarimeter07.20060902_1500z.zip
20060902,1500Z,1.0035,0.44041675329208374,1.2785236767196282,0.5630832467079163,ss450-g5nr.leV120.GRASP.example_20060902_1500Z.polarimeter07.20060902_1500z.zip
20060902,1500Z,1.0061,0.43241751194000244,1.3266865291514731,0.5736824880599976,ss450-g5nr.leV120.GRASP.example_20060902_1500Z.polarimeter07.20060902_1500z.zip
20060902,1500Z,0.98961,0.44351303577423096,1.231298564364539,0.546096964225769,ss450-g5nr.leV120.GRASP.example_20060902_1500Z.polarimeter07.20060902_1500z.zip
20060902,1500Z,0.99207,0.43554210662841797,1.2777820672258973,0.556527893371582,ss450-g5nr.leV120.GRASP.example_20060902_1500Z.polarimeter07.20060902_1500z.zip
20060902,1500Z,0.9763,0.4485327899456024,1.176652458604876,0.5277672100543975,ss450-g5nr.leV120.GRASP.example_20060902_1500Z.polarimeter07.20060902_1500z.zip
20060902,1500Z,0.97825,0.44056522846221924,1.2204430508838715,0.5376847715377807,ss450-g5nr.leV120.GRASP.example_20060902_1500Z.polarimeter07.20060902_1500z.zip
20060902,1500Z,1.0125,0.4574376344680786,1.2134164828334764,0.5550623655319213,ss450-g5nr.leV120.GRASP.example_20060902_1500Z.polarimeter07.20060902_1500z.zip
20060902,1500Z,1.0117,0.44942861795425415,1.2510805044083277,0.5622713820457459,ss450-g5nr.leV120.GRASP.example_20060902_1500Z.polarimeter07.20060902_1500z.zip
20060902,1500Z,0.96921,0.46379420161247253,1.0897415203345562,0.5054157983875275,ss450-g5nr.leV120.GRASP.example_20060902_1500Z.polarimeter07.20060902_1500z.zip
20060902,1500Z,1.0066,0.4625661373138428,1.176121247969866,0.5440338626861572,ss450-g5nr.leV120.GRASP.example_20060902_1500Z.polarimeter07.20060902_1500z.zip
20060902,1500Z,1.0079,0.4540632665157318,1.2197347249297463,0.5538367334842682,ss450-g5nr.leV120.GRASP.example_20060902_1500Z.polarimeter07.20060902_1500z.zip
20060902,1500Z,1.0374,0.4504317045211792,1.3031238467167485,0.5869682954788209,ss450-g5nr.leV120.GRASP.example_20060902_1500Z.polarimeter07.20060902_1500z.zip
20060902,1500Z,1.0392,0.4420996606349945,1.350601216267348,0.5971003393650054,ss450-g5nr.leV120.GRASP.example_20060902_1500Z.polarimeter07.20060902_1500z.zip
20060902,1500Z,1.0348,0.45338553190231323,1.282384256194039,0.5814144680976867,ss450-g5nr.leV120.GRASP.example_20060902_1500Z.polarimeter07.20060902_1500z.zip
20060902,1500Z,1.0369,0.44510310888290405,1.3295725851081024,0.5917968911170959,ss450-g5nr.leV120.GRASP.example_20060902_1500Z.polarimeter07.20060902_1500z.zip
20060902,1500Z,1.0097,0.46021145582199097,1.1939914515960035,0.5494885441780091,ss450-g5nr.leV120.GRASP.example_20060902_1500Z.polarimeter07.20060902_1500z.zip
20060902,1500Z,1.0118,0.45194244384765625,1.2387806539831525,0.5598575561523438,ss450-g5nr.leV120.GRASP.example_20060902_1500Z.polarimeter07.20060902_1500z.zip
20060902,1500Z,0.96359,0.4635557532310486,1.0786927856760327,0.5000342467689514,ss450-g5nr.leV120.GRASP.example_20060902_1500Z.polarimeter07.20060902_1500z.zip
20060902,1500Z,0.96502,0.45531272888183594,1.1194663333263515,0.509707271118164,ss450-g5nr.leV120.GRASP.example_20060902_1500Z.polarimeter07.20060902_1500z.zip
20060902,1500Z,0.93394,0.42770132422447205,1.1836266270474225,0.506238675775528,ss450-g5nr.leV120.GRASP.example_20060902_1500Z.polarimeter07.20060902_1500z.zip
20060902,1500Z,0.94165,0.43587470054626465,1.1603685619281574,0.5057752994537353,ss450-g5nr.leV120.GRASP.example_20060902_1500Z.polarimeter07.20060902_1500z.zip
20060902,1500Z,0.931,0.4268544316291809,1.1810714168917964,0.5041455683708191,ss450-g5nr.leV120.GRASP.example_20060902_1500Z.polarimeter07.20060902_1500z.zip
20060902,1500Z,0.93406,0.4193984270095825,1.2271423540142614,0.5146615729904175,ss450-g5nr.leV120.GRASP.example_20060902_1500Z.polarimeter07.20060902_1500z.zip
20060902,1500Z,1.0057,0.40677958726882935,1.4723462815634374,0.5989204127311707,ss450-g5nr.leV120.GRASP.example_20060902_1500Z.polarimeter07.20060902_1500z.zip
20060902,1500Z,1.009,0.3997783362865448,1.5238986418633496,0.6092216637134551,ss450-g5nr.leV120.GRASP.example_20060902_1500Z.polarimeter07.20060902_1500z.zip
20060902,1500Z,0.90245,0.39454811811447144,1.2873002266815259,0.5079018818855285,ss450-g5nr.leV120.GRASP.example_20060902_1500Z.polarimeter07.20060902_1500z.zip
20060902,1500Z,1.0007,0.3859718441963196,1.5926761629042734,0.6147281558036803,ss450-g5nr.leV120.GRASP.example_20060902_1500Z.polarimeter07.20060902_1500z.zip
20060902,1500Z,1.0056,0.3793327212333679,1.6509708857447827,0.6262672787666321,ss450-g5nr.leV120.GRASP.example_20060902_1500Z.polarimeter07.20060902_1500z.zip
20060902,1500Z,0.89655,0.39161086082458496,1.2893900289491547,0.504939139175415,ss450-g5nr.leV120.GRASP.example_20060902_1500Z.polarimeter07.20060902_1500z.zip
20060902,1500Z,0.90357,0.38853251934051514,1.3255968420190307,0.5150374806594848,ss450-g5nr.leV120.GRASP.example_20060902_1500Z.polarimeter07.20060902_1500z.zip
20060902,1500Z,0.90347,0.38885438442230225,1.3234147181913134,0.5146156155776977,ss450-g5nr.leV120.GRASP.example_20060902_1500Z.polarimeter07.20060902_1500z.zip
20060902,1500Z,0.91576,0.392474889755249,1.3332957697524965,0.523285110244751,ss450-g5nr.leV120.GRASP.example_20060902_1500Z.polarimeter07.20060902_1500z.zip
20060902,1500Z,0.93719,0.39291009306907654,1.385253055424145,0.5442799069309234,ss450-g5nr.leV120.GRASP.example_20060902_1500Z.polarimeter07.20060902_1500z.zip
20060902,1500Z,0.96487,0.39751914143562317,1.4272290298158066,0.5673508585643768,ss450-g5nr.leV120.GRASP.example_20060902_1500Z.polarimeter07.20060902_1500z.zip
20060902,1500Z,1.0666,0.3877871036529541,1.7504782648845956,0.6788128963470459,ss450-g5nr.leV120.GRASP.example_20060902_1500Z.polarimeter07.20060902_1500z.zip
20060902,1500Z,1.0734,0.381328284740448,1.8148974071792554,0.6920717152595519,ss450-g5nr.leV120.GRASP.example_20060902_1500Z.polarimeter07.20060902_1500z.zip
20060902,1500Z,0.92363,0.4109727144241333,1.2474241417565073,0.5126572855758667,ss450-g5nr.leV120.GRASP.example_20060902_1500Z.polarimeter07.20060902_1500z.zip
20060902,1500Z,0.95231,0.4159722924232483,1.2893592129714078,0.5363377075767517,ss450-g5nr.leV120.GRASP.example_20060902_1500Z.polarimeter07.20060902_1500z.zip
20060902,1500Z,1.0547,0.40642791986465454,1.5950480969693912,0.6482720801353454,ss450-g5nr.leV120.GRASP.example_20060902_1500Z.polarimeter07.20060902_1500z.zip
20060902,1500Z,1.061,0.39977461099624634,1.6539954534780652,0.6612253890037536,ss450-g5nr.leV120.GRASP.example_20060902_1500Z.polarimeter07.20060902_1500z.zip
20060902,1500Z,0.93796,0.423617422580719,1.2141676663954364,0.514342577419281,ss450-g5nr.leV120.GRASP.example_20060902_1500Z.polarimeter07.20060902_1500z.zip
20060902,1500Z,1.0367,0.4140355587005615,1.5038912195214647,0.6226644412994384,ss450-g5nr.leV120.GRASP.example_20060902_1500Z.polarimeter07.20060902_1500z.zip
20060902,1500Z,1.0414,0.4073307514190674,1.556644683397826,0.6340692485809327,ss450-g5nr.leV120.GRASP.example_20060902_1500Z.polarimeter07.20060902_1500z.zip
20060902,1500Z,1.0203,0.4154144525527954,1.4561013554778264,0.6048855474472046,ss450-g5nr.leV120.GRASP.example_20060902_1500Z.polarimeter07.20060902_1500z.zip
20060902,1500Z,1.0255,0.40882012248039246,1.5084381702595482,0.6166798775196076,ss450-g5nr.leV120.GRASP.example_20060902_1500Z.polarimeter07.20060902_1500z.zip
20060902,1500Z,0.91721,0.4168053865432739,1.2005713688270019,0.500404613456726,ss450-g5nr.leV120.GRASP.example_20060902_1500Z.polarimeter07.20060902_1500z.zip
20060902,1500Z,1.0182,0.40813976526260376,1.494733634555,0.6100602347373962,ss450-g5nr.leV120.GRASP.example_20060902_1500Z.polarimeter07.20060902_1500z.zip
20060902,1500Z,1.0226,0.40170249342918396,1.5456650549277058,0.620897506570816,ss450-g5nr.leV120.GRASP.example_20060902_1500Z.polarimeter07.20060902_1500z.zip
20060902,1500Z,0.92995,0.4150618314743042,1.2405095566046327,0.5148881685256959,ss450-g5nr.leV120.GRASP.example_20060902_1500Z.polarimeter07.20060902_1500z.zip
20060902,1500Z,1.0308,0.4068185091018677,1.5338080174269721,0.6239814908981323,ss450-g5nr.leV120.GRASP.example_20060902_1500Z.polarimeter07.20060902_1500z.zip
20060902,1500Z,1.0366,0.4004379212856293,1.58866592023037,0.6361620787143707,ss450-g5nr.leV120.GRASP.example_20060902_1500Z.polarimeter07.20060902_1500z.zip
20060902,1500Z,1.0381,0.4281039237976074,1.4248784986394505,0.6099960762023926,ss450-g5nr.leV120.GRASP.example_20060902_1500Z.polarimeter07.20060902_1500z.zip
20060902,1500Z,1.0432,0.42157435417175293,1.4745338270149884,0.621625645828247,ss450-g5nr.leV120.GRASP.example_20060902_1500Z.polarimeter07.20060902_1500z.zip
20060902,1500Z,0.96559,0.45662200450897217,1.1146374692090142,0.5089679954910278,ss450-g5nr.leV120.GRASP.example_20060902_1500Z.polarimeter07.20060902_1500z.zip
20060902,1500Z,1.0716,0.4474930167198181,1.3946742406283057,0.624106983280182,ss450-g5nr.leV120.GRASP.example_20060902_1500Z.polarimeter07.20060902_1500z.zip
20060902,1500Z,1.076,0.440660297870636,1.4417902071038853,0.6353397021293641,ss450-g5nr.leV120.GRASP.example_20060902_1500Z.polarimeter07.20060902_1500z.zip
20060902,1500Z,0.97149,0.4506016969680786,1.1559838911765616,0.5208883030319214,ss450-g5nr.leV120.GRASP.example_20060902_1500Z.polarimeter07.20060902_1500z.zip
20060902,1500Z,1.002,0.456519216299057,1.1948692721482483,0.545480783700943,ss450-g5nr.leV120.GRASP.example_20060902_1500Z.polarimeter07.20060902_1500z.zip
20060902,1500Z,1.1122,0.44713351130485535,1.4874002325486688,0.6650664886951447,ss450-g5nr.leV120.GRASP.example_20060902_1500Z.polarimeter07.20060902_1500z.zip
20060902,1500Z,1.1167,0.44006502628326416,1.5375795241705819,0.6766349737167359,ss450-g5nr.leV120.GRASP.example_20060902_1500Z.polarimeter07.20060902_1500z.zip
20060902,1500Z,0.93866,0.43065011501312256,1.1796348526956684,0.5080098849868775,ss450-g5nr.leV120.GRASP.example_20060902_1500Z.polarimeter07.20060902_1500z.zip
20060902,1500Z,0.93907,0.4316989481449127,1.1752890620543577,0.5073710518550872,ss450-g5nr.leV120.GRASP.example_20060902_1500Z.polarimeter07.20060902_1500z.zip
20060902,1500Z,0.95421,0.43819236755371094,1.17760524978345,0.5160176324462891,ss450-g5nr.leV120.GRASP.example_20060902_1500Z.polarimeter07.20060902_1500z.zip
20060902,1500Z,0.97884,0.43995237350463867,1.2248771888707166,0.5388876264953614,ss450-g5nr.leV120.GRASP.example_20060902_1500Z.polarimeter07.20060902_1500z.zip
20060902,1500Z,1.0111,0.44644278287887573,1.26479190341021,0.5646572171211244,ss450-g5nr.leV120.GRASP.example_20060902_1500Z.polarimeter07.20060902_1500z.zip
20060902,1500Z,1.1241,0.4369993209838867,1.5723152097104713,0.6871006790161134,ss450-g5nr.leV120.GRASP.example_20060902_1500Z.polarimeter07.20060902_1500z.zip
20060902,1500Z,1.1284,0.4297812879085541,1.6255214727731313,0.698618712091446,ss450-g5nr.leV120.GRASP.example_20060902_1500Z.polarimeter07.20060902_1500z.zip
20060902,1500Z,0.92007,0.40965545177459717,1.2459605895987098,0.5104145482254029,ss450-g5nr.leV120.GRASP.example_20060902_1500Z.polarimeter07.20060902_1500z.zip
20060902,1500Z,0.92751,0.406772255897522,1.2801702587938233,0.520737744102478,ss450-g5nr.leV120.GRASP.example_20060902_1500Z.polarimeter07.20060902_1500z.zip
20060902,1500Z,0.92771,0.407898485660553,1.2743649035559952,0.5198115143394471,ss450-g5nr.leV120.GRASP.example_20060902_1500Z.polarimeter07.20060902_1500z.zip
20060902,1500Z,0.94177,0.414837121963501,1.2702163093370913,0.526932878036499,ss450-g5nr.leV120.GRASP.example_20060902_1500Z.polarimeter07.20060902_1500z.zip
20060902,1500Z,0.96529,0.4170287549495697,1.314684511663303,0.5482612450504303,ss450-g5nr.leV120.GRASP.example_20060902_1500Z.polarimeter07.20060902_1500z.zip
20060902,1500Z,0.99575,0.4239782392978668,1.3485875163051322,0.5717717607021332,ss450-g5nr.leV120.GRASP.example_20060902_1500Z.polarimeter07.20060902_1500z.zip
20060902,1500Z,1.105,0.4150339961051941,1.6624325003967333,0.6899660038948059,ss450-g5nr.leV120.GRASP.example_20060902_1500Z.polarimeter07.20060902_1500z.zip
20060902,1500Z,1.1096,0.40788525342941284,1.720372925156568,0.7017147465705871,ss450-g5nr.leV120.GRASP.example_20060902_1500Z.polarimeter07.20060902_1500z.zip
20060902,1500Z,0.92089,0.3985480070114136,1.3106124828109544,0.5223419929885864,ss450-g5nr.leV120.GRASP.example_20060902_1500Z.polarimeter07.20060902_1500z.zip
20060902,1500Z,0.92826,0.39573049545288086,1.345687306553626,0.5325295045471191,ss450-g5nr.leV120.GRASP.example_20060902_1500Z.polarimeter07.20060902_1500z.zip
20060902,1500Z,0.92837,0.396855890750885,1.339312636240438,0.531514109249115,ss450-g5nr.leV120.GRASP.example_20060902_1500Z.polarimeter07.20060902_1500z.zip
20060902,1500Z,0.94196,0.4037973880767822,1.332754068782847,0.5381626119232178,ss450-g5nr.leV120.GRASP.example_20060902_1500Z.polarimeter07.20060902_1500z.zip
20060902,1500Z,0.96509,0.4060865044593811,1.3765626028001463,0.5590034955406189,ss450-g5nr.leV120.GRASP.example_20060902_1500Z.polarimeter07.20060902_1500z.zip
20060902,1500Z,0.99497,0.4130900502204895,1.4086031592117223,0.5818799497795105,ss450-g5nr.leV120.GRASP.example_20060902_1500Z.polarimeter07.20060902_1500z.zip
20060902,1500Z,1.1032,0.4045545160770416,1.7269501542034726,0.6986454839229583,ss450-g5nr.leV120.GRASP.example_20060902_1500Z.polarimeter07.20060902_1500z.zip
20060902,1500Z,1.1078,0.39753231406211853,1.786691699802031,0.7102676859378814,ss450-g5nr.leV120.GRASP.example_20060902_1500Z.polarimeter07.20060902_1500z.zip
20060902,1500Z,0.94066,0.415958046913147,1.2614299855014275,0.5247019530868531,ss450-g5nr.leV120.GRASP.example_20060902_1500Z.polarimeter07.20060902_1500z.zip
20060902,1500Z,0.94831,0.4131072759628296,1.2955538553267376,0.5352027240371704,ss450-g5nr.leV120.GRASP.example_20060902_1500Z.polarimeter07.20060902_1500z.zip
20060902,1500Z,0.94859,0.414279043674469,1.2897368681419,0.534310956325531,ss450-g5nr.leV120.GRASP.example_20060902_1500Z.polarimeter07.20060902_1500z.zip
20060902,1500Z,0.96308,0.4213220477104187,1.2858523669331925,0.5417579522895813,ss450-g5nr.leV120.GRASP.example_20060902_1500Z.polarimeter07.20060902_1500z.zip
20060902,1500Z,0.98699,0.42353543639183044,1.3303599066192282,0.5634545636081696,ss450-g5nr.leV120.GRASP.example_20060902_1500Z.polarimeter07.20060902_1500z.zip
20060902,1500Z,1.018,0.4305085241794586,1.3646453968368906,0.5874914758205414,ss450-g5nr.leV120.GRASP.example_20060902_1500Z.polarimeter07.20060902_1500z.zip
20060902,1500Z,1.1301,0.4219059348106384,1.6785591449601587,0.7081940651893617,ss450-g5nr.leV120.GRASP.example_20060902_1500Z.polarimeter07.20060902_1500z.zip
20060902,1500Z,1.1346,0.4147903323173523,1.7353578702309964,0.7198096676826478,ss450-g5nr.leV120.GRASP.example_20060902_1500Z.polarimeter07.20060902_1500z.zip
20060902,1500Z,1.0341,0.5179712772369385,0.996442747783804,0.5161287227630615,ss450-g5nr.leV120.GRASP.example_20060902_1500Z.polarimeter07.20060902_1500z.zip
20060902,1500Z,1.1504,0.5090168118476868,1.2600432308397598,0.6413831881523133,ss450-g5nr.leV120.GRASP.example_20060902_1500Z.polarimeter07.20060902_1500z.zip
20060902,1500Z,1.1524,0.500635027885437,1.3018764884819645,0.6517649721145631,ss450-g5nr.leV120.GRASP.example_20060902_1500Z.polarimeter07.20060902_1500z.zip
20060902,1500Z,1.104,0.5095522403717041,1.166608077701048,0.594447759628296,ss450-g5nr.leV120.GRASP.example_20060902_1500Z.polarimeter07.20060902_1500z.zip
20060902,1500Z,1.1057,0.5011915564537048,1.2061425133009671,0.6045084435462951,ss450-g5nr.leV120.GRASP.example_20060902_1500Z.polarimeter07.20060902_1500z.zip
20060902,1500Z,1.0773,0.48084601759910583,1.2404261667363412,0.5964539824008941,ss450-g5nr.leV120.GRASP.example_20060902_1500Z.polarimeter07.20060902_1500z.zip
20060902,1500Z,1.0796,0.4728319048881531,1.2832638593949703,0.6067680951118468,ss450-g5nr.leV120.GRASP.example_20060902_1500Z.polarimeter07.20060902_1500z.zip
20060902,1500Z,1.0308,0.4484856426715851,1.2984013353462671,0.5823143573284149,ss450-g5nr.leV120.GRASP.example_20060902_1500Z.polarimeter07.20060902_1500z.zip
20060902,1500Z,1.0345,0.44076234102249146,1.347069846303432,0.5937376589775085,ss450-g5nr.leV120.GRASP.example_20060902_1500Z.polarimeter07.20060902_1500z.zip
20060902,1500Z,1.014,0.4346719980239868,1.3327934732617484,0.5793280019760132,ss450-g5nr.leV120.GRASP.example_20060902_1500Z.polarimeter07.20060902_1500z.zip
20060902,1500Z,1.017,0.42698872089385986,1.3817959356654859,0.59001127910614,ss450-g5nr.leV120.GRASP.example_20060902_1500Z.polarimeter07.20060902_1500z.zip
20060902,1500Z,0.98828,0.4336977005004883,1.278730089782635,0.5545822994995118,ss450-g5nr.leV120.GRASP.example_20060902_1500Z.polarimeter07.20060902_1500z.zip
20060902,1500Z,0.991,0.4259556531906128,1.326533273069469,0.5650443468093872,ss450-g5nr.leV120.GRASP.example_20060902_1500Z.polarimeter07.20060902_1500z.zip
20060902,1500Z,0.97301,0.4416024088859558,1.2033620750725584,0.5314075911140442,ss450-g5nr.leV120.GRASP.example_20060902_1500Z.polarimeter07.20060902_1500z.zip
20060902,1500Z,0.97539,0.43378204107284546,1.24857165037914,0.5416079589271545,ss450-g5nr.leV120.GRASP.example_20060902_1500Z.polarimeter07.20060902_1500z.zip
20060902,1500Z,0.96415,0.45360633730888367,1.125521450427755,0.5105436626911163,ss450-g5nr.leV120.GRASP.example_20060902_1500Z.polarimeter07.20060902_1500z.zip
20060902,1500Z,0.96579,0.44568654894828796,1.1669713889257594,0.5201034510517121,ss450-g5nr.leV120.GRASP.example_20060902_1500Z.polarimeter07.20060902_1500z.zip
20060902,1900Z,2.3671,1.4706506729125977,0.6095596619909747,0.8964493270874025,ss450-g5nr.leV120.GRASP.example_20060902_1900Z.polarimeter07.20060902_1900z.zip
20060902,1900Z,2.3216,1.4718022346496582,0.57738583713499,0.8497977653503419,ss450-g5nr.leV120.GRASP.example_20060902_1900Z.polarimeter07.20060902_1900z.zip
20060902,1900Z,2.25,1.4735753536224365,0.526898501979493,0.7764246463775635,ss450-g5nr.leV120.GRASP.example_20060902_1900Z.polarimeter07.20060902_1900z.zip
20060902,1900Z,2.1093,1.4764642715454102,0.4286156737082456,0.63283572845459,ss450-g5nr.leV120.GRASP.example_20060902_1900Z.polarimeter07.20060902_1900z.zip
20060902,1900Z,2.0847,1.4727118015289307,0.4155519076004684,0.6119881984710696,ss450-g5nr.leV120.GRASP.example_20060902_1900Z.polarimeter07.20060902_1900z.zip
20060902,1900Z,2.0825,1.4640856981277466,0.4223894152255387,0.6184143018722534,ss450-g5nr.leV120.GRASP.example_20060902_1900Z.polarimeter07.20060902_1900z.zip
20060902,1900Z,2.2269,1.4654569625854492,0.5195942677642108,0.7614430374145509,ss450-g5nr.leV120.GRASP.example_20060902_1900Z.polarimeter07.20060902_1900z.zip
20060902,1900Z,2.2325,1.4684807062149048,0.5202787415262674,0.7640192937850951,ss450-g5nr.leV120.GRASP.example_20060902_1900Z.polarimeter07.20060902_1900z.zip
20060902,1900Z,2.373,1.4953978061676025,0.5868687182854119,0.8776021938323977,ss450-g5nr.leV120.GRASP.example_20060902_1900Z.polarimeter07.20060902_1900z.zip
20060902,1900Z,2.3265,1.4965999126434326,0.5545236775343125,0.8299000873565672,ss450-g5nr.leV120.GRASP.example_20060902_1900Z.polarimeter07.20060902_1900z.zip
20060902,1900Z,2.2483,1.4984474182128906,0.5004196828484072,0.7498525817871093,ss450-g5nr.leV120.GRASP.example_20060902_1900Z.polarimeter07.20060902_1900z.zip
20060902,1900Z,2.1097,1.5017105340957642,0.404864620777485,0.607989465904236,ss450-g5nr.leV120.GRASP.example_20060902_1900Z.polarimeter07.20060902_1900z.zip
20060902,1900Z,2.0876,1.4981787204742432,0.3934252112052277,0.589421279525757,ss450-g5nr.leV120.GRASP.example_20060902_1900Z.polarimeter07.20060902_1900z.zip
20060902,1900Z,2.0874,1.4897772073745728,0.4011491044883249,0.5976227926254274,ss450-g5nr.leV120.GRASP.example_20060902_1900Z.polarimeter07.20060902_1900z.zip
20060902,1900Z,2.2346,1.4919145107269287,0.4978070016298729,0.7426854892730712,ss450-g5nr.leV120.GRASP.example_20060902_1900Z.polarimeter07.20060902_1900z.zip
20060902,1900Z,2.2403,1.4950145483016968,0.4985138455976437,0.7452854516983032,ss450-g5nr.leV120.GRASP.example_20060902_1900Z.polarimeter07.20060902_1900z.zip
20060902,1900Z,2.4278,1.4165775775909424,0.7138489542724239,1.0112224224090576,ss450-g5nr.leV120.GRASP.example_20060902_1900Z.polarimeter07.20060902_1900z.zip
20060902,1900Z,2.3693,1.4178327322006226,0.6710715913030179,0.9514672677993774,ss450-g5nr.leV120.GRASP.example_20060902_1900Z.polarimeter07.20060902_1900z.zip
20060902,1900Z,2.2808,1.4196277856826782,0.6066183143232836,0.8611722143173219,ss450-g5nr.leV120.GRASP.example_20060902_1900Z.polarimeter07.20060902_1900z.zip
20060902,1900Z,2.1157,1.422381043434143,0.48743545884999545,0.6933189565658568,ss450-g5nr.leV120.GRASP.example_20060902_1900Z.polarimeter07.20060902_1900z.zip
20060902,1900Z,2.082,1.418677806854248,0.4675636638149652,0.6633221931457518,ss450-g5nr.leV120.GRASP.example_20060902_1900Z.polarimeter07.20060902_1900z.zip
20060902,1900Z,2.0707,1.410627841949463,0.46792792430520086,0.6600721580505371,ss450-g5nr.leV120.GRASP.example_20060902_1900Z.polarimeter07.20060902_1900z.zip
20060902,1900Z,2.2034,1.4124995470046997,0.5599297038165129,0.7909004529953001,ss450-g5nr.leV120.GRASP.example_20060902_1900Z.polarimeter07.20060902_1900z.zip
20060902,1900Z,2.2085,1.4155112504959106,0.5602136678364608,0.7929887495040893,ss450-g5nr.leV120.GRASP.example_20060902_1900Z.polarimeter07.20060902_1900z.zip
20060902,1900Z,1.9634,1.2411555051803589,0.5819129769034768,0.7222444948196411,ss450-g5nr.leV120.GRASP.example_20060902_1900Z.polarimeter07.20060902_1900z.zip
20060902,1900Z,1.9502,1.2419812679290771,0.5702330223158932,0.7082187320709228,ss450-g5nr.leV120.GRASP.example_20060902_1900Z.polarimeter07.20060902_1900z.zip
20060902,1900Z,1.8809,1.2432292699813843,0.512914830285619,0.6376707300186157,ss450-g5nr.leV120.GRASP.example_20060902_1900Z.polarimeter07.20060902_1900z.zip
20060902,1900Z,1.7846,1.2444283962249756,0.434072065065099,0.5401716037750244,ss450-g5nr.leV120.GRASP.example_20060902_1900Z.polarimeter07.20060902_1900z.zip
20060902,1900Z,1.7507,1.240148901939392,0.4116853204177245,0.5105510980606078,ss450-g5nr.leV120.GRASP.example_20060902_1900Z.polarimeter07.20060902_1900z.zip
20060902,1900Z,1.7569,1.2318944931030273,0.4261773307992738,0.5250055068969726,ss450-g5nr.leV120.GRASP.example_20060902_1900Z.polarimeter07.20060902_1900z.zip
20060902,1900Z,1.8899,1.2318341732025146,0.5342162452650993,0.6580658267974853,ss450-g5nr.leV120.GRASP.example_20060902_1900Z.polarimeter07.20060902_1900z.zip
20060902,1900Z,1.8951,1.2344247102737427,0.5352090607289834,0.6606752897262573,ss450-g5nr.leV120.GRASP.example_20060902_1900Z.polarimeter07.20060902_1900z.zip
20060902,1900Z,4.6416,0.4094700217247009,10.335628382389098,4.2321299782752995,ss450-g5nr.leV120.GRASP.example_20060902_1900Z.polarimeter07.20060902_1900z.zip
20060902,1900Z,4.3153,0.4087831974029541,9.556451506362269,3.9065168025970456,ss450-g5nr.leV120.GRASP.example_20060902_1900Z.polarimeter07.20060902_1900z.zip
20060902,1900Z,4.0268,0.40785396099090576,8.87314182315809,3.618946039009094,ss450-g5nr.leV120.GRASP.example_20060902_1900Z.polarimeter07.20060902_1900z.zip
20060902,1900Z,3.2816,0.4030744731426239,7.14142353003545,2.878525526857376,ss450-g5nr.leV120.GRASP.example_20060902_1900Z.polarimeter07.20060902_1900z.zip
20060902,1900Z,3.056,0.3986063003540039,6.666712737069017,2.657393699645996,ss450-g5nr.leV120.GRASP.example_20060902_1900Z.polarimeter07.20060902_1900z.zip
20060902,1900Z,2.8368,0.39250999689102173,6.227331844971129,2.4442900031089785,ss450-g5nr.leV120.GRASP.example_20060902_1900Z.polarimeter07.20060902_1900z.zip
20060902,1900Z,2.4793,0.3879704475402832,5.390435188346588,2.0913295524597166,ss450-g5nr.leV120.GRASP.example_20060902_1900Z.polarimeter07.20060902_1900z.zip
20060902,1900Z,2.4592,0.3885806202888489,5.328673823650726,2.070619379711151,ss450-g5nr.leV120.GRASP.example_20060902_1900Z.polarimeter07.20060902_1900z.zip
20060902,1000Z,0.92689,0.4256618916988373,1.1775263843815968,0.5012281083011627,ss450-g5nr.leV120.GRASP.example_20060902_1000Z.polarimeter07.20060902_1000z.zip
20060902,1000Z,0.92902,0.41796624660491943,1.2227153688755916,0.5110537533950805,ss450-g5nr.leV120.GRASP.example_20060902_1000Z.polarimeter07.20060902_1000z.zip
20060902,1000Z,1.0133,0.5039792656898499,1.0105985880450636,0.5093207343101502,ss450-g5nr.leV120.GRASP.example_20060902_1000Z.polarimeter07.20060902_1000z.zip
20060902,1000Z,1.0291,0.4791409969329834,1.1478020177512347,0.5499590030670165,ss450-g5nr.leV120.GRASP.example_20060902_1000Z.polarimeter07.20060902_1000z.zip
20060902,1000Z,1.0517,0.45692169666290283,1.3017072896319457,0.5947783033370972,ss450-g5nr.leV120.GRASP.example_20060902_1000Z.polarimeter07.20060902_1000z.zip
20060902,1000Z,1.1558,0.4185605049133301,1.761368993090563,0.7372394950866699,ss450-g5nr.leV120.GRASP.example_20060902_1000Z.polarimeter07.20060902_1000z.zip
20060902,1000Z,1.1608,0.4109882414340973,1.8244117056719649,0.7498117585659028,ss450-g5nr.leV120.GRASP.example_20060902_1000Z.polarimeter07.20060902_1000z.zip
20060902,1000Z,1.0042,0.5028210878372192,0.99713183136244,0.5013789121627807,ss450-g5nr.leV120.GRASP.example_20060902_1000Z.polarimeter07.20060902_1000z.zip
20060902,1000Z,1.0229,0.47789984941482544,1.1404066171029588,0.5450001505851745,ss450-g5nr.leV120.GRASP.example_20060902_1000Z.polarimeter07.20060902_1000z.zip
20060902,1000Z,1.0485,0.4556465148925781,1.3011259073213612,0.5928534851074219,ss450-g5nr.leV120.GRASP.example_20060902_1000Z.polarimeter07.20060902_1000z.zip
20060902,1000Z,1.1563,0.41743358969688416,1.7700214562025003,0.738866410303116,ss450-g5nr.leV120.GRASP.example_20060902_1000Z.polarimeter07.20060902_1000z.zip
20060902,1000Z,1.1614,0.4098944365978241,1.8334124503854397,0.7515055634021759,ss450-g5nr.leV120.GRASP.example_20060902_1000Z.polarimeter07.20060902_1000z.zip
20060902,1000Z,1.0097,0.4653964042663574,1.1695483479114392,0.5443035957336426,ss450-g5nr.leV120.GRASP.example_20060902_1000Z.polarimeter07.20060902_1000z.zip
20060902,1000Z,1.11,0.427639365196228,1.5956450465935514,0.6823606348037721,ss450-g5nr.leV120.GRASP.example_20060902_1000Z.polarimeter07.20060902_1000z.zip
20060902,1000Z,1.1172,0.4200563430786133,1.6596432083657804,0.6971436569213867,ss450-g5nr.leV120.GRASP.example_20060902_1000Z.polarimeter07.20060902_1000z.zip
20060902,1000Z,1.0672,0.43515968322753906,1.452433074876506,0.6320403167724609,ss450-g5nr.leV120.GRASP.example_20060902_1000Z.polarimeter07.20060902_1000z.zip
20060902,1000Z,1.0714,0.4275364279747009,1.50598529130107,0.643863572025299,ss450-g5nr.leV120.GRASP.example_20060902_1000Z.polarimeter07.20060902_1000z.zip
20060902,0500Z,0.99374,1.7318775653839111,-0.4262065518588121,0.7381375653839112,ss450-g5nr.leV120.GRASP.example_20060902_0500Z.polarimeter07.20060902_0500z.zip
20060902,0500Z,0.94173,1.6133568286895752,-0.4162915585358101,0.6716268286895752,ss450-g5nr.leV120.GRASP.example_20060902_0500Z.polarimeter07.20060902_0500z.zip
20060902,0500Z,0.86751,1.447815179824829,-0.4008144049816083,0.5803051798248291,ss450-g5nr.leV120.GRASP.example_20060902_0500Z.polarimeter07.20060902_0500z.zip
20060905,0400Z,0.92438,0.39719775319099426,1.3272538491815382,0.5271822468090057,ss450-g5nr.leV120.GRASP.example_20060905_0400Z.polarimeter07.20060905_0400z.zip
20060905,0400Z,0.9036,0.39618825912475586,1.2807339167399836,0.5074117408752441,ss450-g5nr.leV120.GRASP.example_20060905_0400Z.polarimeter07.20060905_0400z.zip
20060905,0400Z,2.1961,0.8275402784347534,1.6537681092137309,1.3685597215652465,ss450-g5nr.leV120.GRASP.example_20060905_0400Z.polarimeter07.20060905_0400z.zip
20060905,0400Z,2.0928,0.8268265724182129,1.5311232969680753,1.265973427581787,ss450-g5nr.leV120.GRASP.example_20060905_0400Z.polarimeter07.20060905_0400z.zip
20060905,0400Z,2.0305,0.825874388217926,1.4586063316255857,1.204625611782074,ss450-g5nr.leV120.GRASP.example_20060905_0400Z.polarimeter07.20060905_0400z.zip
20060905,0400Z,1.9273,0.8190061450004578,1.353217996916156,1.1082938549995422,ss450-g5nr.leV120.GRASP.example_20060905_0400Z.polarimeter07.20060905_0400z.zip
20060905,0400Z,1.8858,0.8106988668441772,1.326141156877262,1.0751011331558227,ss450-g5nr.leV120.GRASP.example_20060905_0400Z.polarimeter07.20060905_0400z.zip
20060905,0400Z,1.8176,0.798356831073761,1.2766762044929132,1.0192431689262391,ss450-g5nr.leV120.GRASP.example_20060905_0400Z.polarimeter07.20060905_0400z.zip
20060905,0400Z,1.847,0.7859193086624146,1.350114037970995,1.0610806913375854,ss450-g5nr.leV120.GRASP.example_20060905_0400Z.polarimeter07.20060905_0400z.zip
20060905,0400Z,1.8481,0.7866062521934509,1.349460094992348,1.0614937478065491,ss450-g5nr.leV120.GRASP.example_20060905_0400Z.polarimeter07.20060905_0400z.zip
20060905,1400Z,0.97962,0.39102351665496826,1.505271315598131,0.5885964833450318,ss450-g5nr.leV120.GRASP.example_20060905_1400Z.polarimeter07.20060905_1400z.zip
20060905,1400Z,0.98749,0.38730165362358093,1.5496663666707269,0.600188346376419,ss450-g5nr.leV120.GRASP.example_20060905_1400Z.polarimeter07.20060905_1400z.zip
20060905,1400Z,0.98769,0.38669952750205994,1.5541536251159205,0.60099047249794,ss450-g5nr.leV120.GRASP.example_20060905_1400Z.polarimeter07.20060905_1400z.zip
20060905,1400Z,1.002,0.38664132356643677,1.5915491669576438,0.6153586764335632,ss450-g5nr.leV120.GRASP.example_20060905_1400Z.polarimeter07.20060905_1400z.zip
20060905,1400Z,1.0256,0.38478153944015503,1.6654085367302591,0.640818460559845,ss450-g5nr.leV120.GRASP.example_20060905_1400Z.polarimeter07.20060905_1400z.zip
20060905,1400Z,1.0556,0.38727647066116333,1.7257013528290688,0.6683235293388368,ss450-g5nr.leV120.GRASP.example_20060905_1400Z.polarimeter07.20060905_1400z.zip
20060905,1400Z,1.1661,0.3771575391292572,2.0918114554787173,0.7889424608707427,ss450-g5nr.leV120.GRASP.example_20060905_1400Z.polarimeter07.20060905_1400z.zip
20060905,1400Z,1.1745,0.3707185983657837,2.168171236019658,0.8037814016342164,ss450-g5nr.leV120.GRASP.example_20060905_1400Z.polarimeter07.20060905_1400z.zip
20060905,1400Z,0.97302,0.3994712829589844,1.4357695822152619,0.5735487170410156,ss450-g5nr.leV120.GRASP.example_20060905_1400Z.polarimeter07.20060905_1400z.zip
20060905,1400Z,0.98092,0.39564049243927,1.4793215526354881,0.58527950756073,ss450-g5nr.leV120.GRASP.example_20060905_1400Z.polarimeter07.20060905_1400z.zip
20060905,1400Z,0.98122,0.39500439167022705,1.4840736475132161,0.5862156083297729,ss450-g5nr.leV120.GRASP.example_20060905_1400Z.polarimeter07.20060905_1400z.zip
20060905,1400Z,0.99605,0.3949292302131653,1.5220974387294057,0.6011207697868347,ss450-g5nr.leV120.GRASP.example_20060905_1400Z.polarimeter07.20060905_1400z.zip
20060905,1400Z,1.0203,0.39305996894836426,1.59578710782943,0.6272400310516357,ss450-g5nr.leV120.GRASP.example_20060905_1400Z.polarimeter07.20060905_1400z.zip
20060905,1400Z,1.0512,0.3956848680973053,1.6566595913935553,0.6555151319026946,ss450-g5nr.leV120.GRASP.example_20060905_1400Z.polarimeter07.20060905_1400z.zip
20060905,1400Z,1.1616,0.3853759169578552,2.0141997693307667,0.7762240830421447,ss450-g5nr.leV120.GRASP.example_20060905_1400Z.polarimeter07.20060905_1400z.zip
20060905,1400Z,1.1691,0.37877872586250305,2.0864985812967336,0.790321274137497,ss450-g5nr.leV120.GRASP.example_20060905_1400Z.polarimeter07.20060905_1400z.zip
20060905,1400Z,0.95846,0.40406665205955505,1.372034403518985,0.5543933479404449,ss450-g5nr.leV120.GRASP.example_20060905_1400Z.polarimeter07.20060905_1400z.zip
20060905,1400Z,0.96572,0.4001144766807556,1.4136092450624604,0.5656055233192444,ss450-g5nr.leV120.GRASP.example_20060905_1400Z.polarimeter07.20060905_1400z.zip
20060905,1400Z,0.96528,0.399361252784729,1.4170597254218924,0.565918747215271,ss450-g5nr.leV120.GRASP.example_20060905_1400Z.polarimeter07.20060905_1400z.zip
20060905,1400Z,0.97708,0.3989593982696533,1.4490712695019652,0.5781206017303466,ss450-g5nr.leV120.GRASP.example_20060905_1400Z.polarimeter07.20060905_1400z.zip
20060905,1400Z,0.99943,0.3969497084617615,1.517774868440988,0.6024802915382386,ss450-g5nr.leV120.GRASP.example_20060905_1400Z.polarimeter07.20060905_1400z.zip
20060905,1400Z,1.0286,0.39949923753738403,1.5747233119656365,0.6291007624626159,ss450-g5nr.leV120.GRASP.example_20060905_1400Z.polarimeter07.20060905_1400z.zip
20060905,1400Z,1.1366,0.3889421224594116,1.9222856933388872,0.7476578775405884,ss450-g5nr.leV120.GRASP.example_20060905_1400Z.polarimeter07.20060905_1400z.zip
20060905,1400Z,1.1443,0.38227277994155884,1.9934121916159937,0.7620272200584413,ss450-g5nr.leV120.GRASP.example_20060905_1400Z.polarimeter07.20060905_1400z.zip
20060905,1400Z,0.96519,0.4117157757282257,1.3443114325478835,0.5534742242717743,ss450-g5nr.leV120.GRASP.example_20060905_1400Z.polarimeter07.20060905_1400z.zip
20060905,1400Z,0.97306,0.40755850076675415,1.387534545762996,0.5655014992332459,ss450-g5nr.leV120.GRASP.example_20060905_1400Z.polarimeter07.20060905_1400z.zip
20060905,1400Z,0.9734,0.4065849483013153,1.39408764162766,0.5668150516986847,ss450-g5nr.leV120.GRASP.example_20060905_1400Z.polarimeter07.20060905_1400z.zip
20060905,1400Z,0.98835,0.4054775536060333,1.437496209618282,0.5828724463939666,ss450-g5nr.leV120.GRASP.example_20060905_1400Z.polarimeter07.20060905_1400z.zip
20060905,1400Z,1.0127,0.40308547019958496,1.5123703900777385,0.609614529800415,ss450-g5nr.leV120.GRASP.example_20060905_1400Z.polarimeter07.20060905_1400z.zip
20060905,1400Z,1.0439,0.40533629059791565,1.5753923944488972,0.6385637094020844,ss450-g5nr.leV120.GRASP.example_20060905_1400Z.polarimeter07.20060905_1400z.zip
20060905,1400Z,1.1548,0.3943197429180145,1.9285878293953487,0.7604802570819855,ss450-g5nr.leV120.GRASP.example_20060905_1400Z.polarimeter07.20060905_1400z.zip
20060905,1400Z,1.1622,0.38753634691238403,1.9989445100042587,0.7746636530876159,ss450-g5nr.leV120.GRASP.example_20060905_1400Z.polarimeter07.20060905_1400z.zip
20060905,1400Z,0.96035,0.4208804666996002,1.2817642442062809,0.5394695333003998,ss450-g5nr.leV120.GRASP.example_20060905_1400Z.polarimeter07.20060905_1400z.zip
20060905,1400Z,0.96821,0.4165346622467041,1.3244404073785125,0.5516753377532959,ss450-g5nr.leV120.GRASP.example_20060905_1400Z.polarimeter07.20060905_1400z.zip
20060905,1400Z,0.96858,0.41539132595062256,1.3317289974300879,0.5531886740493774,ss450-g5nr.leV120.GRASP.example_20060905_1400Z.polarimeter07.20060905_1400z.zip
20060905,1400Z,0.9837,0.41376256942749023,1.377450433375628,0.5699374305725098,ss450-g5nr.leV120.GRASP.example_20060905_1400Z.polarimeter07.20060905_1400z.zip
20060905,1400Z,1.0083,0.4110690951347351,1.4528723076822692,0.5972309048652649,ss450-g5nr.leV120.GRASP.example_20060905_1400Z.polarimeter07.20060905_1400z.zip
20060905,1400Z,1.04,0.4131268262863159,1.5173867534790204,0.6268731737136841,ss450-g5nr.leV120.GRASP.example_20060905_1400Z.polarimeter07.20060905_1400z.zip
20060905,1400Z,1.1512,0.4016648232936859,1.8660712445766634,0.7495351767063141,ss450-g5nr.leV120.GRASP.example_20060905_1400Z.polarimeter07.20060905_1400z.zip
20060905,1400Z,1.1582,0.3947247862815857,1.9341962811876023,0.7634752137184142,ss450-g5nr.leV120.GRASP.example_20060905_1400Z.polarimeter07.20060905_1400z.zip
20060905,1400Z,0.94771,0.43443524837493896,1.1814758437420338,0.5132747516250611,ss450-g5nr.leV120.GRASP.example_20060905_1400Z.polarimeter07.20060905_1400z.zip
20060905,1400Z,0.95552,0.4299270212650299,1.2225167359531157,0.5255929787349701,ss450-g5nr.leV120.GRASP.example_20060905_1400Z.polarimeter07.20060905_1400z.zip
20060905,1400Z,0.95596,0.42873626947402954,1.2297157205122036,0.5272237305259705,ss450-g5nr.leV120.GRASP.example_20060905_1400Z.polarimeter07.20060905_1400z.zip
20060905,1400Z,0.97143,0.42709726095199585,1.2744936313445128,0.5443327390480042,ss450-g5nr.leV120.GRASP.example_20060905_1400Z.polarimeter07.20060905_1400z.zip
20060905,1400Z,0.99647,0.42437314987182617,1.3480986021405095,0.5720968501281738,ss450-g5nr.leV120.GRASP.example_20060905_1400Z.polarimeter07.20060905_1400z.zip
20060905,1400Z,1.0291,0.4266330599784851,1.4121431190819973,0.6024669400215148,ss450-g5nr.leV120.GRASP.example_20060905_1400Z.polarimeter07.20060905_1400z.zip
20060905,1400Z,1.1405,0.41508162021636963,1.7476523759483533,0.7254183797836304,ss450-g5nr.leV120.GRASP.example_20060905_1400Z.polarimeter07.20060905_1400z.zip
20060905,1400Z,1.1467,0.4078994393348694,1.811232106300113,0.7388005606651307,ss450-g5nr.leV120.GRASP.example_20060905_1400Z.polarimeter07.20060905_1400z.zip
20060905,1400Z,0.94967,0.4442770481109619,1.1375625953173525,0.5053929518890381,ss450-g5nr.leV120.GRASP.example_20060905_1400Z.polarimeter07.20060905_1400z.zip
20060905,1400Z,0.95022,0.44308745861053467,1.1445427568177347,0.5071325413894653,ss450-g5nr.leV120.GRASP.example_20060905_1400Z.polarimeter07.20060905_1400z.zip
20060905,1400Z,0.96627,0.441635400056839,1.1879360211514745,0.524634599943161,ss450-g5nr.leV120.GRASP.example_20060905_1400Z.polarimeter07.20060905_1400z.zip
20060905,1400Z,0.99194,0.43897682428359985,1.259663711447235,0.5529631757164002,ss450-g5nr.leV120.GRASP.example_20060905_1400Z.polarimeter07.20060905_1400z.zip
20060905,1400Z,1.0254,0.4415630102157593,1.3222053846832929,0.5838369897842408,ss450-g5nr.leV120.GRASP.example_20060905_1400Z.polarimeter07.20060905_1400z.zip
20060905,1400Z,1.1378,0.4301968216896057,1.6448359044849985,0.7076031783103942,ss450-g5nr.leV120.GRASP.example_20060905_1400Z.polarimeter07.20060905_1400z.zip
20060905,1400Z,1.1435,0.42279720306396484,1.7046063496001893,0.7207027969360351,ss450-g5nr.leV120.GRASP.example_20060905_1400Z.polarimeter07.20060905_1400z.zip
20060905,1400Z,0.96186,0.45566344261169434,1.110900085569679,0.5061965573883057,ss450-g5nr.leV120.GRASP.example_20060905_1400Z.polarimeter07.20060905_1400z.zip
20060905,1400Z,1.0689,0.44399595260620117,1.4074543781890116,0.6249040473937988,ss450-g5nr.leV120.GRASP.example_20060905_1400Z.polarimeter07.20060905_1400z.zip
20060905,1400Z,1.0716,0.4363631308078766,1.45575284514999,0.6352368691921235,ss450-g5nr.leV120.GRASP.example_20060905_1400Z.polarimeter07.20060905_1400z.zip
20060905,1400Z,0.99486,0.4659184217453003,1.135266504967369,0.5289415782546997,ss450-g5nr.leV120.GRASP.example_20060905_1400Z.polarimeter07.20060905_1400z.zip
20060905,1400Z,1.1038,0.4538431167602539,1.432117970367039,0.649956883239746,ss450-g5nr.leV120.GRASP.example_20060905_1400Z.polarimeter07.20060905_1400z.zip
20060905,1400Z,1.1066,0.4461791217327118,1.4801698378502797,0.6604208782672882,ss450-g5nr.leV120.GRASP.example_20060905_1400Z.polarimeter07.20060905_1400z.zip
20060905,1400Z,0.9665,0.46205753087997437,1.0917308677110629,0.5044424691200257,ss450-g5nr.leV120.GRASP.example_20060905_1400Z.polarimeter07.20060905_1400z.zip
20060905,1400Z,0.99859,0.4634118676185608,1.1548649695392565,0.5351781323814392,ss450-g5nr.leV120.GRASP.example_20060905_1400Z.polarimeter07.20060905_1400z.zip
20060905,1400Z,1.1076,0.4515758752822876,1.4527439587148465,0.6560241247177123,ss450-g5nr.leV120.GRASP.example_20060905_1400Z.polarimeter07.20060905_1400z.zip
20060905,1400Z,1.1123,0.44407349824905396,1.5047655498148604,0.6682265017509461,ss450-g5nr.leV120.GRASP.example_20060905_1400Z.polarimeter07.20060905_1400z.zip
20060905,1400Z,0.98413,0.4621559977531433,1.1294324963530271,0.5219740022468566,ss450-g5nr.leV120.GRASP.example_20060905_1400Z.polarimeter07.20060905_1400z.zip
20060905,1400Z,1.0185,0.46333450078964233,1.1981959000769669,0.5551654992103576,ss450-g5nr.leV120.GRASP.example_20060905_1400Z.polarimeter07.20060905_1400z.zip
20060905,1400Z,1.1296,0.4517248272895813,1.5006374052490634,0.6778751727104186,ss450-g5nr.leV120.GRASP.example_20060905_1400Z.polarimeter07.20060905_1400z.zip
20060905,1400Z,1.134,0.444293737411499,1.5523654837153467,0.6897062625885009,ss450-g5nr.leV120.GRASP.example_20060905_1400Z.polarimeter07.20060905_1400z.zip
20060905,1400Z,0.99958,0.47051334381103516,1.1244455936226232,0.5290666561889649,ss450-g5nr.leV120.GRASP.example_20060905_1400Z.polarimeter07.20060905_1400z.zip
20060905,1400Z,1.1078,0.45900940895080566,1.4134581522679166,0.6487905910491942,ss450-g5nr.leV120.GRASP.example_20060905_1400Z.polarimeter07.20060905_1400z.zip
20060905,1400Z,1.1121,0.45150068402290344,1.4631191919602633,0.6605993159770966,ss450-g5nr.leV120.GRASP.example_20060905_1400Z.polarimeter07.20060905_1400z.zip
20060905,1400Z,1.0182,0.48506176471710205,1.0991141212580116,0.5331382352828979,ss450-g5nr.leV120.GRASP.example_20060905_1400Z.polarimeter07.20060905_1400z.zip
20060905,1400Z,1.1296,0.47373297810554504,1.3844656213659912,0.6558670218944549,ss450-g5nr.leV120.GRASP.example_20060905_1400Z.polarimeter07.20060905_1400z.zip
20060905,1400Z,1.1328,0.46600812673568726,1.4308588949619478,0.6667918732643128,ss450-g5nr.leV120.GRASP.example_20060905_1400Z.polarimeter07.20060905_1400z.zip
20060905,1400Z,1.0127,0.5060187578201294,1.0013092090945306,0.5066812421798705,ss450-g5nr.leV120.GRASP.example_20060905_1400Z.polarimeter07.20060905_1400z.zip
20060905,1400Z,1.1222,0.49468886852264404,1.268496567047035,0.627511131477356,ss450-g5nr.leV120.GRASP.example_20060905_1400Z.polarimeter07.20060905_1400z.zip
20060905,1400Z,1.1238,0.4866046905517578,1.3094721892748928,0.6371953094482421,ss450-g5nr.leV120.GRASP.example_20060905_1400Z.polarimeter07.20060905_1400z.zip
20060905,1400Z,1.0901,0.5169799327850342,1.1085924827439586,0.5731200672149659,ss450-g5nr.leV120.GRASP.example_20060905_1400Z.polarimeter07.20060905_1400z.zip
20060905,1400Z,1.091,0.5084826350212097,1.1455993279976855,0.5825173649787903,ss450-g5nr.leV120.GRASP.example_20060905_1400Z.polarimeter07.20060905_1400z.zip
20060905,1400Z,1.093,0.5388467311859131,1.0284061064905907,0.5541532688140869,ss450-g5nr.leV120.GRASP.example_20060905_1400Z.polarimeter07.20060905_1400z.zip
20060905,1400Z,1.0948,0.5299147963523865,1.0659925096184184,0.5648852036476135,ss450-g5nr.leV120.GRASP.example_20060905_1400Z.polarimeter07.20060905_1400z.zip
20060905,2100Z,5.5209,0.4061323404312134,12.593844789947415,5.114767659568787,ss450-g5nr.leV120.GRASP.example_20060905_2100Z.polarimeter07.20060905_2100z.zip
20060905,2100Z,5.078,0.4053943157196045,11.526075978609073,4.672605684280396,ss450-g5nr.leV120.GRASP.example_20060905_2100Z.polarimeter07.20060905_2100z.zip
20060905,2100Z,4.6756,0.4043450653553009,10.563390778347985,4.271254934644699,ss450-g5nr.leV120.GRASP.example_20060905_2100Z.polarimeter07.20060905_2100z.zip
20060905,2100Z,3.7046,0.39884132146835327,8.288405690667505,3.305758678531647,ss450-g5nr.leV120.GRASP.example_20060905_2100Z.polarimeter07.20060905_2100z.zip
20060905,2100Z,3.3341,0.3937821090221405,7.4668651104525905,2.9403178909778593,ss450-g5nr.leV120.GRASP.example_20060905_2100Z.polarimeter07.20060905_2100z.zip
20060905,2100Z,2.9876,0.3870384693145752,6.719129329161731,2.600561530685425,ss450-g5nr.leV120.GRASP.example_20060905_2100Z.polarimeter07.20060905_2100z.zip
20060905,2100Z,2.5426,0.38155943155288696,5.663706331807911,2.1610405684471132,ss450-g5nr.leV120.GRASP.example_20060905_2100Z.polarimeter07.20060905_2100z.zip
20060905,2100Z,2.5105,0.3820725679397583,5.570741295396618,2.1284274320602417,ss450-g5nr.leV120.GRASP.example_20060905_2100Z.polarimeter07.20060905_2100z.zip
20060905,2100Z,5.4932,0.4108666777610779,12.369787080164086,5.082333322238922,ss450-g5nr.leV120.GRASP.example_20060905_2100Z.polarimeter07.20060905_2100z.zip
20060905,2100Z,5.0682,0.41014885902404785,11.356976957243813,4.658051140975952,ss450-g5nr.leV120.GRASP.example_20060905_2100Z.polarimeter07.20060905_2100z.zip
20060905,2100Z,4.6695,0.4091166853904724,10.413614175973533,4.260383314609528,ss450-g5nr.leV120.GRASP.example_20060905_2100Z.polarimeter07.20060905_2100z.zip
20060905,2100Z,3.6977,0.4037240147590637,8.158979562329803,3.2939759852409365,ss450-g5nr.leV120.GRASP.example_20060905_2100Z.polarimeter07.20060905_2100z.zip
20060905,2100Z,3.3378,0.398690402507782,7.371909579475894,2.939109597492218,ss450-g5nr.leV120.GRASP.example_20060905_2100Z.polarimeter07.20060905_2100z.zip
20060905,2100Z,3.0,0.39216840267181396,6.649774891503815,2.607831597328186,ss450-g5nr.leV120.GRASP.example_20060905_2100Z.polarimeter07.20060905_2100z.zip
20060905,2100Z,2.5659,0.38727205991744995,5.625574797590463,2.17862794008255,ss450-g5nr.leV120.GRASP.example_20060905_2100Z.polarimeter07.20060905_2100z.zip
20060905,2100Z,2.537,0.38785284757614136,5.541140579100554,2.1491471524238586,ss450-g5nr.leV120.GRASP.example_20060905_2100Z.polarimeter07.20060905_2100z.zip
20060905,2100Z,5.2916,0.4302782714366913,11.298087891660074,4.861321728563309,ss450-g5nr.leV120.GRASP.example_20060905_2100Z.polarimeter07.20060905_2100z.zip
20060905,2100Z,4.8824,0.4299009144306183,10.357035624049528,4.452499085569381,ss450-g5nr.leV120.GRASP.example_20060905_2100Z.polarimeter07.20060905_2100z.zip
20060905,2100Z,4.547,0.4294276833534241,9.588511584749801,4.117572316646576,ss450-g5nr.leV120.GRASP.example_20060905_2100Z.polarimeter07.20060905_2100z.zip
20060905,2100Z,3.6065,0.42636406421661377,7.458733515983472,3.1801359357833863,ss450-g5nr.leV120.GRASP.example_20060905_2100Z.polarimeter07.20060905_2100z.zip
20060905,2100Z,3.2967,0.422459214925766,6.803593538797093,2.874240785074234,ss450-g5nr.leV120.GRASP.example_20060905_2100Z.polarimeter07.20060905_2100z.zip
20060905,2100Z,2.9764,0.41659870743751526,6.144525287434848,2.5598012925624847,ss450-g5nr.leV120.GRASP.example_20060905_2100Z.polarimeter07.20060905_2100z.zip
20060905,2100Z,2.5916,0.4110978841781616,5.304094717444112,2.1805021158218385,ss450-g5nr.leV120.GRASP.example_20060905_2100Z.polarimeter07.20060905_2100z.zip
20060905,2100Z,2.5647,0.41153857111930847,5.231979649014411,2.1531614288806917,ss450-g5nr.leV120.GRASP.example_20060905_2100Z.polarimeter07.20060905_2100z.zip
20060905,2100Z,4.35,0.45504963397979736,8.559396767239516,3.8949503660202023,ss450-g5nr.leV120.GRASP.example_20060905_2100Z.polarimeter07.20060905_2100z.zip
20060905,2100Z,4.117,0.454598993062973,8.05633330214987,3.662401006937027,ss450-g5nr.leV120.GRASP.example_20060905_2100Z.polarimeter07.20060905_2100z.zip
20060905,2100Z,3.898,0.4540056884288788,7.585795507297113,3.4439943115711213,ss450-g5nr.leV120.GRASP.example_20060905_2100Z.polarimeter07.20060905_2100z.zip
20060905,2100Z,3.248,0.45018720626831055,6.214776330325566,2.7978127937316897,ss450-g5nr.leV120.GRASP.example_20060905_2100Z.polarimeter07.20060905_2100z.zip
20060905,2100Z,3.1104,0.44580522179603577,5.977038060408961,2.664594778203964,ss450-g5nr.leV120.GRASP.example_20060905_2100Z.polarimeter07.20060905_2100z.zip
20060905,2100Z,2.8144,0.43937283754348755,5.40549383010378,2.3750271624565125,ss450-g5nr.leV120.GRASP.example_20060905_2100Z.polarimeter07.20060905_2100z.zip
20060905,2100Z,2.6587,0.4333522319793701,5.135193968786501,2.22534776802063,ss450-g5nr.leV120.GRASP.example_20060905_2100Z.polarimeter07.20060905_2100z.zip
20060905,2100Z,2.6412,0.4338625371456146,5.087642453244471,2.2073374628543854,ss450-g5nr.leV120.GRASP.example_20060905_2100Z.polarimeter07.20060905_2100z.zip
20060905,2100Z,4.6172,0.38184550404548645,11.09180139895005,4.235354495954514,ss450-g5nr.leV120.GRASP.example_20060905_2100Z.polarimeter07.20060905_2100z.zip
20060905,2100Z,4.285,0.38105493783950806,10.24509768668776,3.903945062160492,ss450-g5nr.leV120.GRASP.example_20060905_2100Z.polarimeter07.20060905_2100z.zip
20060905,2100Z,4.011,0.3799527883529663,9.556574719156647,3.631047211647034,ss450-g5nr.leV120.GRASP.example_20060905_2100Z.polarimeter07.20060905_2100z.zip
20060905,2100Z,3.2948,0.3739403486251831,7.811030989604503,2.920859651374817,ss450-g5nr.leV120.GRASP.example_20060905_2100Z.polarimeter07.20060905_2100z.zip
20060905,2100Z,3.0691,0.36816200613975525,7.336275739531259,2.700937993860245,ss450-g5nr.leV120.GRASP.example_20060905_2100Z.polarimeter07.20060905_2100z.zip
20060905,2100Z,2.8161,0.3600390553474426,6.821651451902697,2.4560609446525574,ss450-g5nr.leV120.GRASP.example_20060905_2100Z.polarimeter07.20060905_2100z.zip
20060905,2100Z,2.4842,0.3492504358291626,6.112947458754661,2.1349495641708374,ss450-g5nr.leV120.GRASP.example_20060905_2100Z.polarimeter07.20060905_2100z.zip
20060905,2100Z,2.4602,0.3490501940250397,6.048269968368829,2.1111498059749603,ss450-g5nr.leV120.GRASP.example_20060905_2100Z.polarimeter07.20060905_2100z.zip
20060905,2100Z,4.6122,0.3921228349208832,10.762130611267722,4.2200771650791165,ss450-g5nr.leV120.GRASP.example_20060905_2100Z.polarimeter07.20060905_2100z.zip
20060905,2100Z,4.279,0.3914192318916321,9.932012664070323,3.887580768108368,ss450-g5nr.leV120.GRASP.example_20060905_2100Z.polarimeter07.20060905_2100z.zip
20060905,2100Z,4.002,0.3904452919960022,9.249835462328937,3.6115547080039976,ss450-g5nr.leV120.GRASP.example_20060905_2100Z.polarimeter07.20060905_2100z.zip
20060905,2100Z,3.2772,0.38486143946647644,7.515272417374676,2.8923385605335237,ss450-g5nr.leV120.GRASP.example_20060905_2100Z.polarimeter07.20060905_2100z.zip
20060905,2100Z,3.044,0.37919241189956665,7.02758679887887,2.6648075881004334,ss450-g5nr.leV120.GRASP.example_20060905_2100Z.polarimeter07.20060905_2100z.zip
20060905,2100Z,2.8342,0.3712884187698364,6.633418810611852,2.4629115812301636,ss450-g5nr.leV120.GRASP.example_20060905_2100Z.polarimeter07.20060905_2100z.zip
20060905,2100Z,2.4642,0.36082690954208374,5.829313265818377,2.103373090457916,ss450-g5nr.leV120.GRASP.example_20060905_2100Z.polarimeter07.20060905_2100z.zip
20060905,2100Z,2.4412,0.36068981885910034,5.768142243997269,2.0805101811408995,ss450-g5nr.leV120.GRASP.example_20060905_2100Z.polarimeter07.20060905_2100z.zip
20060905,2100Z,4.2763,0.41758981347084045,9.24043178749284,3.8587101865291595,ss450-g5nr.leV120.GRASP.example_20060905_2100Z.polarimeter07.20060905_2100z.zip
20060905,2100Z,3.992,0.41691237688064575,8.57515348876974,3.5750876231193542,ss450-g5nr.leV120.GRASP.example_20060905_2100Z.polarimeter07.20060905_2100z.zip
20060905,2100Z,3.7656,0.4159815311431885,8.0523249665712,3.3496184688568116,ss450-g5nr.leV120.GRASP.example_20060905_2100Z.polarimeter07.20060905_2100z.zip
20060905,2100Z,3.1588,0.41047993302345276,6.695382272973432,2.748320066976547,ss450-g5nr.leV120.GRASP.example_20060905_2100Z.polarimeter07.20060905_2100z.zip
20060905,2100Z,2.8927,0.4047021269798279,6.14772620936629,2.487997873020172,ss450-g5nr.leV120.GRASP.example_20060905_2100Z.polarimeter07.20060905_2100z.zip
20060905,2100Z,2.7778,0.3965865969657898,6.004270999707077,2.3812134030342103,ss450-g5nr.leV120.GRASP.example_20060905_2100Z.polarimeter07.20060905_2100z.zip
20060905,2100Z,2.4638,0.3859517574310303,5.383699393933404,2.0778482425689697,ss450-g5nr.leV120.GRASP.example_20060905_2100Z.polarimeter07.20060905_2100z.zip
20060905,2100Z,2.4426,0.38583481311798096,5.33068846292286,2.056765186882019,ss450-g5nr.leV120.GRASP.example_20060905_2100Z.polarimeter07.20060905_2100z.zip
20060905,2100Z,1.5208,0.8352586030960083,0.8207534700785266,0.6855413969039916,ss450-g5nr.leV120.GRASP.example_20060905_2100Z.polarimeter07.20060905_2100z.zip
20060905,2100Z,1.4586,0.8358149528503418,0.7451231220807938,0.6227850471496581,ss450-g5nr.leV120.GRASP.example_20060905_2100Z.polarimeter07.20060905_2100z.zip
20060905,2100Z,1.3712,0.8367722034454346,0.6386777600331882,0.5344277965545654,ss450-g5nr.leV120.GRASP.example_20060905_2100Z.polarimeter07.20060905_2100z.zip
20060905,2100Z,1.442,0.8307540416717529,0.7357724761690202,0.611245958328247,ss450-g5nr.leV120.GRASP.example_20060905_2100Z.polarimeter07.20060905_2100z.zip
20060905,2100Z,1.3897,0.8313778638839722,0.6715624271106979,0.5583221361160278,ss450-g5nr.leV120.GRASP.example_20060905_2100Z.polarimeter07.20060905_2100z.zip
20060905,2100Z,1.5114,0.8386611938476562,0.802158024107346,0.6727388061523438,ss450-g5nr.leV120.GRASP.example_20060905_2100Z.polarimeter07.20060905_2100z.zip
20060905,2100Z,1.4479,0.8393720388412476,0.7249800243510908,0.6085279611587524,ss450-g5nr.leV120.GRASP.example_20060905_2100Z.polarimeter07.20060905_2100z.zip
20060905,2100Z,1.3694,0.8405269384384155,0.6292160755063466,0.5288730615615844,ss450-g5nr.leV120.GRASP.example_20060905_2100Z.polarimeter07.20060905_2100z.zip
20060905,2100Z,1.5799,0.918573260307312,0.7199499139256882,0.6613267396926881,ss450-g5nr.leV120.GRASP.example_20060905_2100Z.polarimeter07.20060905_2100z.zip
20060905,2100Z,1.5236,0.9193246364593506,0.6573035678320674,0.6042753635406495,ss450-g5nr.leV120.GRASP.example_20060905_2100Z.polarimeter07.20060905_2100z.zip
20060905,2100Z,1.4409,0.9206082820892334,0.5651608051255131,0.5202917179107667,ss450-g5nr.leV120.GRASP.example_20060905_2100Z.polarimeter07.20060905_2100z.zip
20060905,2100Z,1.703,0.9855718612670898,0.727930825673692,0.7174281387329102,ss450-g5nr.leV120.GRASP.example_20060905_2100Z.polarimeter07.20060905_2100z.zip
20060905,2100Z,1.6277,0.9863619208335876,0.6502056350922478,0.6413380791664123,ss450-g5nr.leV120.GRASP.example_20060905_2100Z.polarimeter07.20060905_2100z.zip
20060905,2100Z,1.5214,0.9876985549926758,0.5403485125188645,0.5337014450073243,ss450-g5nr.leV120.GRASP.example_20060905_2100Z.polarimeter07.20060905_2100z.zip
20060905,2100Z,1.7519,1.1224037408828735,0.5608465440626292,0.6294962591171265,ss450-g5nr.leV120.GRASP.example_20060905_2100Z.polarimeter07.20060905_2100z.zip
20060905,2100Z,1.6963,1.1233947277069092,0.5099768212928273,0.5729052722930907,ss450-g5nr.leV120.GRASP.example_20060905_2100Z.polarimeter07.20060905_2100z.zip
20060905,2100Z,1.6277,1.1250544786453247,0.4467743837257636,0.5026455213546752,ss450-g5nr.leV120.GRASP.example_20060905_2100Z.polarimeter07.20060905_2100z.zip
20060905,2100Z,2.1935,1.4982752799987793,0.46401667923252854,0.6952247200012205,ss450-g5nr.leV120.GRASP.example_20060905_2100Z.polarimeter07.20060905_2100z.zip
20060905,2100Z,2.1158,1.4999109506607056,0.4106170763457641,0.6158890493392946,ss450-g5nr.leV120.GRASP.example_20060905_2100Z.polarimeter07.20060905_2100z.zip
20060905,2100Z,2.0392,1.50258469581604,0.3571281576859993,0.5366153041839601,ss450-g5nr.leV120.GRASP.example_20060905_2100Z.polarimeter07.20060905_2100z.zip
20060905,2100Z,2.5635,1.922053575515747,0.3337297319155803,0.6414464244842528,ss450-g5nr.leV120.GRASP.example_20060905_2100Z.polarimeter07.20060905_2100z.zip
20060905,2100Z,2.4863,1.9244482517242432,0.2919547188511595,0.5618517482757568,ss450-g5nr.leV120.GRASP.example_20060905_2100Z.polarimeter07.20060905_2100z.zip
20060905,2100Z,2.0524,1.3974918127059937,0.46863114426831126,0.6549081872940063,ss450-g5nr.leV120.GRASP.example_20060905_2100Z.polarimeter07.20060905_2100z.zip
20060905,2100Z,1.9865,1.398846983909607,0.4200981400038297,0.587653016090393,ss450-g5nr.leV120.GRASP.example_20060905_2100Z.polarimeter07.20060905_2100z.zip
20060905,2100Z,1.5572,1.0291850566864014,0.5130417896015835,0.5280149433135986,ss450-g5nr.leV120.GRASP.example_20060905_2100Z.polarimeter07.20060905_2100z.zip
20060905,2100Z,1.3959,0.8870594501495361,0.5736262093422103,0.5088405498504638,ss450-g5nr.leV120.GRASP.example_20060905_2100Z.polarimeter07.20060905_2100z.zip
20060905,2100Z,1.3255,0.8031148910522461,0.6504487897906134,0.5223851089477538,ss450-g5nr.leV120.GRASP.example_20060905_2100Z.polarimeter07.20060905_2100z.zip
20060905,2100Z,1.2282,0.7197422385215759,0.706444243876597,0.508457761478424,ss450-g5nr.leV120.GRASP.example_20060905_2100Z.polarimeter07.20060905_2100z.zip
20060905,2100Z,1.6713,0.6245133280754089,1.6761638621076689,1.046786671924591,ss450-g5nr.leV120.GRASP.example_20060905_2100Z.polarimeter07.20060905_2100z.zip
20060905,2100Z,1.5791,0.6247209310531616,1.5276886390502962,0.9543790689468383,ss450-g5nr.leV120.GRASP.example_20060905_2100Z.polarimeter07.20060905_2100z.zip
20060905,2100Z,1.4683,0.6251295208930969,1.3487932515205807,0.843170479106903,ss450-g5nr.leV120.GRASP.example_20060905_2100Z.polarimeter07.20060905_2100z.zip
20060905,2100Z,1.2109,0.6247286796569824,0.938281432292919,0.5861713203430177,ss450-g5nr.leV120.GRASP.example_20060905_2100Z.polarimeter07.20060905_2100z.zip
20060905,2100Z,1.1419,0.6214221119880676,0.837559330399119,0.5204778880119323,ss450-g5nr.leV120.GRASP.example_20060905_2100Z.polarimeter07.20060905_2100z.zip
20060905,2100Z,1.0305,0.44263580441474915,1.3280990595926192,0.5878641955852508,ss450-g5nr.leV120.GRASP.example_20060905_2100Z.polarimeter07.20060905_2100z.zip
20060905,2100Z,0.97221,0.44257450103759766,1.1967148982164444,0.5296354989624024,ss450-g5nr.leV120.GRASP.example_20060905_2100Z.polarimeter07.20060905_2100z.zip
20060905,2100Z,3.3191,0.3779558539390564,7.781713434011765,2.9411441460609438,ss450-g5nr.leV120.GRASP.example_20060905_2100Z.polarimeter07.20060905_2100z.zip
20060905,2100Z,3.1868,0.3775571882724762,7.440575624003598,2.8092428117275237,ss450-g5nr.leV120.GRASP.example_20060905_2100Z.polarimeter07.20060905_2100z.zip
20060905,2100Z,3.0651,0.37699300050735474,7.130389677991391,2.6881069994926454,ss450-g5nr.leV120.GRASP.example_20060905_2100Z.polarimeter07.20060905_2100z.zip
20060905,2100Z,2.7521,0.37330713868141174,6.3722136943882575,2.3787928613185882,ss450-g5nr.leV120.GRASP.example_20060905_2100Z.polarimeter07.20060905_2100z.zip
20060905,2100Z,2.6861,0.3693695366382599,6.2721210970644234,2.3167304633617403,ss450-g5nr.leV120.GRASP.example_20060905_2100Z.polarimeter07.20060905_2100z.zip
20060905,2100Z,2.5535,0.36341971158981323,6.026311227944895,2.190080288410187,ss450-g5nr.leV120.GRASP.example_20060905_2100Z.polarimeter07.20060905_2100z.zip
20060905,2100Z,2.5272,0.35710546374320984,6.076900962280652,2.1700945362567903,ss450-g5nr.leV120.GRASP.example_20060905_2100Z.polarimeter07.20060905_2100z.zip
20060905,2100Z,2.5203,0.3575518727302551,6.048767443881825,2.162748127269745,ss450-g5nr.leV120.GRASP.example_20060905_2100Z.polarimeter07.20060905_2100z.zip
20060908,2200Z,5.4222,0.42639780044555664,11.716294489169904,4.9958021995544435,ss450-g5nr.leV120.GRASP.example_20060908_2200Z.polarimeter07.20060908_2200z.zip
20060908,2200Z,4.9933,0.42596539855003357,10.722313636264731,4.567334601449966,ss450-g5nr.leV120.GRASP.example_20060908_2200Z.polarimeter07.20060908_2200z.zip
20060908,2200Z,4.6427,0.42542213201522827,9.913160483700013,4.217277867984771,ss450-g5nr.leV120.GRASP.example_20060908_2200Z.polarimeter07.20060908_2200z.zip
20060908,2200Z,3.6524,0.4225723445415497,7.6432537462017365,3.2298276554584504,ss450-g5nr.leV120.GRASP.example_20060908_2200Z.polarimeter07.20060908_2200z.zip
20060908,2200Z,3.3345,0.4193452000617981,6.951682765198221,2.9151547999382017,ss450-g5nr.leV120.GRASP.example_20060908_2200Z.polarimeter07.20060908_2200z.zip
20060908,2200Z,3.0314,0.41489464044570923,6.306433259160579,2.616505359554291,ss450-g5nr.leV120.GRASP.example_20060908_2200Z.polarimeter07.20060908_2200z.zip
20060908,2200Z,2.6071,0.4123415946960449,5.322670410977596,2.194758405303955,ss450-g5nr.leV120.GRASP.example_20060908_2200Z.polarimeter07.20060908_2200z.zip
20060908,2200Z,2.5818,0.41304507851600647,5.250649467307354,2.1687549214839934,ss450-g5nr.leV120.GRASP.example_20060908_2200Z.polarimeter07.20060908_2200z.zip
20060908,2200Z,4.2672,0.4494227170944214,8.49484713987763,3.8177772829055785,ss450-g5nr.leV120.GRASP.example_20060908_2200Z.polarimeter07.20060908_2200z.zip
20060908,2200Z,4.0398,0.44912832975387573,7.99475658151831,3.590671670246124,ss450-g5nr.leV120.GRASP.example_20060908_2200Z.polarimeter07.20060908_2200z.zip
20060908,2200Z,3.8258,0.44877225160598755,7.52503688966708,3.3770277483940125,ss450-g5nr.leV120.GRASP.example_20060908_2200Z.polarimeter07.20060908_2200z.zip
20060908,2200Z,3.2022,0.44644641876220703,6.1726412519519025,2.755753581237793,ss450-g5nr.leV120.GRASP.example_20060908_2200Z.polarimeter07.20060908_2200z.zip
20060908,2200Z,3.0594,0.4432983696460724,5.901446541395162,2.6161016303539277,ss450-g5nr.leV120.GRASP.example_20060908_2200Z.polarimeter07.20060908_2200z.zip
20060908,2200Z,2.7856,0.43857571482658386,5.351468870321393,2.347024285173416,ss450-g5nr.leV120.GRASP.example_20060908_2200Z.polarimeter07.20060908_2200z.zip
20060908,2200Z,2.657,0.4358345866203308,5.096349582082608,2.221165413379669,ss450-g5nr.leV120.GRASP.example_20060908_2200Z.polarimeter07.20060908_2200z.zip
20060908,2200Z,2.6404,0.4365694522857666,5.0480640277865,2.2038305477142335,ss450-g5nr.leV120.GRASP.example_20060908_2200Z.polarimeter07.20060908_2200z.zip
20060908,1900Z,2.7661,0.35780948400497437,6.730650314348696,2.4082905159950254,ss450-g5nr.leV120.GRASP.example_20060908_1900Z.polarimeter07.20060908_1900z.zip
20060908,1900Z,2.712,0.35718244314193726,6.5927584126028975,2.354817556858063,ss450-g5nr.leV120.GRASP.example_20060908_1900Z.polarimeter07.20060908_1900z.zip
20060908,1900Z,2.6111,0.35625210404396057,6.329360220923206,2.2548478959560394,ss450-g5nr.leV120.GRASP.example_20060908_1900Z.polarimeter07.20060908_1900z.zip
20060908,1900Z,2.451,0.35140499472618103,5.9748581744259175,2.099595005273819,ss450-g5nr.leV120.GRASP.example_20060908_1900Z.polarimeter07.20060908_1900z.zip
20060908,1900Z,2.3907,0.34702587127685547,5.8891117287699615,2.0436741287231444,ss450-g5nr.leV120.GRASP.example_20060908_1900Z.polarimeter07.20060908_1900z.zip
20060908,1900Z,2.3272,0.3413766622543335,5.817103385544798,1.9858233377456664,ss450-g5nr.leV120.GRASP.example_20060908_1900Z.polarimeter07.20060908_1900z.zip
20060908,1900Z,2.3836,0.33797651529312134,6.052561027599045,2.0456234847068786,ss450-g5nr.leV120.GRASP.example_20060908_1900Z.polarimeter07.20060908_1900z.zip
20060908,1900Z,2.3764,0.338786780834198,6.014441337258104,2.037613219165802,ss450-g5nr.leV120.GRASP.example_20060908_1900Z.polarimeter07.20060908_1900z.zip
20060908,1900Z,1.9493,1.386825442314148,0.4055842505652839,0.5624745576858521,ss450-g5nr.leV120.GRASP.example_20060908_1900Z.polarimeter07.20060908_1900z.zip
20060908,1900Z,2.3382,1.8341447114944458,0.27481762226648637,0.5040552885055543,ss450-g5nr.leV120.GRASP.example_20060908_1900Z.polarimeter07.20060908_1900z.zip
20060908,1900Z,1.9365,1.3948605060577393,0.3883108680688677,0.5416394939422609,ss450-g5nr.leV120.GRASP.example_20060908_1900Z.polarimeter07.20060908_1900z.zip
20060911,1500Z,0.91511,0.4103119671344757,1.2302786009165598,0.5047980328655243,ss450-g5nr.leV120.GRASP.example_20060911_1500Z.polarimeter07.20060911_1500z.zip
20060911,1500Z,0.92287,0.4067266583442688,1.2690177323435927,0.5161433416557312,ss450-g5nr.leV120.GRASP.example_20060911_1500Z.polarimeter07.20060911_1500z.zip
20060911,1500Z,0.92353,0.40637755393981934,1.27259106967499,0.5171524460601806,ss450-g5nr.leV120.GRASP.example_20060911_1500Z.polarimeter07.20060911_1500z.zip
20060911,1500Z,0.94018,0.4066150188446045,1.312211690240855,0.5335649811553955,ss450-g5nr.leV120.GRASP.example_20060911_1500Z.polarimeter07.20060911_1500z.zip
20060911,1500Z,0.96686,0.40446025133132935,1.3904944844826275,0.5623997486686707,ss450-g5nr.leV120.GRASP.example_20060911_1500Z.polarimeter07.20060911_1500z.zip
20060911,1500Z,1.0019,0.4061288833618164,1.4669508647268918,0.5957711166381836,ss450-g5nr.leV120.GRASP.example_20060911_1500Z.polarimeter07.20060911_1500z.zip
20060911,1500Z,1.1122,0.392907053232193,1.8306949209759606,0.7192929467678071,ss450-g5nr.leV120.GRASP.example_20060911_1500Z.polarimeter07.20060911_1500z.zip
20060911,1500Z,1.1152,0.3860591948032379,1.8886761797459115,0.729140805196762,ss450-g5nr.leV120.GRASP.example_20060911_1500Z.polarimeter07.20060911_1500z.zip
20060911,1500Z,0.94936,0.44287168979644775,1.1436457147133154,0.5064883102035522,ss450-g5nr.leV120.GRASP.example_20060911_1500Z.polarimeter07.20060911_1500z.zip
20060911,1500Z,0.98346,0.44515931606292725,1.209231536920097,0.5383006839370728,ss450-g5nr.leV120.GRASP.example_20060911_1500Z.polarimeter07.20060911_1500z.zip
20060911,1500Z,1.0927,0.43159639835357666,1.5317634812717495,0.6611036016464233,ss450-g5nr.leV120.GRASP.example_20060911_1500Z.polarimeter07.20060911_1500z.zip
20060911,1500Z,1.0961,0.42424309253692627,1.5836602157631952,0.6718569074630738,ss450-g5nr.leV120.GRASP.example_20060911_1500Z.polarimeter07.20060911_1500z.zip
20060911,1500Z,1.0105,0.46403634548187256,1.1776311485917321,0.5464636545181274,ss450-g5nr.leV120.GRASP.example_20060911_1500Z.polarimeter07.20060911_1500z.zip
20060911,1500Z,1.0128,0.4561578929424286,1.2202838439711594,0.5566421070575713,ss450-g5nr.leV120.GRASP.example_20060911_1500Z.polarimeter07.20060911_1500z.zip
20060911,0300Z,3.5774,0.41134458780288696,7.696844704115231,3.166055412197113,ss450-g5nr.leV120.GRASP.example_20060911_0300Z.polarimeter07.20060911_0300z.zip
20060911,0300Z,3.3854,0.4110221564769745,7.236538947237144,2.9743778435230257,ss450-g5nr.leV120.GRASP.example_20060911_0300Z.polarimeter07.20060911_0300z.zip
20060911,0300Z,3.2298,0.41061657667160034,6.865732129424243,2.8191834233283997,ss450-g5nr.leV120.GRASP.example_20060911_0300Z.polarimeter07.20060911_0300z.zip
20060911,0300Z,2.7899,0.4076462686061859,5.843923800748029,2.382253731393814,ss450-g5nr.leV120.GRASP.example_20060911_0300Z.polarimeter07.20060911_0300z.zip
20060911,0300Z,2.6835,0.4038424789905548,5.644917609231402,2.279657521009445,ss450-g5nr.leV120.GRASP.example_20060911_0300Z.polarimeter07.20060911_0300z.zip
20060911,0300Z,2.5385,0.39811450242996216,5.376306274968174,2.140385497570038,ss450-g5nr.leV120.GRASP.example_20060911_0300Z.polarimeter07.20060911_0300z.zip
20060911,0300Z,2.4453,0.39239341020584106,5.231756029534871,2.052906589794159,ss450-g5nr.leV120.GRASP.example_20060911_0300Z.polarimeter07.20060911_0300z.zip
20060911,0300Z,2.4355,0.39280837774276733,5.200224175449996,2.042691622257233,ss450-g5nr.leV120.GRASP.example_20060911_0300Z.polarimeter07.20060911_0300z.zip
20060914,1000Z,1.0983,0.45274072885513306,1.425891752167567,0.645559271144867,ss450-g5nr.leV120.GRASP.example_20060914_1000Z.polarimeter07.20060914_1000z.zip
20060914,1000Z,1.0988,0.4437071681022644,1.4764080433939522,0.6550928318977356,ss450-g5nr.leV120.GRASP.example_20060914_1000Z.polarimeter07.20060914_1000z.zip
20060914,1000Z,1.0659,0.5652447938919067,0.8857316538218926,0.5006552061080933,ss450-g5nr.leV120.GRASP.example_20060914_1000Z.polarimeter07.20060914_1000z.zip
20060914,1000Z,1.1554,0.4882451891899109,1.3664339671569983,0.6671548108100891,ss450-g5nr.leV120.GRASP.example_20060914_1000Z.polarimeter07.20060914_1000z.zip
20060914,1000Z,1.1546,0.47808510065078735,1.415051208306461,0.6765148993492127,ss450-g5nr.leV120.GRASP.example_20060914_1000Z.polarimeter07.20060914_1000z.zip
20060914,1700Z,3.2869,0.3381469249725342,8.72033088950011,2.948753075027466,ss450-g5nr.leV120.GRASP.example_20060914_1700Z.polarimeter07.20060914_1700z.zip
20060914,1700Z,3.1315,0.3380351960659027,8.263828253521531,2.7934648039340972,ss450-g5nr.leV120.GRASP.example_20060914_1700Z.polarimeter07.20060914_1700z.zip
20060914,1700Z,2.9863,0.3379939794540405,7.835364478455358,2.6483060205459594,ss450-g5nr.leV120.GRASP.example_20060914_1700Z.polarimeter07.20060914_1700z.zip
20060914,1700Z,2.653,0.337175190448761,6.868313194897311,2.315824809551239,ss450-g5nr.leV120.GRASP.example_20060914_1700Z.polarimeter07.20060914_1700z.zip
20060914,1700Z,2.4875,0.33545824885368347,6.41522978940062,2.1520417511463164,ss450-g5nr.leV120.GRASP.example_20060914_1700Z.polarimeter07.20060914_1700z.zip
20060914,1700Z,2.454,0.3329240679740906,6.371050146458561,2.1210759320259096,ss450-g5nr.leV120.GRASP.example_20060914_1700Z.polarimeter07.20060914_1700z.zip
20060914,1700Z,2.3733,0.33258533477783203,6.135912957753749,2.040714665222168,ss450-g5nr.leV120.GRASP.example_20060914_1700Z.polarimeter07.20060914_1700z.zip
20060914,1700Z,2.3641,0.3331753611564636,6.095662751873741,2.0309246388435365,ss450-g5nr.leV120.GRASP.example_20060914_1700Z.polarimeter07.20060914_1700z.zip
20060914,1700Z,3.2143,0.3724786043167114,7.62948894983225,2.8418213956832887,ss450-g5nr.leV120.GRASP.example_20060914_1700Z.polarimeter07.20060914_1700z.zip
20060914,1700Z,3.0651,0.3724304139614105,7.229993805816276,2.6926695860385896,ss450-g5nr.leV120.GRASP.example_20060914_1700Z.polarimeter07.20060914_1700z.zip
20060914,1700Z,2.9297,0.37253522872924805,6.864222693766376,2.557164771270752,ss450-g5nr.leV120.GRASP.example_20060914_1700Z.polarimeter07.20060914_1700z.zip
20060914,1700Z,2.6292,0.37235647439956665,6.060975653074504,2.2568435256004333,ss450-g5nr.leV120.GRASP.example_20060914_1700Z.polarimeter07.20060914_1700z.zip
20060914,1700Z,2.4684,0.37071114778518677,5.658553471476249,2.097688852214813,ss450-g5nr.leV120.GRASP.example_20060914_1700Z.polarimeter07.20060914_1700z.zip
20060914,1700Z,2.4347,0.3681989908218384,5.612457015608948,2.0665010091781615,ss450-g5nr.leV120.GRASP.example_20060914_1700Z.polarimeter07.20060914_1700z.zip
20060914,1700Z,2.3572,0.3678628206253052,5.407823427203529,1.989337179374695,ss450-g5nr.leV120.GRASP.example_20060914_1700Z.polarimeter07.20060914_1700z.zip
20060914,1700Z,2.3471,0.36851590871810913,5.369060180236018,1.978584091281891,ss450-g5nr.leV120.GRASP.example_20060914_1700Z.polarimeter07.20060914_1700z.zip
20060914,1700Z,3.1269,0.36968809366226196,7.458211269461818,2.757211906337738,ss450-g5nr.leV120.GRASP.example_20060914_1700Z.polarimeter07.20060914_1700z.zip
20060914,1700Z,2.9959,0.3696572482585907,7.104534711853513,2.626242751741409,ss450-g5nr.leV120.GRASP.example_20060914_1700Z.polarimeter07.20060914_1700z.zip
20060914,1700Z,2.8625,0.36976826190948486,6.74133503296913,2.492731738090515,ss450-g5nr.leV120.GRASP.example_20060914_1700Z.polarimeter07.20060914_1700z.zip
20060914,1700Z,2.5841,0.36949169635772705,5.993661902210051,2.214608303642273,ss450-g5nr.leV120.GRASP.example_20060914_1700Z.polarimeter07.20060914_1700z.zip
20060914,1700Z,2.4378,0.3678685426712036,5.626823762364688,2.0699314573287966,ss450-g5nr.leV120.GRASP.example_20060914_1700Z.polarimeter07.20060914_1700z.zip
20060914,1700Z,2.4109,0.365412175655365,5.597754975394737,2.045487824344635,ss450-g5nr.leV120.GRASP.example_20060914_1700Z.polarimeter07.20060914_1700z.zip
20060914,1700Z,2.3449,0.3652728796005249,5.419584182007884,1.979627120399475,ss450-g5nr.leV120.GRASP.example_20060914_1700Z.polarimeter07.20060914_1700z.zip
20060914,1700Z,2.3354,0.3659302890300751,5.382089895291664,1.9694697109699248,ss450-g5nr.leV120.GRASP.example_20060914_1700Z.polarimeter07.20060914_1700z.zip
20060914,1700Z,3.075,0.34769415855407715,7.843979469737749,2.727305841445923,ss450-g5nr.leV120.GRASP.example_20060914_1700Z.polarimeter07.20060914_1700z.zip
20060914,1700Z,2.9463,0.34762904047966003,7.4754138950378906,2.59867095952034,ss450-g5nr.leV120.GRASP.example_20060914_1700Z.polarimeter07.20060914_1700z.zip
20060914,1700Z,2.8158,0.3476174473762512,7.100283864498487,2.4681825526237486,ss450-g5nr.leV120.GRASP.example_20060914_1700Z.polarimeter07.20060914_1700z.zip
20060914,1700Z,2.5455,0.3466819226741791,6.342465336424042,2.198818077325821,ss450-g5nr.leV120.GRASP.example_20060914_1700Z.polarimeter07.20060914_1700z.zip
20060914,1700Z,2.4119,0.34508225321769714,5.989348126455054,2.066817746782303,ss450-g5nr.leV120.GRASP.example_20060914_1700Z.polarimeter07.20060914_1700z.zip
20060914,1700Z,2.381,0.34269896149635315,5.947788781161327,2.0383010385036466,ss450-g5nr.leV120.GRASP.example_20060914_1700Z.polarimeter07.20060914_1700z.zip
20060914,1700Z,2.3315,0.34307751059532166,5.7958403800770535,1.9884224894046785,ss450-g5nr.leV120.GRASP.example_20060914_1700Z.polarimeter07.20060914_1700z.zip
20060914,1700Z,2.323,0.34379544854164124,5.756924822169754,1.9792045514583587,ss450-g5nr.leV120.GRASP.example_20060914_1700Z.polarimeter07.20060914_1700z.zip
20060914,1700Z,3.1035,0.31660938262939453,8.802299521972113,2.7868906173706054,ss450-g5nr.leV120.GRASP.example_20060914_1700Z.polarimeter07.20060914_1700z.zip
20060914,1700Z,2.9755,0.3164399266242981,8.403048571467858,2.6590600733757017,ss450-g5nr.leV120.GRASP.example_20060914_1700Z.polarimeter07.20060914_1700z.zip
20060914,1700Z,2.8506,0.31628936529159546,8.012633091131462,2.5343106347084046,ss450-g5nr.leV120.GRASP.example_20060914_1700Z.polarimeter07.20060914_1700z.zip
20060914,1700Z,2.5724,0.3148742616176605,7.169610265330498,2.2575257383823395,ss450-g5nr.leV120.GRASP.example_20060914_1700Z.polarimeter07.20060914_1700z.zip
20060914,1700Z,2.4393,0.3131706714630127,6.789043554444387,2.126129328536987,ss450-g5nr.leV120.GRASP.example_20060914_1700Z.polarimeter07.20060914_1700z.zip
20060914,1700Z,2.4152,0.310760498046875,6.771901561425906,2.104439501953125,ss450-g5nr.leV120.GRASP.example_20060914_1700Z.polarimeter07.20060914_1700z.zip
20060914,1700Z,2.3627,0.31122148036956787,6.5916996384515345,2.051478519630432,ss450-g5nr.leV120.GRASP.example_20060914_1700Z.polarimeter07.20060914_1700z.zip
20060914,1700Z,2.3552,0.31199702620506287,6.548789899208922,2.043202973794937,ss450-g5nr.leV120.GRASP.example_20060914_1700Z.polarimeter07.20060914_1700z.zip
20060914,1700Z,3.1985,0.3620327115058899,7.834837014301024,2.8364672884941102,ss450-g5nr.leV120.GRASP.example_20060914_1700Z.polarimeter07.20060914_1700z.zip
20060914,1700Z,3.0588,0.3618548512458801,7.453113145971194,2.69694514875412,ss450-g5nr.leV120.GRASP.example_20060914_1700Z.polarimeter07.20060914_1700z.zip
20060914,1700Z,2.9183,0.36170879006385803,7.068092565527056,2.556591209936142,ss450-g5nr.leV120.GRASP.example_20060914_1700Z.polarimeter07.20060914_1700z.zip
20060914,1700Z,2.6086,0.360291451215744,6.24024950133485,2.248308548784256,ss450-g5nr.leV120.GRASP.example_20060914_1700Z.polarimeter07.20060914_1700z.zip
20060914,1700Z,2.4578,0.3583952784538269,5.857791237103716,2.0994047215461733,ss450-g5nr.leV120.GRASP.example_20060914_1700Z.polarimeter07.20060914_1700z.zip
20060914,1700Z,2.4211,0.35562723875045776,5.807971201831579,2.0654727612495423,ss450-g5nr.leV120.GRASP.example_20060914_1700Z.polarimeter07.20060914_1700z.zip
20060914,1700Z,2.3472,0.3560418486595154,5.592483464618338,1.9911581513404846,ss450-g5nr.leV120.GRASP.example_20060914_1700Z.polarimeter07.20060914_1700z.zip
20060914,1700Z,2.3384,0.3568868041038513,5.552217602642275,1.9815131958961487,ss450-g5nr.leV120.GRASP.example_20060914_1700Z.polarimeter07.20060914_1700z.zip
20060914,1700Z,1.174,0.5239077806472778,1.2408523854132227,0.6500922193527221,ss450-g5nr.leV120.GRASP.example_20060914_1700Z.polarimeter07.20060914_1700z.zip
20060914,1700Z,1.1358,0.5239506363868713,1.1677614666763285,0.6118493636131286,ss450-g5nr.leV120.GRASP.example_20060914_1700Z.polarimeter07.20060914_1700z.zip
20060914,1700Z,1.078,0.5241758823394775,1.0565616166633236,0.5538241176605225,ss450-g5nr.leV120.GRASP.example_20060914_1700Z.polarimeter07.20060914_1700z.zip
20060914,1700Z,1.4247,0.6682883501052856,1.1318641867324866,0.7564116498947144,ss450-g5nr.leV120.GRASP.example_20060914_1700Z.polarimeter07.20060914_1700z.zip
20060914,1700Z,1.3714,0.668318510055542,1.0520155874270591,0.703081489944458,ss450-g5nr.leV120.GRASP.example_20060914_1700Z.polarimeter07.20060914_1700z.zip
20060914,1700Z,1.3023,0.6686511039733887,0.9476525085522474,0.6336488960266113,ss450-g5nr.leV120.GRASP.example_20060914_1700Z.polarimeter07.20060914_1700z.zip
20060914,1700Z,1.0107,0.4937859773635864,1.0468381977882644,0.5169140226364135,ss450-g5nr.leV120.GRASP.example_20060914_1700Z.polarimeter07.20060914_1700z.zip
20060914,1700Z,3.7745,0.38481414318084717,8.808631171401975,3.389685856819153,ss450-g5nr.leV120.GRASP.example_20060914_1700Z.polarimeter07.20060914_1700z.zip
20060914,1700Z,3.5459,0.3845180869102478,8.221672843773577,3.1613819130897522,ss450-g5nr.leV120.GRASP.example_20060914_1700Z.polarimeter07.20060914_1700z.zip
20060914,1700Z,3.3698,0.3842850625514984,7.76901115444322,2.9855149374485017,ss450-g5nr.leV120.GRASP.example_20060914_1700Z.polarimeter07.20060914_1700z.zip
20060914,1700Z,2.9011,0.3826460540294647,6.581680170094235,2.5184539459705353,ss450-g5nr.leV120.GRASP.example_20060914_1700Z.polarimeter07.20060914_1700z.zip
20060914,1700Z,2.6562,0.38046449422836304,5.981466182244305,2.275735505771637,ss450-g5nr.leV120.GRASP.example_20060914_1700Z.polarimeter07.20060914_1700z.zip
20060914,1700Z,2.6062,0.3773657977581024,5.90629626607183,2.2288342022418974,ss450-g5nr.leV120.GRASP.example_20060914_1700Z.polarimeter07.20060914_1700z.zip
20060914,1700Z,2.3965,0.37656933069229126,5.364033936577456,2.019930669307709,ss450-g5nr.leV120.GRASP.example_20060914_1700Z.polarimeter07.20060914_1700z.zip
20060914,1700Z,2.3804,0.37718576192855835,5.310948716168307,2.0032142380714415,ss450-g5nr.leV120.GRASP.example_20060914_1700Z.polarimeter07.20060914_1700z.zip
20060914,1700Z,3.6794,0.36846086382865906,8.985863795051479,3.3109391361713407,ss450-g5nr.leV120.GRASP.example_20060914_1700Z.polarimeter07.20060914_1700z.zip
20060914,1700Z,3.4712,0.3680498003959656,8.431332380198324,3.1031501996040345,ss450-g5nr.leV120.GRASP.example_20060914_1700Z.polarimeter07.20060914_1700z.zip
20060914,1700Z,3.3098,0.367647647857666,8.002641576212074,2.942152352142334,ss450-g5nr.leV120.GRASP.example_20060914_1700Z.polarimeter07.20060914_1700z.zip
20060914,1700Z,2.8575,0.3656293749809265,6.815291099488559,2.4918706250190734,ss450-g5nr.leV120.GRASP.example_20060914_1700Z.polarimeter07.20060914_1700z.zip
20060914,1700Z,2.6386,0.3630545735359192,6.267777883368124,2.2755454264640806,ss450-g5nr.leV120.GRASP.example_20060914_1700Z.polarimeter07.20060914_1700z.zip
20060914,1700Z,2.5852,0.3597460985183716,6.186179393320032,2.2254539014816284,ss450-g5nr.leV120.GRASP.example_20060914_1700Z.polarimeter07.20060914_1700z.zip
20060914,1700Z,2.4187,0.35881882905960083,5.740727643359671,2.059881170940399,ss450-g5nr.leV120.GRASP.example_20060914_1700Z.polarimeter07.20060914_1700z.zip
20060914,1700Z,2.4042,0.359463095664978,5.688308282530149,2.044736904335022,ss450-g5nr.leV120.GRASP.example_20060914_1700Z.polarimeter07.20060914_1700z.zip
20060914,1700Z,3.8504,0.36692169308662415,9.493792197483904,3.483478306913376,ss450-g5nr.leV120.GRASP.example_20060914_1700Z.polarimeter07.20060914_1700z.zip
20060914,1700Z,3.6129,0.3664354979991913,8.859579707007462,3.2464645020008085,ss450-g5nr.leV120.GRASP.example_20060914_1700Z.polarimeter07.20060914_1700z.zip
20060914,1700Z,3.4306,0.36591753363609314,8.375336475162596,3.064682466363907,ss450-g5nr.leV120.GRASP.example_20060914_1700Z.polarimeter07.20060914_1700z.zip
20060914,1700Z,2.9352,0.3631983995437622,7.0815334089773,2.572001600456238,ss450-g5nr.leV120.GRASP.example_20060914_1700Z.polarimeter07.20060914_1700z.zip
20060914,1700Z,2.6842,0.36038342118263245,6.448178362899,2.3238165788173677,ss450-g5nr.leV120.GRASP.example_20060914_1700Z.polarimeter07.20060914_1700z.zip
20060914,1700Z,2.6125,0.3565535247325897,6.327090657592963,2.25594647526741,ss450-g5nr.leV120.GRASP.example_20060914_1700Z.polarimeter07.20060914_1700z.zip
20060914,1700Z,2.4164,0.35447269678115845,5.816886101362605,2.0619273032188414,ss450-g5nr.leV120.GRASP.example_20060914_1700Z.polarimeter07.20060914_1700z.zip
20060914,1700Z,2.401,0.355014830827713,5.763097739894685,2.045985169172287,ss450-g5nr.leV120.GRASP.example_20060914_1700Z.polarimeter07.20060914_1700z.zip
20060901,0900Z,1.0708,0.44895899295806885,1.385073061895452,0.6218410070419311,ss450-g5nr.leV120.GRASP.example_20060901_0900Z.polarimeter07.20060901_0900z.zip
20060901,0900Z,1.0637,0.443006694316864,1.4010923844847822,0.6206933056831361,ss450-g5nr.leV120.GRASP.example_20060901_0900Z.polarimeter07.20060901_0900z.zip
20060901,0900Z,1.037,0.43451547622680664,1.3865663175106584,0.6024845237731933,ss450-g5nr.leV120.GRASP.example_20060901_0900Z.polarimeter07.20060901_0900z.zip
20060904,0900Z,3.6682,0.4148004353046417,7.843288694492245,3.2533995646953584,ss450-g5nr.leV120.GRASP.example_20060904_0900Z.polarimeter07.20060904_0900z.zip
20060904,0900Z,3.5827,0.40745118260383606,7.7929552127069215,3.175248817396164,ss450-g5nr.leV120.GRASP.example_20060904_0900Z.polarimeter07.20060904_0900z.zip
20060904,0900Z,3.4562,0.3990483283996582,7.661106322286151,3.0571516716003417,ss450-g5nr.leV120.GRASP.example_20060904_0900Z.polarimeter07.20060904_0900z.zip
20060904,0900Z,3.1246,0.36745771765708923,7.503291262794677,2.757142282342911,ss450-g5nr.leV120.GRASP.example_20060904_0900Z.polarimeter07.20060904_0900z.zip
20060904,0900Z,2.9976,0.34724387526512146,7.632549667611346,2.6503561247348784,ss450-g5nr.leV120.GRASP.example_20060904_0900Z.polarimeter07.20060904_0900z.zip
20060904,0900Z,2.8392,0.3269376754760742,7.6842239759173205,2.5122623245239257,ss450-g5nr.leV120.GRASP.example_20060904_0900Z.polarimeter07.20060904_0900z.zip
20060904,0900Z,2.561,0.2957528233528137,7.659257994453344,2.2652471766471862,ss450-g5nr.leV120.GRASP.example_20060904_0900Z.polarimeter07.20060904_0900z.zip
20060904,0900Z,2.5373,0.2916209399700165,7.7006783541019965,2.2456790600299836,ss450-g5nr.leV120.GRASP.example_20060904_0900Z.polarimeter07.20060904_0900z.zip
20060907,1200Z,1.3629,1.8665062189102173,-0.2698122373276924,0.5036062189102173,ss450-g5nr.leV120.GRASP.example_20060907_1200Z.polarimeter07.20060907_1200z.zip
20060913,1400Z,1.1677,0.5359272360801697,1.1788405615297428,0.6317727639198303,ss450-g5nr.leV120.GRASP.example_20060913_1400Z.polarimeter07.20060913_1400z.zip
20060913,1400Z,1.166,0.5302591919898987,1.1989246346194635,0.6357408080101012,ss450-g5nr.leV120.GRASP.example_20060913_1400Z.polarimeter07.20060913_1400z.zip
20060913,1400Z,1.1528,0.5288175344467163,1.179957972093598,0.6239824655532837,ss450-g5nr.leV120.GRASP.example_20060913_1400Z.polarimeter07.20060913_1400z.zip
20060913,1400Z,1.124,0.5264424085617065,1.1350863488959426,0.5975575914382936,ss450-g5nr.leV120.GRASP.example_20060913_1400Z.polarimeter07.20060913_1400z.zip
20060913,1400Z,1.1176,0.5225074887275696,1.138916712412338,0.5950925112724303,ss450-g5nr.leV120.GRASP.example_20060913_1400Z.polarimeter07.20060913_1400z.zip
20060913,1400Z,1.1099,0.524389922618866,1.1165547851435185,0.5855100773811341,ss450-g5nr.leV120.GRASP.example_20060913_1400Z.polarimeter07.20060913_1400z.zip
20060913,1400Z,1.1504,0.505730390548706,1.274729819483148,0.644669609451294,ss450-g5nr.leV120.GRASP.example_20060913_1400Z.polarimeter07.20060913_1400z.zip
20060913,1400Z,1.1443,0.49608421325683594,1.3066648150070554,0.6482157867431642,ss450-g5nr.leV120.GRASP.example_20060913_1400Z.polarimeter07.20060913_1400z.zip
20060913,0300Z,3.5533,0.37156081199645996,8.563172124927572,3.18173918800354,ss450-g5nr.leV120.GRASP.example_20060913_0300Z.polarimeter07.20060913_0300z.zip
20060913,0300Z,3.3976,0.3707944452762604,8.163028312003483,3.02680555472374,ss450-g5nr.leV120.GRASP.example_20060913_0300Z.polarimeter07.20060913_0300z.zip
20060913,0300Z,3.2608,0.36970365047454834,7.820037334807124,2.891096349525452,ss450-g5nr.leV120.GRASP.example_20060913_0300Z.polarimeter07.20060913_0300z.zip
20060913,0300Z,2.8504,0.364338755607605,6.823488322691364,2.486061244392395,ss450-g5nr.leV120.GRASP.example_20060913_0300Z.polarimeter07.20060913_0300z.zip
20060913,0300Z,2.7412,0.36005669832229614,6.613245393774845,2.381143301677704,ss450-g5nr.leV120.GRASP.example_20060913_0300Z.polarimeter07.20060913_0300z.zip
20060913,0300Z,2.6378,0.3542618751525879,6.445904244886202,2.283538124847412,ss450-g5nr.leV120.GRASP.example_20060913_0300Z.polarimeter07.20060913_0300z.zip
20060913,0300Z,2.5682,0.35212045907974243,6.293526785441332,2.2160795409202576,ss450-g5nr.leV120.GRASP.example_20060913_0300Z.polarimeter07.20060913_0300z.zip
20060913,0300Z,2.5555,0.35342487692832947,6.230673806015716,2.2020751230716704,ss450-g5nr.leV120.GRASP.example_20060913_0300Z.polarimeter07.20060913_0300z.zip
20060913,0300Z,3.8692,0.39664122462272644,8.754911390464445,3.4725587753772738,ss450-g5nr.leV120.GRASP.example_20060913_0300Z.polarimeter07.20060913_0300z.zip
20060913,0300Z,3.6826,0.3938513994216919,8.350227028283541,3.288748600578308,ss450-g5nr.leV120.GRASP.example_20060913_0300Z.polarimeter07.20060913_0300z.zip
20060913,0300Z,3.5062,0.3898327648639679,7.994113158301325,3.1163672351360323,ss450-g5nr.leV120.GRASP.example_20060913_0300Z.polarimeter07.20060913_0300z.zip
20060913,0300Z,3.0298,0.3729080855846405,7.124790309252529,2.6568919144153593,ss450-g5nr.leV120.GRASP.example_20060913_0300Z.polarimeter07.20060913_0300z.zip
20060913,0300Z,2.8494,0.3612261414527893,6.888133423954878,2.488173858547211,ss450-g5nr.leV120.GRASP.example_20060913_0300Z.polarimeter07.20060913_0300z.zip
20060913,0300Z,2.6976,0.3471240699291229,6.771284775932726,2.350475930070877,ss450-g5nr.leV120.GRASP.example_20060913_0300Z.polarimeter07.20060913_0300z.zip
20060913,0300Z,2.5622,0.3323589563369751,6.709134810864592,2.2298410436630247,ss450-g5nr.leV120.GRASP.example_20060913_0300Z.polarimeter07.20060913_0300z.zip
20060913,0300Z,2.5465,0.3325222432613373,6.658134310126869,2.2139777567386627,ss450-g5nr.leV120.GRASP.example_20060913_0300Z.polarimeter07.20060913_0300z.zip
20060913,0300Z,3.2707,0.39437222480773926,7.2934339546718885,2.876327775192261,ss450-g5nr.leV120.GRASP.example_20060913_0300Z.polarimeter07.20060913_0300z.zip
20060913,0300Z,3.1216,0.3934837281703949,6.933237835563601,2.728116271829605,ss450-g5nr.leV120.GRASP.example_20060913_0300Z.polarimeter07.20060913_0300z.zip
20060913,0300Z,2.9872,0.3922286629676819,6.615965588537658,2.594971337032318,ss450-g5nr.leV120.GRASP.example_20060913_0300Z.polarimeter07.20060913_0300z.zip
20060913,0300Z,2.6669,0.38607674837112427,5.9076939008934755,2.280823251628876,ss450-g5nr.leV120.GRASP.example_20060913_0300Z.polarimeter07.20060913_0300z.zip
20060913,0300Z,2.5512,0.38069653511047363,5.701400629400717,2.1705034648895265,ss450-g5nr.leV120.GRASP.example_20060913_0300Z.polarimeter07.20060913_0300z.zip
20060913,0300Z,2.4688,0.37371689081192017,5.606070158178825,2.0950831091880797,ss450-g5nr.leV120.GRASP.example_20060913_0300Z.polarimeter07.20060913_0300z.zip
20060913,0300Z,2.4388,0.3683953881263733,5.620061158755335,2.070404611873627,ss450-g5nr.leV120.GRASP.example_20060913_0300Z.polarimeter07.20060913_0300z.zip
20060913,0300Z,2.4315,0.36910033226013184,5.587639694364581,2.0623996677398684,ss450-g5nr.leV120.GRASP.example_20060913_0300Z.polarimeter07.20060913_0300z.zip
20060913,0300Z,3.0401,0.3949079215526581,6.698250235263069,2.6451920784473417,ss450-g5nr.leV120.GRASP.example_20060913_0300Z.polarimeter07.20060913_0300z.zip
20060913,0300Z,2.9442,0.39397233724594116,6.473113520054211,2.5502276627540588,ss450-g5nr.leV120.GRASP.example_20060913_0300Z.polarimeter07.20060913_0300z.zip
20060913,0300Z,2.8563,0.3926315903663635,6.274758501563244,2.4636684096336365,ss450-g5nr.leV120.GRASP.example_20060913_0300Z.polarimeter07.20060913_0300z.zip
20060913,0300Z,2.6345,0.38590508699417114,5.826808168091841,2.248594913005829,ss450-g5nr.leV120.GRASP.example_20060913_0300Z.polarimeter07.20060913_0300z.zip
20060913,0300Z,2.5701,0.3800331652164459,5.76283081382177,2.190066834783554,ss450-g5nr.leV120.GRASP.example_20060913_0300Z.polarimeter07.20060913_0300z.zip
20060913,0300Z,2.5097,0.3723770081996918,5.739674965792041,2.1373229918003083,ss450-g5nr.leV120.GRASP.example_20060913_0300Z.polarimeter07.20060913_0300z.zip
20060913,0300Z,2.5508,0.36596882343292236,5.969992624160049,2.184831176567078,ss450-g5nr.leV120.GRASP.example_20060913_0300Z.polarimeter07.20060913_0300z.zip
20060913,0300Z,2.5423,0.3666127026081085,5.934566047258863,2.1756872973918915,ss450-g5nr.leV120.GRASP.example_20060913_0300Z.polarimeter07.20060913_0300z.zip
20060913,0300Z,1.579,0.9485242366790771,0.664691252938682,0.6304757633209228,ss450-g5nr.leV120.GRASP.example_20060913_0300Z.polarimeter07.20060913_0300z.zip
20060913,0300Z,1.5663,0.9489831924438477,0.6505034150988713,0.6173168075561524,ss450-g5nr.leV120.GRASP.example_20060913_0300Z.polarimeter07.20060913_0300z.zip
20060913,0300Z,1.4627,0.9498057961463928,0.5399990249949529,0.5128942038536071,ss450-g5nr.leV120.GRASP.example_20060913_0300Z.polarimeter07.20060913_0300z.zip
20060903,1100Z,1.0119,0.45688140392303467,1.2147979569999365,0.5550185960769654,ss450-g5nr.leV120.GRASP.example_20060903_1100Z.polarimeter07.20060903_1100z.zip
20060903,1100Z,1.0016,0.44423776865005493,1.2546484578374586,0.5573622313499451,ss450-g5nr.leV120.GRASP.example_20060903_1100Z.polarimeter07.20060903_1100z.zip
20060903,2000Z,4.9912,0.42448514699935913,10.758244158322778,4.566714853000641,ss450-g5nr.leV120.GRASP.example_20060903_2000Z.polarimeter07.20060903_2000z.zip
20060903,2000Z,4.657,0.42410561442375183,9.980755362853756,4.232894385576248,ss450-g5nr.leV120.GRASP.example_20060903_2000Z.polarimeter07.20060903_2000z.zip
20060903,2000Z,4.3736,0.4235835671424866,9.325235300095558,3.950016432857513,ss450-g5nr.leV120.GRASP.example_20060903_2000Z.polarimeter07.20060903_2000z.zip
20060903,2000Z,3.5278,0.41994303464889526,7.4006632064977875,3.107856965351105,ss450-g5nr.leV120.GRASP.example_20060903_2000Z.polarimeter07.20060903_2000z.zip
20060903,2000Z,3.2957,0.415587842464447,6.930212733020318,2.880112157535553,ss450-g5nr.leV120.GRASP.example_20060903_2000Z.polarimeter07.20060903_2000z.zip
20060903,2000Z,2.9628,0.40948426723480225,6.235442816905837,2.553315732765198,ss450-g5nr.leV120.GRASP.example_20060903_2000Z.polarimeter07.20060903_2000z.zip
20060903,2000Z,2.6411,0.4044721722602844,5.529744642853721,2.2366278277397154,ss450-g5nr.leV120.GRASP.example_20060903_2000Z.polarimeter07.20060903_2000z.zip
20060903,2000Z,2.6182,0.40503066778182983,5.464201869795933,2.21316933221817,ss450-g5nr.leV120.GRASP.example_20060903_2000Z.polarimeter07.20060903_2000z.zip
20060903,2000Z,4.6264,0.4128924012184143,10.204856244260837,4.213507598781586,ss450-g5nr.leV120.GRASP.example_20060903_2000Z.polarimeter07.20060903_2000z.zip
20060903,2000Z,4.3729,0.4124390482902527,9.602536345982898,3.960460951709747,ss450-g5nr.leV120.GRASP.example_20060903_2000Z.polarimeter07.20060903_2000z.zip
20060903,2000Z,4.1219,0.4118202328681946,9.008978848106372,3.7100797671318055,ss450-g5nr.leV120.GRASP.example_20060903_2000Z.polarimeter07.20060903_2000z.zip
20060903,2000Z,3.3713,0.4079570472240448,7.263860185625192,2.9633429527759554,ss450-g5nr.leV120.GRASP.example_20060903_2000Z.polarimeter07.20060903_2000z.zip
20060903,2000Z,3.2005,0.4035906195640564,6.930065380253538,2.7969093804359435,ss450-g5nr.leV120.GRASP.example_20060903_2000Z.polarimeter07.20060903_2000z.zip
20060903,2000Z,2.8783,0.39758238196372986,6.239505900094381,2.48071761803627,ss450-g5nr.leV120.GRASP.example_20060903_2000Z.polarimeter07.20060903_2000z.zip
20060903,2000Z,2.6523,0.39287126064300537,5.751066483353931,2.2594287393569945,ss450-g5nr.leV120.GRASP.example_20060903_2000Z.polarimeter07.20060903_2000z.zip
20060903,2000Z,2.6341,0.3934449255466461,5.694964984845652,2.240655074453354,ss450-g5nr.leV120.GRASP.example_20060903_2000Z.polarimeter07.20060903_2000z.zip
20060903,2000Z,3.829,0.46127089858055115,7.300978908018727,3.367729101419449,ss450-g5nr.leV120.GRASP.example_20060903_2000Z.polarimeter07.20060903_2000z.zip
20060903,2000Z,3.663,0.4591491222381592,6.977800288813388,3.2038508777618406,ss450-g5nr.leV120.GRASP.example_20060903_2000Z.polarimeter07.20060903_2000z.zip
20060903,2000Z,3.5041,0.45613351464271545,6.682180518449131,3.0479664853572848,ss450-g5nr.leV120.GRASP.example_20060903_2000Z.polarimeter07.20060903_2000z.zip
20060903,2000Z,3.0114,0.44234731793403625,5.807772711417381,2.569052682065964,ss450-g5nr.leV120.GRASP.example_20060903_2000Z.polarimeter07.20060903_2000z.zip
20060903,2000Z,2.9172,0.43144381046295166,5.76148302340868,2.485756189537048,ss450-g5nr.leV120.GRASP.example_20060903_2000Z.polarimeter07.20060903_2000z.zip
20060903,2000Z,2.7043,0.4175146222114563,5.4771384189518715,2.2867853777885436,ss450-g5nr.leV120.GRASP.example_20060903_2000Z.polarimeter07.20060903_2000z.zip
20060903,2000Z,2.576,0.4001896381378174,5.436948272790803,2.1758103618621827,ss450-g5nr.leV120.GRASP.example_20060903_2000Z.polarimeter07.20060903_2000z.zip
20060903,2000Z,2.5627,0.399789035320282,5.410130777966311,2.162910964679718,ss450-g5nr.leV120.GRASP.example_20060903_2000Z.polarimeter07.20060903_2000z.zip
20060903,2000Z,2.8639,0.43888145685195923,5.5254522725621396,2.425018543148041,ss450-g5nr.leV120.GRASP.example_20060903_2000Z.polarimeter07.20060903_2000z.zip
20060903,2000Z,2.7946,0.43710455298423767,5.393436034743787,2.3574954470157623,ss450-g5nr.leV120.GRASP.example_20060903_2000Z.polarimeter07.20060903_2000z.zip
20060903,2000Z,2.7171,0.43458884954452515,5.252116230887381,2.2825111504554747,ss450-g5nr.leV120.GRASP.example_20060903_2000Z.polarimeter07.20060903_2000z.zip
20060903,2000Z,2.4974,0.4228578805923462,4.906003209640084,2.0745421194076537,ss450-g5nr.leV120.GRASP.example_20060903_2000Z.polarimeter07.20060903_2000z.zip
20060903,2000Z,2.4216,0.41361379623413086,4.854737008407779,2.0079862037658693,ss450-g5nr.leV120.GRASP.example_20060903_2000Z.polarimeter07.20060903_2000z.zip
20060903,2000Z,2.4023,0.4017193615436554,4.980045349989781,2.0005806384563445,ss450-g5nr.leV120.GRASP.example_20060903_2000Z.polarimeter07.20060903_2000z.zip
20060903,2000Z,2.4152,0.38808566331863403,5.2233682619113475,2.027114336681366,ss450-g5nr.leV120.GRASP.example_20060903_2000Z.polarimeter07.20060903_2000z.zip
20060903,2000Z,2.4094,0.3880208730697632,5.209459766786331,2.021379126930237,ss450-g5nr.leV120.GRASP.example_20060903_2000Z.polarimeter07.20060903_2000z.zip
20060903,2000Z,3.8918,0.43050122261047363,8.040160156574935,3.4612987773895263,ss450-g5nr.leV120.GRASP.example_20060903_2000Z.polarimeter07.20060903_2000z.zip
20060903,2000Z,3.6592,0.42887014150619507,7.532186426289465,3.2303298584938047,ss450-g5nr.leV120.GRASP.example_20060903_2000Z.polarimeter07.20060903_2000z.zip
20060903,2000Z,3.4793,0.42655545473098755,7.15673545235581,3.0527445452690123,ss450-g5nr.leV120.GRASP.example_20060903_2000Z.polarimeter07.20060903_2000z.zip
20060903,2000Z,2.9565,0.41553789377212524,6.114874586194299,2.540962106227875,ss450-g5nr.leV120.GRASP.example_20060903_2000Z.polarimeter07.20060903_2000z.zip
20060903,2000Z,2.834,0.40669864416122437,5.968304519049588,2.4273013558387757,ss450-g5nr.leV120.GRASP.example_20060903_2000Z.polarimeter07.20060903_2000z.zip
20060903,2000Z,2.6381,0.3951999545097351,5.675355019391873,2.242900045490265,ss450-g5nr.leV120.GRASP.example_20060903_2000Z.polarimeter07.20060903_2000z.zip
20060903,2000Z,2.4715,0.38185471296310425,5.472356936023472,2.0896452870368956,ss450-g5nr.leV120.GRASP.example_20060903_2000Z.polarimeter07.20060903_2000z.zip
20060903,2000Z,2.4547,0.38178551197052,5.4295263257384745,2.07291448802948,ss450-g5nr.leV120.GRASP.example_20060903_2000Z.polarimeter07.20060903_2000z.zip
20060903,2000Z,3.4263,0.43526357412338257,6.871782073426524,2.9910364258766173,ss450-g5nr.leV120.GRASP.example_20060903_2000Z.polarimeter07.20060903_2000z.zip
20060903,2000Z,3.3247,0.43305766582489014,6.677268554216901,2.89164233417511,ss450-g5nr.leV120.GRASP.example_20060903_2000Z.polarimeter07.20060903_2000z.zip
20060903,2000Z,3.242,0.4298912286758423,6.541442541142463,2.8121087713241577,ss450-g5nr.leV120.GRASP.example_20060903_2000Z.polarimeter07.20060903_2000z.zip
20060903,2000Z,2.8268,0.41523975133895874,5.807633399463466,2.4115602486610412,ss450-g5nr.leV120.GRASP.example_20060903_2000Z.polarimeter07.20060903_2000z.zip
20060903,2000Z,2.7627,0.40408843755722046,5.836869712731613,2.3586115624427797,ss450-g5nr.leV120.GRASP.example_20060903_2000Z.polarimeter07.20060903_2000z.zip
20060903,2000Z,2.5838,0.38990384340286255,5.626762068950231,2.1938961565971375,ss450-g5nr.leV120.GRASP.example_20060903_2000Z.polarimeter07.20060903_2000z.zip
20060903,2000Z,2.4947,0.3727148473262787,5.6933206924705955,2.1219851526737212,ss450-g5nr.leV120.GRASP.example_20060903_2000Z.polarimeter07.20060903_2000z.zip
20060903,2000Z,2.4821,0.3723530173301697,5.665985998440543,2.1097469826698303,ss450-g5nr.leV120.GRASP.example_20060903_2000Z.polarimeter07.20060903_2000z.zip
20060903,0900Z,1.0714,0.5281267166137695,1.0286797965260635,0.5432732833862304,ss450-g5nr.leV120.GRASP.example_20060903_0900Z.polarimeter07.20060903_0900z.zip
20060903,0900Z,1.0737,0.5193338394165039,1.067456265138341,0.5543661605834962,ss450-g5nr.leV120.GRASP.example_20060903_0900Z.polarimeter07.20060903_0900z.zip
20060903,0900Z,1.0409,0.5282241106033325,0.9705651050481091,0.5126758893966674,ss450-g5nr.leV120.GRASP.example_20060903_0900Z.polarimeter07.20060903_0900z.zip
20060903,0900Z,1.0428,0.5194349884986877,1.007565957414581,0.5233650115013122,ss450-g5nr.leV120.GRASP.example_20060903_0900Z.polarimeter07.20060903_0900z.zip
20060903,0900Z,1.1078,0.5304744243621826,1.0883193404318525,0.5773255756378173,ss450-g5nr.leV120.GRASP.example_20060903_0900Z.polarimeter07.20060903_0900z.zip
20060903,0900Z,1.1082,0.5216541290283203,1.1243961052589244,0.5865458709716798,ss450-g5nr.leV120.GRASP.example_20060903_0900Z.polarimeter07.20060903_0900z.zip
20060903,0900Z,1.0862,0.5337426662445068,1.0350630906887501,0.5524573337554932,ss450-g5nr.leV120.GRASP.example_20060903_0900Z.polarimeter07.20060903_0900z.zip
20060903,0900Z,1.0873,0.5248835682868958,1.0715070268797087,0.5624164317131042,ss450-g5nr.leV120.GRASP.example_20060903_0900Z.polarimeter07.20060903_0900z.zip
20060903,0900Z,1.1614,0.5410712361335754,1.1464826116043667,0.6203287638664245,ss450-g5nr.leV120.GRASP.example_20060903_0900Z.polarimeter07.20060903_0900z.zip
20060903,0900Z,1.1627,0.5320289731025696,1.185407296936522,0.6306710268974305,ss450-g5nr.leV120.GRASP.example_20060903_0900Z.polarimeter07.20060903_0900z.zip
20060903,0900Z,1.1444,0.5482304096221924,1.087443490755378,0.5961695903778077,ss450-g5nr.leV120.GRASP.example_20060903_0900Z.polarimeter07.20060903_0900z.zip
20060903,0900Z,1.1443,0.5389586687088013,1.1231683734514046,0.6053413312911988,ss450-g5nr.leV120.GRASP.example_20060903_0900Z.polarimeter07.20060903_0900z.zip
20060903,0900Z,1.0533,0.5518902540206909,0.9085316189702285,0.501409745979309,ss450-g5nr.leV120.GRASP.example_20060903_0900Z.polarimeter07.20060903_0900z.zip
20060903,0900Z,1.0532,0.5424318313598633,0.9416264664255661,0.5107681686401366,ss450-g5nr.leV120.GRASP.example_20060903_0900Z.polarimeter07.20060903_0900z.zip
20060903,0900Z,1.0775,0.5602341890335083,0.9233028278028803,0.5172658109664916,ss450-g5nr.leV120.GRASP.example_20060903_0900Z.polarimeter07.20060903_0900z.zip
20060903,0900Z,1.0755,0.5504049062728882,0.9540160121079517,0.5250950937271117,ss450-g5nr.leV120.GRASP.example_20060903_0900Z.polarimeter07.20060903_0900z.zip
20060906,1500Z,0.94085,0.3843129873275757,1.448134804244985,0.5565370126724243,ss450-g5nr.leV120.GRASP.example_20060906_1500Z.polarimeter07.20060906_1500z.zip
20060906,1500Z,0.94376,0.37738537788391113,1.5007858155286382,0.5663746221160889,ss450-g5nr.leV120.GRASP.example_20060906_1500Z.polarimeter07.20060906_1500z.zip
20060906,1500Z,0.95445,0.39517319202423096,1.4152701126079315,0.5592768079757691,ss450-g5nr.leV120.GRASP.example_20060906_1500Z.polarimeter07.20060906_1500z.zip
20060906,1500Z,0.95711,0.38819146156311035,1.4655617002652634,0.5689185384368897,ss450-g5nr.leV120.GRASP.example_20060906_1500Z.polarimeter07.20060906_1500z.zip
20060906,1500Z,0.93547,0.4119819402694702,1.2706577851158363,0.5234880597305298,ss450-g5nr.leV120.GRASP.example_20060906_1500Z.polarimeter07.20060906_1500z.zip
20060906,1500Z,0.93753,0.40475064516067505,1.3163150231121334,0.5327793548393249,ss450-g5nr.leV120.GRASP.example_20060906_1500Z.polarimeter07.20060906_1500z.zip
20060906,1500Z,0.93679,0.43234696984291077,1.1667550956593356,0.5044430301570892,ss450-g5nr.leV120.GRASP.example_20060906_1500Z.polarimeter07.20060906_1500z.zip
20060906,1500Z,0.93881,0.42464908957481384,1.2107900924502095,0.5141609104251862,ss450-g5nr.leV120.GRASP.example_20060906_1500Z.polarimeter07.20060906_1500z.zip
20060906,1500Z,0.96735,0.4556601941585541,1.1229635864646001,0.511689805841446,ss450-g5nr.leV120.GRASP.example_20060906_1500Z.polarimeter07.20060906_1500z.zip
20060906,1500Z,0.96852,0.4473682940006256,1.1649276736599614,0.5211517059993744,ss450-g5nr.leV120.GRASP.example_20060906_1500Z.polarimeter07.20060906_1500z.zip
20060906,1500Z,1.0491,0.4873548150062561,1.152641089606415,0.5617451849937438,ss450-g5nr.leV120.GRASP.example_20060906_1500Z.polarimeter07.20060906_1500z.zip
20060906,1500Z,1.05,0.47843703627586365,1.1946461506683546,0.5715629637241364,ss450-g5nr.leV120.GRASP.example_20060906_1500Z.polarimeter07.20060906_1500z.zip
20060906,1500Z,1.039,0.5194959044456482,1.0000157674172856,0.5195040955543517,ss450-g5nr.leV120.GRASP.example_20060906_1500Z.polarimeter07.20060906_1500z.zip
20060906,1500Z,1.0381,0.5100529193878174,1.0352790083938006,0.5280470806121826,ss450-g5nr.leV120.GRASP.example_20060906_1500Z.polarimeter07.20060906_1500z.zip
20060906,1500Z,1.045,0.5351699590682983,0.9526507089809149,0.5098300409317016,ss450-g5nr.leV120.GRASP.example_20060906_1500Z.polarimeter07.20060906_1500z.zip
20060906,1500Z,1.0456,0.5254989862442017,0.9897279107482526,0.5201010137557984,ss450-g5nr.leV120.GRASP.example_20060906_1500Z.polarimeter07.20060906_1500z.zip
20060906,1500Z,1.0097,0.5038725137710571,1.0038798950219658,0.5058274862289429,ss450-g5nr.leV120.GRASP.example_20060906_1500Z.polarimeter07.20060906_1500z.zip
20060906,1800Z,3.6594,0.43149304389953613,7.480785615751462,3.227906956100464,ss450-g5nr.leV120.GRASP.example_20060906_1800Z.polarimeter07.20060906_1800z.zip
20060906,1800Z,3.4581,0.42964208126068115,7.048792589992672,3.028457918739319,ss450-g5nr.leV120.GRASP.example_20060906_1800Z.polarimeter07.20060906_1800z.zip
20060906,1800Z,3.3021,0.4269944131374359,6.733356452458217,2.875105586862564,ss450-g5nr.leV120.GRASP.example_20060906_1800Z.polarimeter07.20060906_1800z.zip
20060906,1800Z,2.8446,0.41429027915000916,5.866200205894782,2.4303097208499906,ss450-g5nr.leV120.GRASP.example_20060906_1800Z.polarimeter07.20060906_1800z.zip
20060906,1800Z,2.6934,0.4043429493904114,5.661177112301767,2.2890570506095886,ss450-g5nr.leV120.GRASP.example_20060906_1800Z.polarimeter07.20060906_1800z.zip
20060906,1800Z,2.5695,0.39146655797958374,5.563779070328679,2.1780334420204164,ss450-g5nr.leV120.GRASP.example_20060906_1800Z.polarimeter07.20060906_1800z.zip
20060906,1800Z,2.4656,0.37648558616638184,5.548989099705843,2.089114413833618,ss450-g5nr.leV120.GRASP.example_20060906_1800Z.polarimeter07.20060906_1800z.zip
20060906,1800Z,2.4515,0.3763905167579651,5.513182162813144,2.0751094832420347,ss450-g5nr.leV120.GRASP.example_20060906_1800Z.polarimeter07.20060906_1800z.zip
20060906,1800Z,1.1824,0.6545795202255249,0.8063504333172887,0.527820479774475,ss450-g5nr.leV120.GRASP.example_20060906_1800Z.polarimeter07.20060906_1800z.zip
20060906,1800Z,3.7901,0.46045610308647156,7.2311863706326776,3.3296438969135282,ss450-g5nr.leV120.GRASP.example_20060906_1800Z.polarimeter07.20060906_1800z.zip
20060906,1800Z,3.5897,0.4587841331958771,6.824376956967219,3.130915866804123,ss450-g5nr.leV120.GRASP.example_20060906_1800Z.polarimeter07.20060906_1800z.zip
20060906,1800Z,3.4174,0.45649057626724243,6.486244355676158,2.960909423732758,ss450-g5nr.leV120.GRASP.example_20060906_1800Z.polarimeter07.20060906_1800z.zip
20060906,1800Z,2.9148,0.445426344871521,5.543842845309804,2.469373655128479,ss450-g5nr.leV120.GRASP.example_20060906_1800Z.polarimeter07.20060906_1800z.zip
20060906,1800Z,2.7823,0.4359312653541565,5.382428197114106,2.3463687346458437,ss450-g5nr.leV120.GRASP.example_20060906_1800Z.polarimeter07.20060906_1800z.zip
20060906,1800Z,2.6211,0.42310547828674316,5.194909152709322,2.197994521713257,ss450-g5nr.leV120.GRASP.example_20060906_1800Z.polarimeter07.20060906_1800z.zip
20060906,1800Z,2.4628,0.40599530935287476,5.066079935567516,2.0568046906471253,ss450-g5nr.leV120.GRASP.example_20060906_1800Z.polarimeter07.20060906_1800z.zip
20060906,1800Z,2.4461,0.40556222200393677,5.031380309323426,2.040537777996063,ss450-g5nr.leV120.GRASP.example_20060906_1800Z.polarimeter07.20060906_1800z.zip
20060912,1500Z,0.93496,0.4253263473510742,1.1982179233026973,0.5096336526489258,ss450-g5nr.leV120.GRASP.example_20060912_1500Z.polarimeter07.20060912_1500z.zip
20060912,1500Z,0.95283,0.4400647282600403,1.1652042047708937,0.5127652717399597,ss450-g5nr.leV120.GRASP.example_20060912_1500Z.polarimeter07.20060912_1500z.zip
20060912,1500Z,0.95607,0.4312984049320221,1.216725100457277,0.5247715950679779,ss450-g5nr.leV120.GRASP.example_20060912_1500Z.polarimeter07.20060912_1500z.zip
20060912,1500Z,0.9709,0.4385984539985657,1.2136420936932328,0.5323015460014343,ss450-g5nr.leV120.GRASP.example_20060912_1500Z.polarimeter07.20060912_1500z.zip
20060912,1500Z,0.97387,0.4298328757286072,1.2656945408123998,0.5440371242713928,ss450-g5nr.leV120.GRASP.example_20060912_1500Z.polarimeter07.20060912_1500z.zip
20060912,1500Z,0.97294,0.41867387294769287,1.323861274528479,0.5542661270523072,ss450-g5nr.leV120.GRASP.example_20060912_1500Z.polarimeter07.20060912_1500z.zip
20060912,1500Z,0.97741,0.41025054454803467,1.3824709387693666,0.5671594554519653,ss450-g5nr.leV120.GRASP.example_20060912_1500Z.polarimeter07.20060912_1500z.zip
20060302,1400Z,0.86827,0.3640695810317993,1.3849012530496518,0.5042004189682007,ss450-g5nr.leV120.GRASP.example_20060302_1400Z.polarimeter07.20060302_1400z.zip
20060302,1400Z,0.89116,0.38031500577926636,1.3432154568132566,0.5108449942207336,ss450-g5nr.leV120.GRASP.example_20060302_1400Z.polarimeter07.20060302_1400z.zip
20060302,1400Z,0.89371,0.3712652921676636,1.4072005082457322,0.5224447078323364,ss450-g5nr.leV120.GRASP.example_20060302_1400Z.polarimeter07.20060302_1400z.zip
20060302,1400Z,0.91079,0.37270525097846985,1.4437273089361808,0.5380847490215301,ss450-g5nr.leV120.GRASP.example_20060302_1400Z.polarimeter07.20060302_1400z.zip
20060302,1400Z,0.91364,0.36384719610214233,1.5110541177387968,0.5497928038978577,ss450-g5nr.leV120.GRASP.example_20060302_1400Z.polarimeter07.20060302_1400z.zip
20060302,1400Z,0.91222,0.3696710765361786,1.4676531595263278,0.5425489234638214,ss450-g5nr.leV120.GRASP.example_20060302_1400Z.polarimeter07.20060302_1400z.zip
20060302,1400Z,0.91506,0.36086827516555786,1.535717498525444,0.5541917248344421,ss450-g5nr.leV120.GRASP.example_20060302_1400Z.polarimeter07.20060302_1400z.zip
20060302,1400Z,0.89595,0.3705008625984192,1.4182129933962069,0.5254491374015808,ss450-g5nr.leV120.GRASP.example_20060302_1400Z.polarimeter07.20060302_1400z.zip
20060302,1400Z,0.89861,0.36167171597480774,1.4846012566340485,0.5369382840251923,ss450-g5nr.leV120.GRASP.example_20060302_1400Z.polarimeter07.20060302_1400z.zip
20060302,1400Z,0.87691,0.37141093611717224,1.3610236391191064,0.5054990638828277,ss450-g5nr.leV120.GRASP.example_20060302_1400Z.polarimeter07.20060302_1400z.zip
20060302,1400Z,0.8789,0.3625420331954956,1.424270621128408,0.5163579668045044,ss450-g5nr.leV120.GRASP.example_20060302_1400Z.polarimeter07.20060302_1400z.zip
20060302,0900Z,1.3081,0.749893069267273,0.74438203739922,0.5582069307327271,ss450-g5nr.leV120.GRASP.example_20060302_0900Z.polarimeter07.20060302_0900z.zip
20060302,0900Z,1.2913,0.7499508857727051,0.7218460895202766,0.5413491142272948,ss450-g5nr.leV120.GRASP.example_20060302_0900Z.polarimeter07.20060302_0900z.zip
20060302,0900Z,1.2642,0.7500516176223755,0.6854839990978862,0.5141483823776245,ss450-g5nr.leV120.GRASP.example_20060302_0900Z.polarimeter07.20060302_0900z.zip
20060302,0900Z,1.3012,0.665640115737915,0.9548100681364676,0.6355598842620849,ss450-g5nr.leV120.GRASP.example_20060302_0900Z.polarimeter07.20060302_0900z.zip
20060302,0900Z,1.2713,0.6655755043029785,0.9100763050637873,0.6057244956970216,ss450-g5nr.leV120.GRASP.example_20060302_0900Z.polarimeter07.20060302_0900z.zip
20060302,0900Z,1.2256,0.6655396819114685,0.8415130356765593,0.5600603180885315,ss450-g5nr.leV120.GRASP.example_20060302_0900Z.polarimeter07.20060302_0900z.zip
20060302,0900Z,1.1643,0.6626425981521606,0.7570557691985946,0.5016574018478392,ss450-g5nr.leV120.GRASP.example_20060302_0900Z.polarimeter07.20060302_0900z.zip
20060302,0900Z,3.8058,0.3749525845050812,9.150083389939738,3.430847415494919,ss450-g5nr.leV120.GRASP.example_20060302_0900Z.polarimeter07.20060302_0900z.zip
20060302,0900Z,3.618,0.37381085753440857,8.67869158179005,3.2441891424655913,ss450-g5nr.leV120.GRASP.example_20060302_0900Z.polarimeter07.20060302_0900z.zip
20060302,0900Z,3.467,0.37316030263900757,8.29091324956382,3.0938396973609925,ss450-g5nr.leV120.GRASP.example_20060302_0900Z.polarimeter07.20060302_0900z.zip
20060302,0900Z,2.9833,0.3694993853569031,7.073897057009719,2.6138006146430968,ss450-g5nr.leV120.GRASP.example_20060302_0900Z.polarimeter07.20060302_0900z.zip
20060302,0900Z,2.8706,0.36532169580459595,6.8577320563392785,2.505278304195404,ss450-g5nr.leV120.GRASP.example_20060302_0900Z.polarimeter07.20060302_0900z.zip
20060302,0900Z,2.7411,0.36035245656967163,6.6067193383210014,2.3807475434303282,ss450-g5nr.leV120.GRASP.example_20060302_0900Z.polarimeter07.20060302_0900z.zip
20060302,0900Z,2.464,0.3518475294113159,6.003033399502831,2.112152470588684,ss450-g5nr.leV120.GRASP.example_20060302_0900Z.polarimeter07.20060302_0900z.zip
20060302,0900Z,2.434,0.3506653904914856,5.941089899372603,2.0833346095085146,ss450-g5nr.leV120.GRASP.example_20060302_0900Z.polarimeter07.20060302_0900z.zip
20060302,0900Z,4.0152,0.38924187421798706,9.315436919696282,3.625958125782013,ss450-g5nr.leV120.GRASP.example_20060302_0900Z.polarimeter07.20060302_0900z.zip
20060302,0900Z,3.7796,0.38799700140953064,8.741312397439469,3.391602998590469,ss450-g5nr.leV120.GRASP.example_20060302_0900Z.polarimeter07.20060302_0900z.zip
20060302,0900Z,3.5824,0.38718917965888977,8.252324672802226,3.19521082034111,ss450-g5nr.leV120.GRASP.example_20060302_0900Z.polarimeter07.20060302_0900z.zip
20060302,0900Z,2.9905,0.38291436433792114,6.809840211063197,2.607585635662079,ss450-g5nr.leV120.GRASP.example_20060302_0900Z.polarimeter07.20060302_0900z.zip
20060302,0900Z,2.8423,0.3782361149787903,6.514618217140325,2.4640638850212095,ss450-g5nr.leV120.GRASP.example_20060302_0900Z.polarimeter07.20060302_0900z.zip
20060302,0900Z,2.702,0.37265127897262573,6.250746616110457,2.3293487210273742,ss450-g5nr.leV120.GRASP.example_20060302_0900Z.polarimeter07.20060302_0900z.zip
20060302,0900Z,2.3393,0.36326324939727783,5.4396825274269816,1.9760367506027223,ss450-g5nr.leV120.GRASP.example_20060302_0900Z.polarimeter07.20060302_0900z.zip
20060302,0900Z,2.3073,0.362013578414917,5.373517839033981,1.9452864215850831,ss450-g5nr.leV120.GRASP.example_20060302_0900Z.polarimeter07.20060302_0900z.zip
20060305,1300Z,0.90486,0.39422404766082764,1.2952937685285506,0.5106359523391724,ss450-g5nr.leV120.GRASP.example_20060305_1300Z.polarimeter07.20060305_1300z.zip
20060305,1300Z,0.93949,0.39185428619384766,1.3975493776664745,0.5476357138061524,ss450-g5nr.leV120.GRASP.example_20060305_1300Z.polarimeter07.20060305_1300z.zip
20060305,1300Z,0.97534,0.39460504055023193,1.4716866227557537,0.580734959449768,ss450-g5nr.leV120.GRASP.example_20060305_1300Z.polarimeter07.20060305_1300z.zip
20060305,1300Z,0.99,0.3697482645511627,1.6774973540491411,0.6202517354488373,ss450-g5nr.leV120.GRASP.example_20060305_1300Z.polarimeter07.20060305_1300z.zip
20060305,1300Z,0.97484,0.35977232456207275,1.7096025276169,0.6150676754379273,ss450-g5nr.leV120.GRASP.example_20060305_1300Z.polarimeter07.20060305_1300z.zip
20060305,1300Z,0.96715,0.46267786622047424,1.0903312447177573,0.5044721337795257,ss450-g5nr.leV120.GRASP.example_20060305_1300Z.polarimeter07.20060305_1300z.zip
20060305,1300Z,1.0053,0.4691386818885803,1.142863163517088,0.5361613181114198,ss450-g5nr.leV120.GRASP.example_20060305_1300Z.polarimeter07.20060305_1300z.zip
20060305,1300Z,1.1141,0.44324827194213867,1.5134897765499555,0.6708517280578614,ss450-g5nr.leV120.GRASP.example_20060305_1300Z.polarimeter07.20060305_1300z.zip
20060305,1300Z,1.1148,0.4315517544746399,1.5832359350667664,0.6832482455253601,ss450-g5nr.leV120.GRASP.example_20060305_1300Z.polarimeter07.20060305_1300z.zip
20060305,1300Z,1.0243,0.511228084564209,1.003606669757108,0.513071915435791,ss450-g5nr.leV120.GRASP.example_20060305_1300Z.polarimeter07.20060305_1300z.zip
20060305,1300Z,1.0197,0.4980164170265198,1.0475228629776279,0.5216835829734803,ss450-g5nr.leV120.GRASP.example_20060305_1300Z.polarimeter07.20060305_1300z.zip
20060305,1300Z,1.01,0.5039423108100891,1.004197659800427,0.5060576891899109,ss450-g5nr.leV120.GRASP.example_20060305_1300Z.polarimeter07.20060305_1300z.zip
20060308,1300Z,0.93084,0.4144946336746216,1.24572268100993,0.5163453663253784,ss450-g5nr.leV120.GRASP.example_20060308_1300Z.polarimeter07.20060308_1300z.zip
20060308,1300Z,0.93851,0.40797778964042664,1.3003948347951997,0.5305322103595733,ss450-g5nr.leV120.GRASP.example_20060308_1300Z.polarimeter07.20060308_1300z.zip
20060308,1300Z,0.93895,0.40448129177093506,1.3213681796975274,0.5344687082290649,ss450-g5nr.leV120.GRASP.example_20060308_1300Z.polarimeter07.20060308_1300z.zip
20060308,1300Z,0.95377,0.3979693055152893,1.3965918647043944,0.5558006944847107,ss450-g5nr.leV120.GRASP.example_20060308_1300Z.polarimeter07.20060308_1300z.zip
20060308,1300Z,0.97757,0.39450305700302124,1.47797826315073,0.5830669429969788,ss450-g5nr.leV120.GRASP.example_20060308_1300Z.polarimeter07.20060308_1300z.zip
20060308,1300Z,1.0071,0.39616015553474426,1.5421536869112897,0.6109398444652558,ss450-g5nr.leV120.GRASP.example_20060308_1300Z.polarimeter07.20060308_1300z.zip
20060308,1300Z,1.1124,0.3735569417476654,1.9778592650311848,0.7388430582523347,ss450-g5nr.leV120.GRASP.example_20060308_1300Z.polarimeter07.20060308_1300z.zip
20060308,1300Z,1.1177,0.3642372190952301,2.0686045835084643,0.7534627809047698,ss450-g5nr.leV120.GRASP.example_20060308_1300Z.polarimeter07.20060308_1300z.zip
20060308,1300Z,0.90836,0.4066338539123535,1.233852374219165,0.5017261460876464,ss450-g5nr.leV120.GRASP.example_20060308_1300Z.polarimeter07.20060308_1300z.zip
20060308,1300Z,0.92411,0.400210976600647,1.309057107451925,0.523899023399353,ss450-g5nr.leV120.GRASP.example_20060308_1300Z.polarimeter07.20060308_1300z.zip
20060308,1300Z,0.94928,0.39675331115722656,1.392620233543096,0.5525266888427735,ss450-g5nr.leV120.GRASP.example_20060308_1300Z.polarimeter07.20060308_1300z.zip
20060308,1300Z,0.9819,0.39841336011886597,1.4645257872553565,0.583486639881134,ss450-g5nr.leV120.GRASP.example_20060308_1300Z.polarimeter07.20060308_1300z.zip
20060308,1300Z,1.0911,0.37565678358078003,1.9045129695238774,0.7154432164192199,ss450-g5nr.leV120.GRASP.example_20060308_1300Z.polarimeter07.20060308_1300z.zip
20060308,1300Z,1.0957,0.36628782749176025,1.9913633972033864,0.7294121725082396,ss450-g5nr.leV120.GRASP.example_20060308_1300Z.polarimeter07.20060308_1300z.zip
20060308,1300Z,0.94729,0.4175297021865845,1.2687966749169806,0.5297602978134155,ss450-g5nr.leV120.GRASP.example_20060308_1300Z.polarimeter07.20060308_1300z.zip
20060308,1300Z,0.95526,0.41109490394592285,1.3236970121275424,0.5441650960540771,ss450-g5nr.leV120.GRASP.example_20060308_1300Z.polarimeter07.20060308_1300z.zip
20060308,1300Z,0.9559,0.4077627658843994,1.3442552385251312,0.5481372341156006,ss450-g5nr.leV120.GRASP.example_20060308_1300Z.polarimeter07.20060308_1300z.zip
20060308,1300Z,0.97241,0.40176522731781006,1.4203438572616698,0.5706447726821899,ss450-g5nr.leV120.GRASP.example_20060308_1300Z.polarimeter07.20060308_1300z.zip
20060308,1300Z,0.99859,0.39849716424942017,1.5058898521420356,0.6000928357505798,ss450-g5nr.leV120.GRASP.example_20060308_1300Z.polarimeter07.20060308_1300z.zip
20060308,1300Z,1.0324,0.40033775568008423,1.578822470156939,0.6320622443199158,ss450-g5nr.leV120.GRASP.example_20060308_1300Z.polarimeter07.20060308_1300z.zip
20060308,1300Z,1.1472,0.3776293694972992,2.0378993072682734,0.7695706305027008,ss450-g5nr.leV120.GRASP.example_20060308_1300Z.polarimeter07.20060308_1300z.zip
20060308,1300Z,1.152,0.3682318925857544,2.128463403619284,0.7837681074142455,ss450-g5nr.leV120.GRASP.example_20060308_1300Z.polarimeter07.20060308_1300z.zip
20060308,1300Z,1.009,0.4247474670410156,1.375529175086443,0.5842525329589843,ss450-g5nr.leV120.GRASP.example_20060308_1300Z.polarimeter07.20060308_1300z.zip
20060308,1300Z,1.0175,0.4182976484298706,1.4324784129657575,0.5992023515701295,ss450-g5nr.leV120.GRASP.example_20060308_1300Z.polarimeter07.20060308_1300z.zip
20060308,1300Z,1.0182,0.41503065824508667,1.4533127367152856,0.6031693417549133,ss450-g5nr.leV120.GRASP.example_20060308_1300Z.polarimeter07.20060308_1300z.zip
20060308,1300Z,1.0355,0.4092685580253601,1.5301235086225116,0.62623144197464,ss450-g5nr.leV120.GRASP.example_20060308_1300Z.polarimeter07.20060308_1300z.zip
20060308,1300Z,1.0629,0.40607166290283203,1.617518278428453,0.6568283370971679,ss450-g5nr.leV120.GRASP.example_20060308_1300Z.polarimeter07.20060308_1300z.zip
20060308,1300Z,1.0983,0.4080100953578949,1.6918451589699084,0.6902899046421052,ss450-g5nr.leV120.GRASP.example_20060308_1300Z.polarimeter07.20060308_1300z.zip
20060308,1300Z,1.22,0.3849393427371979,2.1693305010730137,0.8350606572628021,ss450-g5nr.leV120.GRASP.example_20060308_1300Z.polarimeter07.20060308_1300z.zip
20060308,1300Z,1.2252,0.3753974437713623,2.2637409239957806,0.8498025562286378,ss450-g5nr.leV120.GRASP.example_20060308_1300Z.polarimeter07.20060308_1300z.zip
20060308,1300Z,0.93172,0.4238007664680481,1.1984858776092984,0.5079192335319519,ss450-g5nr.leV120.GRASP.example_20060308_1300Z.polarimeter07.20060308_1300z.zip
20060308,1300Z,0.93242,0.42062973976135254,1.2167239067047793,0.5117902602386475,ss450-g5nr.leV120.GRASP.example_20060308_1300Z.polarimeter07.20060308_1300z.zip
20060308,1300Z,0.94918,0.41530537605285645,1.285498947837354,0.5338746239471436,ss450-g5nr.leV120.GRASP.example_20060308_1300Z.polarimeter07.20060308_1300z.zip
20060308,1300Z,0.97567,0.41235077381134033,1.3661165734743856,0.5633192261886597,ss450-g5nr.leV120.GRASP.example_20060308_1300Z.polarimeter07.20060308_1300z.zip
20060308,1300Z,1.0099,0.41463804244995117,1.4356182901907748,0.5952619575500488,ss450-g5nr.leV120.GRASP.example_20060308_1300Z.polarimeter07.20060308_1300z.zip
20060308,1300Z,1.1223,0.39162808656692505,1.8657290896530503,0.730671913433075,ss450-g5nr.leV120.GRASP.example_20060308_1300Z.polarimeter07.20060308_1300z.zip
20060308,1300Z,1.1262,0.3819618821144104,1.9484617516432319,0.7442381178855897,ss450-g5nr.leV120.GRASP.example_20060308_1300Z.polarimeter07.20060308_1300z.zip
20060308,1300Z,1.0196,0.39777207374572754,1.5632769802029158,0.6218279262542725,ss450-g5nr.leV120.GRASP.example_20060308_1300Z.polarimeter07.20060308_1300z.zip
20060308,1300Z,1.0222,0.38798683881759644,1.6346254504796878,0.6342131611824036,ss450-g5nr.leV120.GRASP.example_20060308_1300Z.polarimeter07.20060308_1300z.zip
20060308,1300Z,0.92181,0.4045906066894531,1.278377166347668,0.5172193933105469,ss450-g5nr.leV120.GRASP.example_20060308_1300Z.polarimeter07.20060308_1300z.zip
20060308,1300Z,0.92344,0.39464709162712097,1.3399133544673494,0.5287929083728791,ss450-g5nr.leV120.GRASP.example_20060308_1300Z.polarimeter07.20060308_1300z.zip
20060311,1300Z,0.94572,0.4456445574760437,1.1221396831505983,0.5000754425239563,ss450-g5nr.leV120.GRASP.example_20060311_1300Z.polarimeter07.20060311_1300z.zip
20060311,1300Z,0.94742,0.43682020902633667,1.1689014849193444,0.5105997909736634,ss450-g5nr.leV120.GRASP.example_20060311_1300Z.polarimeter07.20060311_1300z.zip
20060311,1300Z,0.98441,0.4522261619567871,1.1768090455900386,0.5321838380432129,ss450-g5nr.leV120.GRASP.example_20060311_1300Z.polarimeter07.20060311_1300z.zip
20060311,1300Z,0.98592,0.4434061646461487,1.2235144177275783,0.5425138353538513,ss450-g5nr.leV120.GRASP.example_20060311_1300Z.polarimeter07.20060311_1300z.zip
20060311,1300Z,0.97128,0.44759976863861084,1.169974311993457,0.5236802313613892,ss450-g5nr.leV120.GRASP.example_20060311_1300Z.polarimeter07.20060311_1300z.zip
20060311,1300Z,0.97249,0.4388993978500366,1.2157469451172063,0.5335906021499633,ss450-g5nr.leV120.GRASP.example_20060311_1300Z.polarimeter07.20060311_1300z.zip
20060311,1400Z,1.0373,0.5203131437301636,0.9936071431206204,0.5169868562698365,ss450-g5nr.leV120.GRASP.example_20060311_1400Z.polarimeter07.20060311_1400z.zip
20060311,1400Z,1.0384,0.5081444978713989,1.0435132218292718,0.5302555021286011,ss450-g5nr.leV120.GRASP.example_20060311_1400Z.polarimeter07.20060311_1400z.zip
20060311,1400Z,1.0181,0.5102797150611877,0.9951802314499596,0.5078202849388123,ss450-g5nr.leV120.GRASP.example_20060311_1400Z.polarimeter07.20060311_1400z.zip
20060311,1400Z,1.0125,0.4916422367095947,1.0594243626754705,0.5208577632904052,ss450-g5nr.leV120.GRASP.example_20060311_1400Z.polarimeter07.20060311_1400z.zip
20060311,1400Z,1.0112,0.48032671213150024,1.1052337387456423,0.5308732878684999,ss450-g5nr.leV120.GRASP.example_20060311_1400Z.polarimeter07.20060311_1400z.zip
20060311,1400Z,1.0251,0.48650068044662476,1.1070885225873106,0.5385993195533751,ss450-g5nr.leV120.GRASP.example_20060311_1400Z.polarimeter07.20060311_1400z.zip
20060311,1400Z,1.024,0.47525036334991455,1.1546537971735442,0.5487496366500855,ss450-g5nr.leV120.GRASP.example_20060311_1400Z.polarimeter07.20060311_1400z.zip
20060311,1400Z,1.0393,0.47740638256073,1.1769713140938003,0.5618936174392699,ss450-g5nr.leV120.GRASP.example_20060311_1400Z.polarimeter07.20060311_1400z.zip
20060311,1400Z,1.0391,0.46628352999687195,1.2284724489560477,0.572816470003128,ss450-g5nr.leV120.GRASP.example_20060311_1400Z.polarimeter07.20060311_1400z.zip
20060311,1400Z,1.0708,0.46318966150283813,1.311795985527278,0.6076103384971618,ss450-g5nr.leV120.GRASP.example_20060311_1400Z.polarimeter07.20060311_1400z.zip
20060311,1400Z,1.0712,0.4523175060749054,1.3682479356052282,0.6188824939250945,ss450-g5nr.leV120.GRASP.example_20060311_1400Z.polarimeter07.20060311_1400z.zip
20060311,1400Z,0.98541,0.4739391803741455,1.0791908346173873,0.5114708196258545,ss450-g5nr.leV120.GRASP.example_20060311_1400Z.polarimeter07.20060311_1400z.zip
20060311,1400Z,1.0929,0.4517418146133423,1.4193022754279274,0.6411581853866577,ss450-g5nr.leV120.GRASP.example_20060311_1400Z.polarimeter07.20060311_1400z.zip
20060311,1400Z,1.0949,0.4411170482635498,1.4821076499084682,0.6537829517364502,ss450-g5nr.leV120.GRASP.example_20060311_1400Z.polarimeter07.20060311_1400z.zip
20060311,1400Z,1.0262,0.4430117607116699,1.3164170593382796,0.5831882392883301,ss450-g5nr.leV120.GRASP.example_20060311_1400Z.polarimeter07.20060311_1400z.zip
20060311,1400Z,1.0247,0.4326101541519165,1.3686452806657046,0.5920898458480834,ss450-g5nr.leV120.GRASP.example_20060311_1400Z.polarimeter07.20060311_1400z.zip
20060311,1400Z,0.97973,0.45808446407318115,1.1387540439343158,0.5216455359268188,ss450-g5nr.leV120.GRASP.example_20060311_1400Z.polarimeter07.20060311_1400z.zip
20060311,1400Z,1.0875,0.436251699924469,1.4928269624812593,0.6512483000755309,ss450-g5nr.leV120.GRASP.example_20060311_1400Z.polarimeter07.20060311_1400z.zip
20060311,1400Z,1.09,0.4260520339012146,1.558372952757057,0.6639479660987855,ss450-g5nr.leV120.GRASP.example_20060311_1400Z.polarimeter07.20060311_1400z.zip
20060311,1400Z,0.95816,0.45059505105018616,1.1264325867912883,0.5075649489498139,ss450-g5nr.leV120.GRASP.example_20060311_1400Z.polarimeter07.20060311_1400z.zip
20060311,1400Z,0.98473,0.44877591729164124,1.1942576730561592,0.5359540827083588,ss450-g5nr.leV120.GRASP.example_20060311_1400Z.polarimeter07.20060311_1400z.zip
20060311,1400Z,1.0193,0.4527330994606018,1.2514368867980297,0.5665669005393983,ss450-g5nr.leV120.GRASP.example_20060311_1400Z.polarimeter07.20060311_1400z.zip
20060311,1400Z,1.1312,0.43118560314178467,1.623464215311551,0.7000143968582153,ss450-g5nr.leV120.GRASP.example_20060311_1400Z.polarimeter07.20060311_1400z.zip
20060311,1400Z,1.1359,0.4211351275444031,1.6972340365509748,0.7147648724555968,ss450-g5nr.leV120.GRASP.example_20060311_1400Z.polarimeter07.20060311_1400z.zip
20060311,1400Z,0.95547,0.4490579664707184,1.12772085419022,0.5064120335292817,ss450-g5nr.leV120.GRASP.example_20060311_1400Z.polarimeter07.20060311_1400z.zip
20060311,1400Z,0.98161,0.4473070204257965,1.1944882489561521,0.5343029795742035,ss450-g5nr.leV120.GRASP.example_20060311_1400Z.polarimeter07.20060311_1400z.zip
20060311,1400Z,1.0157,0.4513236880302429,1.2504912260043808,0.5643763119697571,ss450-g5nr.leV120.GRASP.example_20060311_1400Z.polarimeter07.20060311_1400z.zip
20060311,1400Z,1.1273,0.4299662709236145,1.6218335628477007,0.6973337290763855,ss450-g5nr.leV120.GRASP.example_20060311_1400Z.polarimeter07.20060311_1400z.zip
20060311,1400Z,1.1323,0.41995710134506226,1.6962277727258472,0.7123428986549378,ss450-g5nr.leV120.GRASP.example_20060311_1400Z.polarimeter07.20060311_1400z.zip
20060311,1400Z,0.96631,0.45106104016304016,1.1423042869114086,0.5152489598369598,ss450-g5nr.leV120.GRASP.example_20060311_1400Z.polarimeter07.20060311_1400z.zip
20060311,1400Z,0.99347,0.44939476251602173,1.2106844201696298,0.5440752374839782,ss450-g5nr.leV120.GRASP.example_20060311_1400Z.polarimeter07.20060311_1400z.zip
20060311,1400Z,1.0288,0.45353153347969055,1.2684199974070167,0.5752684665203094,ss450-g5nr.leV120.GRASP.example_20060311_1400Z.polarimeter07.20060311_1400z.zip
20060311,1400Z,1.1424,0.43218207359313965,1.6433303688469652,0.7102179264068604,ss450-g5nr.leV120.GRASP.example_20060311_1400Z.polarimeter07.20060311_1400z.zip
20060311,1400Z,1.1466,0.422126829624176,1.7162452597974645,0.724473170375824,ss450-g5nr.leV120.GRASP.example_20060311_1400Z.polarimeter07.20060311_1400z.zip
20060311,1400Z,0.95099,0.4497328996658325,1.1145662252119408,0.5012571003341675,ss450-g5nr.leV120.GRASP.example_20060311_1400Z.polarimeter07.20060311_1400z.zip
20060311,1400Z,0.96752,0.4467425048351288,1.1657218409451888,0.5207774951648713,ss450-g5nr.leV120.GRASP.example_20060311_1400Z.polarimeter07.20060311_1400z.zip
20060311,1400Z,0.9938,0.44484174251556396,1.234052933926787,0.548958257484436,ss450-g5nr.leV120.GRASP.example_20060311_1400Z.polarimeter07.20060311_1400z.zip
20060311,1400Z,1.028,0.4486125111579895,1.2915098764108377,0.5793874888420105,ss450-g5nr.leV120.GRASP.example_20060311_1400Z.polarimeter07.20060311_1400z.zip
20060311,1400Z,1.1412,0.4269523024559021,1.6728981046257954,0.7142476975440979,ss450-g5nr.leV120.GRASP.example_20060311_1400Z.polarimeter07.20060311_1400z.zip
20060311,1400Z,1.1466,0.4169691205024719,1.7498439179819376,0.7296308794975281,ss450-g5nr.leV120.GRASP.example_20060311_1400Z.polarimeter07.20060311_1400z.zip
20060311,1400Z,0.98025,0.44000017642974854,1.2278400157789686,0.5402498235702514,ss450-g5nr.leV120.GRASP.example_20060311_1400Z.polarimeter07.20060311_1400z.zip
20060311,1400Z,0.98835,0.4339108467102051,1.277772052700233,0.5544391532897949,ss450-g5nr.leV120.GRASP.example_20060311_1400Z.polarimeter07.20060311_1400z.zip
20060311,1400Z,0.98882,0.4313124120235443,1.2925841511512604,0.5575075879764557,ss450-g5nr.leV120.GRASP.example_20060311_1400Z.polarimeter07.20060311_1400z.zip
20060311,1400Z,1.0047,0.4276748597621918,1.3492145424649522,0.5770251402378082,ss450-g5nr.leV120.GRASP.example_20060311_1400Z.polarimeter07.20060311_1400z.zip
20060311,1400Z,1.0302,0.42538315057754517,1.421816657762047,0.6048168494224548,ss450-g5nr.leV120.GRASP.example_20060311_1400Z.polarimeter07.20060311_1400z.zip
20060311,1400Z,1.0629,0.4283985197544098,1.481101009894558,0.6345014802455902,ss450-g5nr.leV120.GRASP.example_20060311_1400Z.polarimeter07.20060311_1400z.zip
20060311,1400Z,1.1765,0.40678930282592773,1.8921606144187253,0.7697106971740724,ss450-g5nr.leV120.GRASP.example_20060311_1400Z.polarimeter07.20060311_1400z.zip
20060311,1400Z,1.1838,0.3972110152244568,1.9802798880868293,0.7865889847755432,ss450-g5nr.leV120.GRASP.example_20060311_1400Z.polarimeter07.20060311_1400z.zip
20060311,1400Z,1.0121,0.42184871435165405,1.3992013382226671,0.590251285648346,ss450-g5nr.leV120.GRASP.example_20060311_1400Z.polarimeter07.20060311_1400z.zip
20060311,1400Z,1.0204,0.415981650352478,1.4529928162344996,0.604418349647522,ss450-g5nr.leV120.GRASP.example_20060311_1400Z.polarimeter07.20060311_1400z.zip
20060311,1400Z,1.0208,0.41343140602111816,1.469091571499668,0.6073685939788818,ss450-g5nr.leV120.GRASP.example_20060311_1400Z.polarimeter07.20060311_1400z.zip
20060311,1400Z,1.0368,0.4096715450286865,1.5308079425613996,0.6271284549713134,ss450-g5nr.leV120.GRASP.example_20060311_1400Z.polarimeter07.20060311_1400z.zip
20060311,1400Z,1.0625,0.4072926640510559,1.6086892639608432,0.6552073359489441,ss450-g5nr.leV120.GRASP.example_20060311_1400Z.polarimeter07.20060311_1400z.zip
20060311,1400Z,1.0952,0.409928560256958,1.671685035347352,0.6852714397430419,ss450-g5nr.leV120.GRASP.example_20060311_1400Z.polarimeter07.20060311_1400z.zip
20060311,1400Z,1.2117,0.3887481689453125,2.1169278643482357,0.8229518310546875,ss450-g5nr.leV120.GRASP.example_20060311_1400Z.polarimeter07.20060311_1400z.zip
20060311,1400Z,1.2205,0.3795446753501892,2.2156952244789054,0.8409553246498107,ss450-g5nr.leV120.GRASP.example_20060311_1400Z.polarimeter07.20060311_1400z.zip
20060311,1400Z,1.0343,0.40104493498802185,1.5790127483617062,0.6332550650119781,ss450-g5nr.leV120.GRASP.example_20060311_1400Z.polarimeter07.20060311_1400z.zip
20060311,1400Z,1.0429,0.3954852819442749,1.6370134303681818,0.647414718055725,ss450-g5nr.leV120.GRASP.example_20060311_1400Z.polarimeter07.20060311_1400z.zip
20060311,1400Z,1.0434,0.39310094714164734,1.6542800458428517,0.6502990528583528,ss450-g5nr.leV120.GRASP.example_20060311_1400Z.polarimeter07.20060311_1400z.zip
20060311,1400Z,1.0599,0.3896770477294922,1.7199446469214845,0.6702229522705079,ss450-g5nr.leV120.GRASP.example_20060311_1400Z.polarimeter07.20060311_1400z.zip
20060311,1400Z,1.0861,0.3874936103820801,1.8028849273903473,0.69860638961792,ss450-g5nr.leV120.GRASP.example_20060311_1400Z.polarimeter07.20060311_1400z.zip
20060311,1400Z,1.1192,0.3900735080242157,1.8692027963368387,0.7291264919757843,ss450-g5nr.leV120.GRASP.example_20060311_1400Z.polarimeter07.20060311_1400z.zip
20060311,1400Z,1.2384,0.3698109984397888,2.3487376125229855,0.8685890015602111,ss450-g5nr.leV120.GRASP.example_20060311_1400Z.polarimeter07.20060311_1400z.zip
20060311,1400Z,1.2479,0.3610215187072754,2.4565806616414636,0.8868784812927246,ss450-g5nr.leV120.GRASP.example_20060311_1400Z.polarimeter07.20060311_1400z.zip
20060311,1400Z,0.9721,0.3845697045326233,1.5277602175694422,0.5875302954673767,ss450-g5nr.leV120.GRASP.example_20060311_1400Z.polarimeter07.20060311_1400z.zip
20060311,1400Z,0.96786,0.37921565771102905,1.552268030919576,0.588644342288971,ss450-g5nr.leV120.GRASP.example_20060311_1400Z.polarimeter07.20060311_1400z.zip
20060311,1400Z,0.95357,0.37688368558883667,1.5301440111692775,0.5766863144111634,ss450-g5nr.leV120.GRASP.example_20060311_1400Z.polarimeter07.20060311_1400z.zip
20060311,1400Z,0.89409,0.3734005391597748,1.3944528896821622,0.5206894608402253,ss450-g5nr.leV120.GRASP.example_20060311_1400Z.polarimeter07.20060311_1400z.zip
20060311,1400Z,0.91408,0.3968786895275116,1.3031722894676512,0.5172013104724884,ss450-g5nr.leV120.GRASP.example_20060311_1400Z.polarimeter07.20060311_1400z.zip
20060311,1400Z,0.93795,0.3890116214752197,1.4111104867332298,0.5489383785247802,ss450-g5nr.leV120.GRASP.example_20060311_1400Z.polarimeter07.20060311_1400z.zip
20060311,1400Z,1.0316,0.3636551797389984,1.8367532142410212,0.6679448202610017,ss450-g5nr.leV120.GRASP.example_20060311_1400Z.polarimeter07.20060311_1400z.zip
20060311,1400Z,1.0396,0.3554731607437134,1.924552722419243,0.6841268392562867,ss450-g5nr.leV120.GRASP.example_20060311_1400Z.polarimeter07.20060311_1400z.zip
20060311,1400Z,0.93856,0.4335848093032837,1.1646514819284097,0.5049751906967163,ss450-g5nr.leV120.GRASP.example_20060311_1400Z.polarimeter07.20060311_1400z.zip
20060311,1400Z,0.94866,0.4104059338569641,1.3115162860452931,0.5382540661430358,ss450-g5nr.leV120.GRASP.example_20060311_1400Z.polarimeter07.20060311_1400z.zip
20060311,1400Z,0.96878,0.3983205258846283,1.4321618823143516,0.5704594741153717,ss450-g5nr.leV120.GRASP.example_20060311_1400Z.polarimeter07.20060311_1400z.zip
20060311,1400Z,0.99443,0.39157894253730774,1.5395390098262385,0.6028510574626923,ss450-g5nr.leV120.GRASP.example_20060311_1400Z.polarimeter07.20060311_1400z.zip
20060311,1400Z,1.0938,0.36740148067474365,1.9771246375795877,0.7263985193252565,ss450-g5nr.leV120.GRASP.example_20060311_1400Z.polarimeter07.20060311_1400z.zip
20060311,1400Z,1.1029,0.3592070937156677,2.0703736627011224,0.7436929062843323,ss450-g5nr.leV120.GRASP.example_20060311_1400Z.polarimeter07.20060311_1400z.zip
20060311,1400Z,0.96771,0.4334970712661743,1.2323334207852357,0.5342129287338256,ss450-g5nr.leV120.GRASP.example_20060311_1400Z.polarimeter07.20060311_1400z.zip
20060311,1400Z,0.98831,0.42089906334877014,1.3480926570298766,0.5674109366512299,ss450-g5nr.leV120.GRASP.example_20060311_1400Z.polarimeter07.20060311_1400z.zip
20060311,1400Z,1.0145,0.4139743149280548,1.4506351322214552,0.6005256850719451,ss450-g5nr.leV120.GRASP.example_20060311_1400Z.polarimeter07.20060311_1400z.zip
20060311,1400Z,1.1156,0.3887464702129364,1.8697366676768243,0.7268535297870635,ss450-g5nr.leV120.GRASP.example_20060311_1400Z.polarimeter07.20060311_1400z.zip
20060311,1400Z,1.1252,0.3801123797893524,1.9601771997627495,0.7450876202106476,ss450-g5nr.leV120.GRASP.example_20060311_1400Z.polarimeter07.20060311_1400z.zip
20060311,1400Z,0.9966,0.47470754384994507,1.0993978564516451,0.521892456150055,ss450-g5nr.leV120.GRASP.example_20060311_1400Z.polarimeter07.20060311_1400z.zip
20060311,1400Z,1.0045,0.46500980854034424,1.1601694879364024,0.5394901914596557,ss450-g5nr.leV120.GRASP.example_20060311_1400Z.polarimeter07.20060311_1400z.zip
20060311,1400Z,1.0045,0.4568715989589691,1.1986483779881718,0.5476284010410308,ss450-g5nr.leV120.GRASP.example_20060311_1400Z.polarimeter07.20060311_1400z.zip
20060311,1400Z,1.0185,0.4349784553050995,1.3414952800032611,0.5835215446949005,ss450-g5nr.leV120.GRASP.example_20060311_1400Z.polarimeter07.20060311_1400z.zip
20060311,1400Z,1.0422,0.4237135946750641,1.4596803432734757,0.6184864053249359,ss450-g5nr.leV120.GRASP.example_20060311_1400Z.polarimeter07.20060311_1400z.zip
20060311,1400Z,1.0722,0.4183879494667053,1.5626933121918802,0.6538120505332947,ss450-g5nr.leV120.GRASP.example_20060311_1400Z.polarimeter07.20060311_1400z.zip
20060311,1400Z,1.1831,0.39499756693840027,1.995208322851528,0.7881024330615998,ss450-g5nr.leV120.GRASP.example_20060311_1400Z.polarimeter07.20060311_1400z.zip
20060311,1400Z,1.1929,0.3863567113876343,2.087561222155542,0.8065432886123658,ss450-g5nr.leV120.GRASP.example_20060311_1400Z.polarimeter07.20060311_1400z.zip
20060311,1400Z,0.99121,0.47849246859550476,1.0715268579032178,0.5127175314044953,ss450-g5nr.leV120.GRASP.example_20060311_1400Z.polarimeter07.20060311_1400z.zip
20060311,1400Z,0.99916,0.4689280092716217,1.1307321811550117,0.5302319907283783,ss450-g5nr.leV120.GRASP.example_20060311_1400Z.polarimeter07.20060311_1400z.zip
20060311,1400Z,0.99933,0.46108099818229675,1.167363226720735,0.5382490018177033,ss450-g5nr.leV120.GRASP.example_20060311_1400Z.polarimeter07.20060311_1400z.zip
20060311,1400Z,1.0138,0.4402649402618408,1.3027043656873019,0.5735350597381592,ss450-g5nr.leV120.GRASP.example_20060311_1400Z.polarimeter07.20060311_1400z.zip
20060311,1400Z,1.0378,0.42955711483955383,1.415976744763346,0.6082428851604462,ss450-g5nr.leV120.GRASP.example_20060311_1400Z.polarimeter07.20060311_1400z.zip
20060311,1400Z,1.0688,0.42490604519844055,1.5153796046861292,0.6438939548015594,ss450-g5nr.leV120.GRASP.example_20060311_1400Z.polarimeter07.20060311_1400z.zip
20060311,1400Z,1.1844,0.40201470255851746,1.9461609052161422,0.7823852974414824,ss450-g5nr.leV120.GRASP.example_20060311_1400Z.polarimeter07.20060311_1400z.zip
20060311,1400Z,1.1906,0.3932728171348572,2.027414934685739,0.7973271828651429,ss450-g5nr.leV120.GRASP.example_20060311_1400Z.polarimeter07.20060311_1400z.zip
20060311,1400Z,0.99749,0.486833393573761,1.0489350425976243,0.510656606426239,ss450-g5nr.leV120.GRASP.example_20060311_1400Z.polarimeter07.20060311_1400z.zip
20060311,1400Z,1.0053,0.47730547189712524,1.1061983555400654,0.5279945281028748,ss450-g5nr.leV120.GRASP.example_20060311_1400Z.polarimeter07.20060311_1400z.zip
20060311,1400Z,1.0051,0.46962663531303406,1.1402108066763317,0.535473364686966,ss450-g5nr.leV120.GRASP.example_20060311_1400Z.polarimeter07.20060311_1400z.zip
20060311,1400Z,1.0188,0.4494432806968689,1.2668043861292897,0.569356719303131,ss450-g5nr.leV120.GRASP.example_20060311_1400Z.polarimeter07.20060311_1400z.zip
20060311,1400Z,1.0436,0.4390261173248291,1.3770795376801137,0.604573882675171,ss450-g5nr.leV120.GRASP.example_20060311_1400Z.polarimeter07.20060311_1400z.zip
20060311,1400Z,1.076,0.43475988507270813,1.4749293505311618,0.6412401149272919,ss450-g5nr.leV120.GRASP.example_20060311_1400Z.polarimeter07.20060311_1400z.zip
20060311,1400Z,1.1935,0.4119490385055542,1.8972030237762245,0.7815509614944458,ss450-g5nr.leV120.GRASP.example_20060311_1400Z.polarimeter07.20060311_1400z.zip
20060311,1400Z,1.1988,0.4030546247959137,1.9742866754277073,0.7957453752040864,ss450-g5nr.leV120.GRASP.example_20060311_1400Z.polarimeter07.20060311_1400z.zip
20060311,1400Z,1.0461,0.5010458827018738,1.0878327436979214,0.5450541172981263,ss450-g5nr.leV120.GRASP.example_20060311_1400Z.polarimeter07.20060311_1400z.zip
20060311,1400Z,1.0546,0.49131977558135986,1.1464635710055273,0.5632802244186401,ss450-g5nr.leV120.GRASP.example_20060311_1400Z.polarimeter07.20060311_1400z.zip
20060311,1400Z,1.0548,0.4834829568862915,1.1816694569609707,0.5713170431137085,ss450-g5nr.leV120.GRASP.example_20060311_1400Z.polarimeter07.20060311_1400z.zip
20060311,1400Z,1.0705,0.4627053737640381,1.3135672518597412,0.6077946262359619,ss450-g5nr.leV120.GRASP.example_20060311_1400Z.polarimeter07.20060311_1400z.zip
20060311,1400Z,1.0967,0.451834499835968,1.4272161607804208,0.644865500164032,ss450-g5nr.leV120.GRASP.example_20060311_1400Z.polarimeter07.20060311_1400z.zip
20060311,1400Z,1.1304,0.44711995124816895,1.5281806299280618,0.6832800487518311,ss450-g5nr.leV120.GRASP.example_20060311_1400Z.polarimeter07.20060311_1400z.zip
20060311,1400Z,1.2545,0.4231598377227783,1.9646008155004813,0.8313401622772216,ss450-g5nr.leV120.GRASP.example_20060311_1400Z.polarimeter07.20060311_1400z.zip
20060311,1400Z,1.261,0.4140233099460602,2.045722232799611,0.8469766900539397,ss450-g5nr.leV120.GRASP.example_20060311_1400Z.polarimeter07.20060311_1400z.zip
20060311,1400Z,1.0002,0.47394153475761414,1.1103868866684747,0.5262584652423858,ss450-g5nr.leV120.GRASP.example_20060311_1400Z.polarimeter07.20060311_1400z.zip
20060311,1400Z,1.0322,0.4695974290370941,1.1980529197455747,0.5626025709629059,ss450-g5nr.leV120.GRASP.example_20060311_1400Z.polarimeter07.20060311_1400z.zip
20060311,1400Z,1.1459,0.44487255811691284,1.5757938517278842,0.7010274418830871,ss450-g5nr.leV120.GRASP.example_20060311_1400Z.polarimeter07.20060311_1400z.zip
20060311,1400Z,1.1513,0.43529462814331055,1.6448752765700603,0.7160053718566894,ss450-g5nr.leV120.GRASP.example_20060311_1400Z.polarimeter07.20060311_1400z.zip
20060311,1400Z,1.0921,0.46415644884109497,1.3528704658240847,0.6279435511589051,ss450-g5nr.leV120.GRASP.example_20060311_1400Z.polarimeter07.20060311_1400z.zip
20060311,1400Z,1.0962,0.45427191257476807,1.413092180379032,0.641928087425232,ss450-g5nr.leV120.GRASP.example_20060311_1400Z.polarimeter07.20060311_1400z.zip
20060311,1400Z,1.0434,0.48139825463294983,1.1674361922968706,0.5620017453670503,ss450-g5nr.leV120.GRASP.example_20060311_1400Z.polarimeter07.20060311_1400z.zip
20060311,1400Z,1.0472,0.47119346261024475,1.22244169984635,0.5760065373897552,ss450-g5nr.leV120.GRASP.example_20060311_1400Z.polarimeter07.20060311_1400z.zip
20060311,1400Z,1.1283,0.6032167673110962,0.8704718786739285,0.5250832326889039,ss450-g5nr.leV120.GRASP.example_20060311_1400Z.polarimeter07.20060311_1400z.zip
20060311,1400Z,1.1257,0.5906990766525269,0.9057080745399274,0.5350009233474731,ss450-g5nr.leV120.GRASP.example_20060311_1400Z.polarimeter07.20060311_1400z.zip
20060311,1100Z,0.96207,0.45806893706321716,1.1002733915293337,0.5040010629367828,ss450-g5nr.leV120.GRASP.example_20060311_1100Z.polarimeter07.20060311_1100z.zip
20060311,1100Z,0.96007,0.4582194685935974,1.0952187015246668,0.5018505314064026,ss450-g5nr.leV120.GRASP.example_20060311_1100Z.polarimeter07.20060311_1100z.zip
20060311,1100Z,0.96694,0.4566229283809662,1.1175896782679076,0.5103170716190338,ss450-g5nr.leV120.GRASP.example_20060311_1100Z.polarimeter07.20060311_1100z.zip
20060311,1100Z,0.98296,0.4532850980758667,1.168524851517358,0.5296749019241332,ss450-g5nr.leV120.GRASP.example_20060311_1100Z.polarimeter07.20060311_1100z.zip
20060311,1100Z,0.99987,0.44809699058532715,1.2313695941004175,0.5517730094146729,ss450-g5nr.leV120.GRASP.example_20060311_1100Z.polarimeter07.20060311_1100z.zip
20060311,1100Z,1.0775,0.4441494345664978,1.4259853016624233,0.6333505654335021,ss450-g5nr.leV120.GRASP.example_20060311_1100Z.polarimeter07.20060311_1100z.zip
20060311,1100Z,1.0797,0.44488367438316345,1.4269265477026485,0.6348163256168367,ss450-g5nr.leV120.GRASP.example_20060311_1100Z.polarimeter07.20060311_1100z.zip
20060311,1100Z,1.0137,0.4617965817451477,1.1951223548887853,0.5519034182548523,ss450-g5nr.leV120.GRASP.example_20060311_1100Z.polarimeter07.20060311_1100z.zip
20060311,1100Z,1.0004,0.4618692100048065,1.1659811442931844,0.5385307899951934,ss450-g5nr.leV120.GRASP.example_20060311_1100Z.polarimeter07.20060311_1100z.zip
20060311,1100Z,0.98915,0.4619213342666626,1.1413819337233155,0.5272286657333374,ss450-g5nr.leV120.GRASP.example_20060311_1100Z.polarimeter07.20060311_1100z.zip
20060311,1100Z,1.0591,0.4933398365974426,1.1467960246320195,0.5657601634025573,ss450-g5nr.leV120.GRASP.example_20060311_1100Z.polarimeter07.20060311_1100z.zip
20060311,1100Z,1.0618,0.4940747022628784,1.1490677323427432,0.5677252977371217,ss450-g5nr.leV120.GRASP.example_20060311_1100Z.polarimeter07.20060311_1100z.zip
20060311,1100Z,1.0942,0.5146024227142334,1.1263016878714271,0.5795975772857667,ss450-g5nr.leV120.GRASP.example_20060311_1100Z.polarimeter07.20060311_1100z.zip
20060311,1100Z,1.0968,0.5153171420097351,1.1283980496408168,0.5814828579902649,ss450-g5nr.leV120.GRASP.example_20060311_1100Z.polarimeter07.20060311_1100z.zip
20060311,1100Z,1.1017,0.5373263955116272,1.0503366467805697,0.5643736044883727,ss450-g5nr.leV120.GRASP.example_20060311_1100Z.polarimeter07.20060311_1100z.zip
20060311,1100Z,1.1054,0.5372258424758911,1.0576076439390694,0.5681741575241088,ss450-g5nr.leV120.GRASP.example_20060311_1100Z.polarimeter07.20060311_1100z.zip
20060311,1100Z,1.0985,0.5370696783065796,1.045358441131236,0.5614303216934204,ss450-g5nr.leV120.GRASP.example_20060311_1100Z.polarimeter07.20060311_1100z.zip
20060311,1100Z,1.095,0.5340302586555481,1.0504456109972597,0.5609697413444519,ss450-g5nr.leV120.GRASP.example_20060311_1100Z.polarimeter07.20060311_1100z.zip
20060311,1100Z,1.108,0.5293676853179932,1.0930631595587863,0.5786323146820069,ss450-g5nr.leV120.GRASP.example_20060311_1100Z.polarimeter07.20060311_1100z.zip
20060311,1100Z,1.1238,0.5221155881881714,1.1523969508356844,0.6016844118118285,ss450-g5nr.leV120.GRASP.example_20060311_1100Z.polarimeter07.20060311_1100z.zip
20060311,1100Z,1.2144,0.5158495306968689,1.3541748663790556,0.698550469303131,ss450-g5nr.leV120.GRASP.example_20060311_1100Z.polarimeter07.20060311_1100z.zip
20060311,1100Z,1.2169,0.5165285468101501,1.355920127774218,0.70037145318985,ss450-g5nr.leV120.GRASP.example_20060311_1100Z.polarimeter07.20060311_1100z.zip
20060311,1100Z,1.1626,0.5555070638656616,1.092862675606141,0.6070929361343385,ss450-g5nr.leV120.GRASP.example_20060311_1100Z.polarimeter07.20060311_1100z.zip
20060311,1100Z,1.1707,0.5555248260498047,1.1073765655525227,0.6151751739501954,ss450-g5nr.leV120.GRASP.example_20060311_1100Z.polarimeter07.20060311_1100z.zip
20060311,1100Z,1.1696,0.5555554032325745,1.1052805772287044,0.6140445967674255,ss450-g5nr.leV120.GRASP.example_20060311_1100Z.polarimeter07.20060311_1100z.zip
20060311,1100Z,1.1824,0.5531134605407715,1.1377169140739831,0.6292865394592284,ss450-g5nr.leV120.GRASP.example_20060311_1100Z.polarimeter07.20060311_1100z.zip
20060311,1100Z,1.2054,0.5485693216323853,1.1973521895338126,0.6568306783676148,ss450-g5nr.leV120.GRASP.example_20060311_1100Z.polarimeter07.20060311_1100z.zip
20060311,1100Z,1.2326,0.5414732694625854,1.2763819924543287,0.6911267305374145,ss450-g5nr.leV120.GRASP.example_20060311_1100Z.polarimeter07.20060311_1100z.zip
20060311,1100Z,1.3459,0.5351434946060181,1.5150263687515722,0.810756505393982,ss450-g5nr.leV120.GRASP.example_20060311_1100Z.polarimeter07.20060311_1100z.zip
20060311,1100Z,1.3497,0.5358685255050659,1.518714826044099,0.813831474494934,ss450-g5nr.leV120.GRASP.example_20060311_1100Z.polarimeter07.20060311_1100z.zip
20060311,1100Z,1.3107,0.5935372710227966,1.2082859223673899,0.7171627289772033,ss450-g5nr.leV120.GRASP.example_20060311_1100Z.polarimeter07.20060311_1100z.zip
20060311,1100Z,1.3193,0.5936849117279053,1.222222552633534,0.7256150882720946,ss450-g5nr.leV120.GRASP.example_20060311_1100Z.polarimeter07.20060311_1100z.zip
20060311,1100Z,1.3174,0.5939533710479736,1.218019232175708,0.7234466289520263,ss450-g5nr.leV120.GRASP.example_20060311_1100Z.polarimeter07.20060311_1100z.zip
20060311,1100Z,1.3297,0.5924279093742371,1.2444925010445917,0.737272090625763,ss450-g5nr.leV120.GRASP.example_20060311_1100Z.polarimeter07.20060311_1100z.zip
20060311,1100Z,1.3538,0.5882534980773926,1.3013887795392072,0.7655465019226073,ss450-g5nr.leV120.GRASP.example_20060311_1100Z.polarimeter07.20060311_1100z.zip
20060311,1100Z,1.3811,0.5815789699554443,1.3747419892191222,0.7995210300445557,ss450-g5nr.leV120.GRASP.example_20060311_1100Z.polarimeter07.20060311_1100z.zip
20060311,1100Z,1.5014,0.5762842893600464,1.6053113501797498,0.9251157106399537,ss450-g5nr.leV120.GRASP.example_20060311_1100Z.polarimeter07.20060311_1100z.zip
20060311,1100Z,1.5055,0.5771649479866028,1.6084397627607592,0.9283350520133973,ss450-g5nr.leV120.GRASP.example_20060311_1100Z.polarimeter07.20060311_1100z.zip
20060311,1100Z,1.4151,0.664566159248352,1.1293591018846467,0.750533840751648,ss450-g5nr.leV120.GRASP.example_20060311_1100Z.polarimeter07.20060311_1100z.zip
20060311,1100Z,1.4248,0.6648780703544617,1.1429493068411878,0.7599219296455384,ss450-g5nr.leV120.GRASP.example_20060311_1100Z.polarimeter07.20060311_1100z.zip
20060311,1100Z,1.4233,0.6653828620910645,1.1390692202787858,0.7579171379089356,ss450-g5nr.leV120.GRASP.example_20060311_1100Z.polarimeter07.20060311_1100z.zip
20060311,1100Z,1.4382,0.6645259261131287,1.1642496454760762,0.7736740738868713,ss450-g5nr.leV120.GRASP.example_20060311_1100Z.polarimeter07.20060311_1100z.zip
20060311,1100Z,1.4656,0.6606605052947998,1.2183859762375537,0.8049394947052002,ss450-g5nr.leV120.GRASP.example_20060311_1100Z.polarimeter07.20060311_1100z.zip
20060311,1100Z,1.4975,0.6540452241897583,1.2895970257333917,0.8434547758102418,ss450-g5nr.leV120.GRASP.example_20060311_1100Z.polarimeter07.20060311_1100z.zip
20060311,1100Z,1.6335,0.6498188972473145,1.513777310754794,0.9836811027526855,ss450-g5nr.leV120.GRASP.example_20060311_1100Z.polarimeter07.20060311_1100z.zip
20060311,1100Z,1.6385,0.6508949398994446,1.5173033304777703,0.9876050601005555,ss450-g5nr.leV120.GRASP.example_20060311_1100Z.polarimeter07.20060311_1100z.zip
20060311,1100Z,1.3606,0.7195838689804077,0.8908150372073521,0.6410161310195923,ss450-g5nr.leV120.GRASP.example_20060311_1100Z.polarimeter07.20060311_1100z.zip
20060311,1100Z,1.3172,0.7199465036392212,0.8295803831836841,0.5972534963607787,ss450-g5nr.leV120.GRASP.example_20060311_1100Z.polarimeter07.20060311_1100z.zip
20060311,1100Z,1.2606,0.7205476760864258,0.7495025545662822,0.5400523239135742,ss450-g5nr.leV120.GRASP.example_20060311_1100Z.polarimeter07.20060311_1100z.zip
20060311,1100Z,1.5853,0.7140901684761047,1.2200277639770476,0.8712098315238952,ss450-g5nr.leV120.GRASP.example_20060311_1100Z.polarimeter07.20060311_1100z.zip
20060311,1100Z,1.5956,0.7146111726760864,1.232822632795921,0.8809888273239135,ss450-g5nr.leV120.GRASP.example_20060311_1100Z.polarimeter07.20060311_1100z.zip
20060311,1100Z,1.5932,0.7152634263038635,1.2274310993823483,0.8779365736961364,ss450-g5nr.leV120.GRASP.example_20060311_1100Z.polarimeter07.20060311_1100z.zip
20060311,1100Z,1.6081,0.7146379351615906,1.2502303906332428,0.8934620648384095,ss450-g5nr.leV120.GRASP.example_20060311_1100Z.polarimeter07.20060311_1100z.zip
20060311,1100Z,1.6378,0.7108296155929565,1.304068322524502,0.9269703844070434,ss450-g5nr.leV120.GRASP.example_20060311_1100Z.polarimeter07.20060311_1100z.zip
20060311,1100Z,1.6721,0.7040997743606567,1.3748054762811361,0.9680002256393432,ss450-g5nr.leV120.GRASP.example_20060311_1100Z.polarimeter07.20060311_1100z.zip
20060311,1100Z,1.8211,0.6997748017311096,1.6024086541769513,1.1213251982688903,ss450-g5nr.leV120.GRASP.example_20060311_1100Z.polarimeter07.20060311_1100z.zip
20060311,1100Z,1.8266,0.7009050250053406,1.6060592160629497,1.1256949749946594,ss450-g5nr.leV120.GRASP.example_20060311_1100Z.polarimeter07.20060311_1100z.zip
20060311,1100Z,1.6956,0.855786919593811,0.9813343265456734,0.839813080406189,ss450-g5nr.leV120.GRASP.example_20060311_1100Z.polarimeter07.20060311_1100z.zip
20060311,1100Z,1.7065,0.8565609455108643,0.9922692120666566,0.8499390544891356,ss450-g5nr.leV120.GRASP.example_20060311_1100Z.polarimeter07.20060311_1100z.zip
20060311,1100Z,1.7037,0.8577728867530823,0.9861900816765097,0.8459271132469177,ss450-g5nr.leV120.GRASP.example_20060311_1100Z.polarimeter07.20060311_1100z.zip
20060311,1100Z,1.7194,0.859224259853363,1.0011073713089018,0.860175740146637,ss450-g5nr.leV120.GRASP.example_20060311_1100Z.polarimeter07.20060311_1100z.zip
20060311,1100Z,1.7519,0.8556078672409058,1.0475501302359267,0.8962921327590943,ss450-g5nr.leV120.GRASP.example_20060311_1100Z.polarimeter07.20060311_1100z.zip
20060311,1100Z,1.791,0.8486576080322266,1.1103917328364883,0.9423423919677734,ss450-g5nr.leV120.GRASP.example_20060311_1100Z.polarimeter07.20060311_1100z.zip
20060311,1100Z,1.9573,0.8438091278076172,1.319600411393335,1.1134908721923829,ss450-g5nr.leV120.GRASP.example_20060311_1100Z.polarimeter07.20060311_1100z.zip
20060311,1100Z,1.9624,0.8451520204544067,1.3219491316424832,1.1172479795455932,ss450-g5nr.leV120.GRASP.example_20060311_1100Z.polarimeter07.20060311_1100z.zip
20060311,1100Z,1.7955,0.976269006729126,0.8391447312412496,0.8192309932708741,ss450-g5nr.leV120.GRASP.example_20060311_1100Z.polarimeter07.20060311_1100z.zip
20060311,1100Z,1.8061,0.9771518111228943,0.8483310161647448,0.8289481888771058,ss450-g5nr.leV120.GRASP.example_20060311_1100Z.polarimeter07.20060311_1100z.zip
20060311,1100Z,1.802,0.9785074591636658,0.8415802384788938,0.8234925408363343,ss450-g5nr.leV120.GRASP.example_20060311_1100Z.polarimeter07.20060311_1100z.zip
20060311,1100Z,1.8152,0.9800233840942383,0.8522007020043225,0.8351766159057616,ss450-g5nr.leV120.GRASP.example_20060311_1100Z.polarimeter07.20060311_1100z.zip
20060311,1100Z,1.8467,0.9759604930877686,0.8921872484380631,0.8707395069122315,ss450-g5nr.leV120.GRASP.example_20060311_1100Z.polarimeter07.20060311_1100z.zip
20060311,1100Z,1.8832,0.9681965112686157,0.9450596837334878,0.9150034887313843,ss450-g5nr.leV120.GRASP.example_20060311_1100Z.polarimeter07.20060311_1100z.zip
20060311,1100Z,2.0505,0.9631870985031128,1.1288698770848136,1.0873129014968872,ss450-g5nr.leV120.GRASP.example_20060311_1100Z.polarimeter07.20060311_1100z.zip
20060311,1100Z,2.0557,0.9648528099060059,1.130584042347622,1.090847190093994,ss450-g5nr.leV120.GRASP.example_20060311_1100Z.polarimeter07.20060311_1100z.zip
20060311,1100Z,1.7575,1.0627858638763428,0.6536727291326568,0.6947141361236573,ss450-g5nr.leV120.GRASP.example_20060311_1100Z.polarimeter07.20060311_1100z.zip
20060311,1100Z,1.7662,1.0636924505233765,0.6604423573101074,0.7025075494766235,ss450-g5nr.leV120.GRASP.example_20060311_1100Z.polarimeter07.20060311_1100z.zip
20060311,1100Z,1.7603,1.0650739669799805,0.6527490621063009,0.6952260330200195,ss450-g5nr.leV120.GRASP.example_20060311_1100Z.polarimeter07.20060311_1100z.zip
20060311,1100Z,1.7678,1.0662522315979004,0.6579566706751464,0.7015477684020996,ss450-g5nr.leV120.GRASP.example_20060311_1100Z.polarimeter07.20060311_1100z.zip
20060311,1100Z,1.7977,1.0616037845611572,0.6933813030283499,0.7360962154388428,ss450-g5nr.leV120.GRASP.example_20060311_1100Z.polarimeter07.20060311_1100z.zip
20060311,1100Z,1.8359,1.052924633026123,0.7436195739134649,0.782975366973877,ss450-g5nr.leV120.GRASP.example_20060311_1100Z.polarimeter07.20060311_1100z.zip
20060311,1100Z,2.0071,1.047508955001831,0.9160695385143428,0.9595910449981688,ss450-g5nr.leV120.GRASP.example_20060311_1100Z.polarimeter07.20060311_1100z.zip
20060311,1100Z,2.013,1.0493611097335815,0.9183100853728733,0.9636388902664184,ss450-g5nr.leV120.GRASP.example_20060311_1100Z.polarimeter07.20060311_1100z.zip
20060311,1100Z,1.9537,1.3155169486999512,0.4851195964679345,0.6381830513000488,ss450-g5nr.leV120.GRASP.example_20060311_1100Z.polarimeter07.20060311_1100z.zip
20060311,1100Z,1.9648,1.3166444301605225,0.49227836687879045,0.6481555698394776,ss450-g5nr.leV120.GRASP.example_20060311_1100Z.polarimeter07.20060311_1100z.zip
20060311,1100Z,1.9598,1.3184032440185547,0.48649512877899026,0.6413967559814453,ss450-g5nr.leV120.GRASP.example_20060311_1100Z.polarimeter07.20060311_1100z.zip
20060311,1100Z,1.9719,1.3201676607131958,0.49367391633780666,0.6517323392868042,ss450-g5nr.leV120.GRASP.example_20060311_1100Z.polarimeter07.20060311_1100z.zip
20060311,1100Z,2.0048,1.3146991729736328,0.524911585260583,0.6901008270263671,ss450-g5nr.leV120.GRASP.example_20060311_1100Z.polarimeter07.20060311_1100z.zip
20060311,1100Z,2.0426,1.3041578531265259,0.5662214471225,0.7384421468734743,ss450-g5nr.leV120.GRASP.example_20060311_1100Z.polarimeter07.20060311_1100z.zip
20060311,1100Z,2.2218,1.2980120182037354,0.7116944749669238,0.9237879817962646,ss450-g5nr.leV120.GRASP.example_20060311_1100Z.polarimeter07.20060311_1100z.zip
20060311,1100Z,2.2286,1.300328254699707,0.713874932691257,0.9282717453002931,ss450-g5nr.leV120.GRASP.example_20060311_1100Z.polarimeter07.20060311_1100z.zip
20060311,1100Z,2.3029,2.8125975131988525,-0.18121949934427622,0.5096975131988524,ss450-g5nr.leV120.GRASP.example_20060311_1100Z.polarimeter07.20060311_1100z.zip
20060311,1100Z,2.3009,2.815683603286743,-0.1828272191825236,0.5147836032867432,ss450-g5nr.leV120.GRASP.example_20060311_1100Z.polarimeter07.20060311_1100z.zip
20060311,1100Z,2.2785,2.820516586303711,-0.19216926038858148,0.5420165863037107,ss450-g5nr.leV120.GRASP.example_20060311_1100Z.polarimeter07.20060311_1100z.zip
20060311,1100Z,2.2615,2.829500198364258,-0.20074223662985446,0.568000198364258,ss450-g5nr.leV120.GRASP.example_20060311_1100Z.polarimeter07.20060311_1100z.zip
20060311,1100Z,2.2791,2.8209800720214844,-0.19208929456675627,0.5418800720214842,ss450-g5nr.leV120.GRASP.example_20060311_1100Z.polarimeter07.20060311_1100z.zip
20060311,1100Z,2.7255,3.3206701278686523,-0.17923193360090184,0.5951701278686525,ss450-g5nr.leV120.GRASP.example_20060311_1100Z.polarimeter07.20060311_1100z.zip
20060311,1100Z,2.7035,3.324146270751953,-0.1867084719504708,0.6206462707519531,ss450-g5nr.leV120.GRASP.example_20060311_1100Z.polarimeter07.20060311_1100z.zip
20060311,1100Z,2.6544,3.3296425342559814,-0.20279730550921332,0.6752425342559816,ss450-g5nr.leV120.GRASP.example_20060311_1100Z.polarimeter07.20060311_1100z.zip
20060311,1100Z,2.5177,3.3397281169891357,-0.246136238697843,0.8220281169891357,ss450-g5nr.leV120.GRASP.example_20060311_1100Z.polarimeter07.20060311_1100z.zip
20060311,1100Z,2.4854,3.3301665782928467,-0.2536709676324666,0.8447665782928468,ss450-g5nr.leV120.GRASP.example_20060311_1100Z.polarimeter07.20060311_1100z.zip
20060311,1100Z,2.502,3.3060407638549805,-0.24320352387834318,0.8040407638549807,ss450-g5nr.leV120.GRASP.example_20060311_1100Z.polarimeter07.20060311_1100z.zip
20060311,1100Z,2.6343,3.2973737716674805,-0.20109147994228274,0.6630737716674804,ss450-g5nr.leV120.GRASP.example_20060311_1100Z.polarimeter07.20060311_1100z.zip
20060311,1100Z,2.636,3.3022916316986084,-0.2017664416137245,0.6662916316986083,ss450-g5nr.leV120.GRASP.example_20060311_1100Z.polarimeter07.20060311_1100z.zip
20060311,1100Z,2.9074,3.633532762527466,-0.19984208482060634,0.7261327625274658,ss450-g5nr.leV120.GRASP.example_20060311_1100Z.polarimeter07.20060311_1100z.zip
20060311,1100Z,2.8802,3.637157678604126,-0.20811791665150808,0.7569576786041261,ss450-g5nr.leV120.GRASP.example_20060311_1100Z.polarimeter07.20060311_1100z.zip
20060311,1100Z,2.8216,3.6429381370544434,-0.22546035813788196,0.8213381370544433,ss450-g5nr.leV120.GRASP.example_20060311_1100Z.polarimeter07.20060311_1100z.zip
20060311,1100Z,2.6885,3.656498908996582,-0.26473381589555045,0.9679989089965821,ss450-g5nr.leV120.GRASP.example_20060311_1100Z.polarimeter07.20060311_1100z.zip
20060311,1100Z,2.6786,3.6469640731811523,-0.2655260797062016,0.9683640731811525,ss450-g5nr.leV120.GRASP.example_20060311_1100Z.polarimeter07.20060311_1100z.zip
20060311,1100Z,2.7145,3.620912551879883,-0.250327103704644,0.9064125518798827,ss450-g5nr.leV120.GRASP.example_20060311_1100Z.polarimeter07.20060311_1100z.zip
20060311,1100Z,2.9672,3.611698627471924,-0.17844751014650762,0.6444986274719238,ss450-g5nr.leV120.GRASP.example_20060311_1100Z.polarimeter07.20060311_1100z.zip
20060311,1100Z,2.9703,3.6178231239318848,-0.17898142107847176,0.6475231239318848,ss450-g5nr.leV120.GRASP.example_20060311_1100Z.polarimeter07.20060311_1100z.zip
20060311,1100Z,2.5733,3.7289397716522217,-0.3099110853003077,1.1556397716522215,ss450-g5nr.leV120.GRASP.example_20060311_1100Z.polarimeter07.20060311_1100z.zip
20060311,1100Z,2.5312,3.7332687377929688,-0.32198826878549514,1.2020687377929686,ss450-g5nr.leV120.GRASP.example_20060311_1100Z.polarimeter07.20060311_1100z.zip
20060311,1100Z,2.4776,3.740468978881836,-0.33762316597512704,1.2628689788818361,ss450-g5nr.leV120.GRASP.example_20060311_1100Z.polarimeter07.20060311_1100z.zip
20060311,1100Z,2.3454,3.758269786834717,-0.3759362331528257,1.4128697868347166,ss450-g5nr.leV120.GRASP.example_20060311_1100Z.polarimeter07.20060311_1100z.zip
20060311,1100Z,2.3151,3.74977445602417,-0.38260286661223186,1.4346744560241698,ss450-g5nr.leV120.GRASP.example_20060311_1100Z.polarimeter07.20060311_1100z.zip
20060311,1100Z,2.3434,3.7263967990875244,-0.371135140365668,1.3829967990875245,ss450-g5nr.leV120.GRASP.example_20060311_1100Z.polarimeter07.20060311_1100z.zip
20060311,1100Z,2.5051,3.7205653190612793,-0.32668834298760496,1.2154653190612792,ss450-g5nr.leV120.GRASP.example_20060311_1100Z.polarimeter07.20060311_1100z.zip
20060311,1100Z,2.5052,3.730459451675415,-0.32844733136695253,1.2252594516754152,ss450-g5nr.leV120.GRASP.example_20060311_1100Z.polarimeter07.20060311_1100z.zip
20060311,1100Z,2.911,3.867173194885254,-0.24725378117274247,0.9561731948852539,ss450-g5nr.leV120.GRASP.example_20060311_1100Z.polarimeter07.20060311_1100z.zip
20060311,1100Z,2.8552,3.871748447418213,-0.2625553961534033,1.016548447418213,ss450-g5nr.leV120.GRASP.example_20060311_1100Z.polarimeter07.20060311_1100z.zip
20060311,1100Z,2.8061,3.879310131072998,-0.2766497379203229,1.0732101310729982,ss450-g5nr.leV120.GRASP.example_20060311_1100Z.polarimeter07.20060311_1100z.zip
20060311,1100Z,2.7069,3.8984899520874023,-0.3056542319544466,1.1915899520874023,ss450-g5nr.leV120.GRASP.example_20060311_1100Z.polarimeter07.20060311_1100z.zip
20060311,1100Z,2.6844,3.890601634979248,-0.3100295913451138,1.206201634979248,ss450-g5nr.leV120.GRASP.example_20060311_1100Z.polarimeter07.20060311_1100z.zip
20060311,1100Z,2.6744,3.867823839187622,-0.3085517564414937,1.1934238391876222,ss450-g5nr.leV120.GRASP.example_20060311_1100Z.polarimeter07.20060311_1100z.zip
20060311,1100Z,2.8304,3.867002487182617,-0.268063568776718,1.0366024871826172,ss450-g5nr.leV120.GRASP.example_20060311_1100Z.polarimeter07.20060311_1100z.zip
20060311,1100Z,2.8306,3.878328323364258,-0.2701494654416997,1.0477283233642578,ss450-g5nr.leV120.GRASP.example_20060311_1100Z.polarimeter07.20060311_1100z.zip
20060311,1100Z,3.0471,4.032409191131592,-0.24434752140198604,0.9853091911315919,ss450-g5nr.leV120.GRASP.example_20060311_1100Z.polarimeter07.20060311_1100z.zip
20060311,1100Z,3.014,4.037023544311523,-0.2534103487588133,1.0230235443115236,ss450-g5nr.leV120.GRASP.example_20060311_1100Z.polarimeter07.20060311_1100z.zip
20060311,1100Z,3.0105,4.044689178466797,-0.25569064341770326,1.034189178466797,ss450-g5nr.leV120.GRASP.example_20060311_1100Z.polarimeter07.20060311_1100z.zip
20060311,1100Z,2.9055,4.063250541687012,-0.28493210787989653,1.1577505416870117,ss450-g5nr.leV120.GRASP.example_20060311_1100Z.polarimeter07.20060311_1100z.zip
20060311,1100Z,2.9004,4.053481101989746,-0.28446687500867573,1.1530811019897462,ss450-g5nr.leV120.GRASP.example_20060311_1100Z.polarimeter07.20060311_1100z.zip
20060311,1100Z,2.9255,4.027393817901611,-0.2735997192536115,1.1018938179016113,ss450-g5nr.leV120.GRASP.example_20060311_1100Z.polarimeter07.20060311_1100z.zip
20060311,1100Z,3.0077,4.021039962768555,-0.25200942347035343,1.0133399627685549,ss450-g5nr.leV120.GRASP.example_20060311_1100Z.polarimeter07.20060311_1100z.zip
20060311,1100Z,2.9951,4.032004356384277,-0.2571684613243145,1.0369043563842775,ss450-g5nr.leV120.GRASP.example_20060311_1100Z.polarimeter07.20060311_1100z.zip
20060311,1100Z,3.0065,3.959290027618408,-0.24064668689894647,0.9527900276184083,ss450-g5nr.leV120.GRASP.example_20060311_1100Z.polarimeter07.20060311_1100z.zip
20060311,1100Z,3.0149,3.963826894760132,-0.2393966537778274,0.9489268947601319,ss450-g5nr.leV120.GRASP.example_20060311_1100Z.polarimeter07.20060311_1100z.zip
20060311,1100Z,2.9811,3.9713807106018066,-0.24935426310507094,0.9902807106018066,ss450-g5nr.leV120.GRASP.example_20060311_1100Z.polarimeter07.20060311_1100z.zip
20060311,1100Z,2.8972,3.9895994663238525,-0.273811813828626,1.0923994663238523,ss450-g5nr.leV120.GRASP.example_20060311_1100Z.polarimeter07.20060311_1100z.zip
20060311,1100Z,2.8979,3.9797825813293457,-0.2718446445805515,1.0818825813293458,ss450-g5nr.leV120.GRASP.example_20060311_1100Z.polarimeter07.20060311_1100z.zip
20060311,1100Z,2.9264,3.953709840774536,-0.25983440417905956,1.027309840774536,ss450-g5nr.leV120.GRASP.example_20060311_1100Z.polarimeter07.20060311_1100z.zip
20060311,1100Z,3.0183,3.9451088905334473,-0.2349260606614401,0.9268088905334473,ss450-g5nr.leV120.GRASP.example_20060311_1100Z.polarimeter07.20060311_1100z.zip
20060311,1100Z,3.0032,3.9552791118621826,-0.2407109801699771,0.9520791118621825,ss450-g5nr.leV120.GRASP.example_20060311_1100Z.polarimeter07.20060311_1100z.zip
20060311,1100Z,2.6005,3.663153886795044,-0.2900926140792786,1.0626538867950441,ss450-g5nr.leV120.GRASP.example_20060311_1100Z.polarimeter07.20060311_1100z.zip
20060311,1100Z,2.5737,3.667555570602417,-0.2982519418029554,1.093855570602417,ss450-g5nr.leV120.GRASP.example_20060311_1100Z.polarimeter07.20060311_1100z.zip
20060311,1100Z,2.5197,3.674853801727295,-0.3143400701231535,1.155153801727295,ss450-g5nr.leV120.GRASP.example_20060311_1100Z.polarimeter07.20060311_1100z.zip
20060311,1100Z,2.397,3.693513870239258,-0.3510245028957405,1.296513870239258,ss450-g5nr.leV120.GRASP.example_20060311_1100Z.polarimeter07.20060311_1100z.zip
20060311,1100Z,2.3884,3.6861014366149902,-0.35205255713382966,1.2977014366149904,ss450-g5nr.leV120.GRASP.example_20060311_1100Z.polarimeter07.20060311_1100z.zip
20060311,1100Z,2.4194,3.664341688156128,-0.339744978526436,1.244941688156128,ss450-g5nr.leV120.GRASP.example_20060311_1100Z.polarimeter07.20060311_1100z.zip
20060311,1100Z,2.5813,3.660107135772705,-0.2947474201584955,1.078807135772705,ss450-g5nr.leV120.GRASP.example_20060311_1100Z.polarimeter07.20060311_1100z.zip
20060311,1100Z,2.578,3.669713258743286,-0.2974927962402026,1.0917132587432863,ss450-g5nr.leV120.GRASP.example_20060311_1100Z.polarimeter07.20060311_1100z.zip
20060311,1100Z,2.2931,3.041383981704712,-0.24603403786104472,0.748283981704712,ss450-g5nr.leV120.GRASP.example_20060311_1100Z.polarimeter07.20060311_1100z.zip
20060311,1100Z,2.2912,3.044757127761841,-0.24749334549247626,0.7535571277618409,ss450-g5nr.leV120.GRASP.example_20060311_1100Z.polarimeter07.20060311_1100z.zip
20060311,1100Z,2.2869,3.050107479095459,-0.2502231427339065,0.7632074790954588,ss450-g5nr.leV120.GRASP.example_20060311_1100Z.polarimeter07.20060311_1100z.zip
20060311,1100Z,2.308,3.064037322998047,-0.2467454679234431,0.756037322998047,ss450-g5nr.leV120.GRASP.example_20060311_1100Z.polarimeter07.20060311_1100z.zip
20060311,1100Z,2.3462,3.0583038330078125,-0.2328427363305709,0.7121038330078124,ss450-g5nr.leV120.GRASP.example_20060311_1100Z.polarimeter07.20060311_1100z.zip
20060311,1100Z,2.4174,3.0397279262542725,-0.20473145668044723,0.6223279262542722,ss450-g5nr.leV120.GRASP.example_20060311_1100Z.polarimeter07.20060311_1100z.zip
20060311,1100Z,2.2834,1.6512391567230225,0.38284026920215264,0.6321608432769774,ss450-g5nr.leV120.GRASP.example_20060311_1100Z.polarimeter07.20060311_1100z.zip
20060311,1100Z,2.2907,1.6544440984725952,0.3845738288255281,0.636255901527405,ss450-g5nr.leV120.GRASP.example_20060311_1100Z.polarimeter07.20060311_1100z.zip
20060311,1100Z,1.7885,1.0383658409118652,0.7224179855814468,0.7501341590881347,ss450-g5nr.leV120.GRASP.example_20060311_1100Z.polarimeter07.20060311_1100z.zip
20060311,1100Z,1.7878,1.0390607118606567,0.7205924346793636,0.7487392881393433,ss450-g5nr.leV120.GRASP.example_20060311_1100Z.polarimeter07.20060311_1100z.zip
20060311,1100Z,1.7686,1.040228247642517,0.7002037812453193,0.7283717523574829,ss450-g5nr.leV120.GRASP.example_20060311_1100Z.polarimeter07.20060311_1100z.zip
20060311,1100Z,1.7479,1.0409940481185913,0.6790681975166079,0.7069059518814087,ss450-g5nr.leV120.GRASP.example_20060311_1100Z.polarimeter07.20060311_1100z.zip
20060311,1100Z,1.7629,1.0359148979187012,0.7017807191902676,0.7269851020812987,ss450-g5nr.leV120.GRASP.example_20060311_1100Z.polarimeter07.20060311_1100z.zip
20060311,1100Z,1.7862,1.026122808456421,0.7407273138065709,0.7600771915435791,ss450-g5nr.leV120.GRASP.example_20060311_1100Z.polarimeter07.20060311_1100z.zip
20060311,1100Z,1.9396,1.0192054510116577,0.903051046356516,0.9203945489883423,ss450-g5nr.leV120.GRASP.example_20060311_1100Z.polarimeter07.20060311_1100z.zip
20060311,1100Z,1.9445,1.0209060907363892,0.9046805750736718,0.9235939092636107,ss450-g5nr.leV120.GRASP.example_20060311_1100Z.polarimeter07.20060311_1100z.zip
20060311,1100Z,1.3657,0.843384861946106,0.619308173078486,0.522315138053894,ss450-g5nr.leV120.GRASP.example_20060311_1100Z.polarimeter07.20060311_1100z.zip
20060311,1100Z,1.3753,0.843835711479187,0.6298196216289448,0.531464288520813,ss450-g5nr.leV120.GRASP.example_20060311_1100Z.polarimeter07.20060311_1100z.zip
20060311,1100Z,1.3741,0.8445923328399658,0.6269387568077366,0.5295076671600343,ss450-g5nr.leV120.GRASP.example_20060311_1100Z.polarimeter07.20060311_1100z.zip
20060311,1100Z,1.3903,0.8440317511558533,0.6472129136090717,0.5462682488441468,ss450-g5nr.leV120.GRASP.example_20060311_1100Z.polarimeter07.20060311_1100z.zip
20060311,1100Z,1.4198,0.83882737159729,0.6926009427856715,0.5809726284027099,ss450-g5nr.leV120.GRASP.example_20060311_1100Z.polarimeter07.20060311_1100z.zip
20060311,1100Z,1.4576,0.8298400044441223,0.7564831680733322,0.6277599955558777,ss450-g5nr.leV120.GRASP.example_20060311_1100Z.polarimeter07.20060311_1100z.zip
20060311,1100Z,1.5983,0.822248101234436,0.9438171977539165,0.776051898765564,ss450-g5nr.leV120.GRASP.example_20060311_1100Z.polarimeter07.20060311_1100z.zip
20060311,1100Z,1.6022,0.8234698176383972,0.9456693684231176,0.7787301823616029,ss450-g5nr.leV120.GRASP.example_20060311_1100Z.polarimeter07.20060311_1100z.zip
20060311,1100Z,1.4507,0.7420756220817566,0.9549220548848218,0.7086243779182435,ss450-g5nr.leV120.GRASP.example_20060311_1100Z.polarimeter07.20060311_1100z.zip
20060311,1100Z,1.4605,0.7423132658004761,0.9674981807378381,0.7181867341995238,ss450-g5nr.leV120.GRASP.example_20060311_1100Z.polarimeter07.20060311_1100z.zip
20060311,1100Z,1.4587,0.7426959276199341,0.9640608568766419,0.716004072380066,ss450-g5nr.leV120.GRASP.example_20060311_1100Z.polarimeter07.20060311_1100z.zip
20060311,1100Z,1.4737,0.7407119274139404,0.9895723903692935,0.7329880725860596,ss450-g5nr.leV120.GRASP.example_20060311_1100Z.polarimeter07.20060311_1100z.zip
20060311,1100Z,1.5017,0.7351484298706055,1.0427167344481936,0.7665515701293946,ss450-g5nr.leV120.GRASP.example_20060311_1100Z.polarimeter07.20060311_1100z.zip
20060311,1100Z,1.5347,0.7259377241134644,1.1140931914982362,0.8087622758865356,ss450-g5nr.leV120.GRASP.example_20060311_1100Z.polarimeter07.20060311_1100z.zip
20060311,1100Z,1.675,0.7169222235679626,1.3363761715516325,0.9580777764320374,ss450-g5nr.leV120.GRASP.example_20060311_1100Z.polarimeter07.20060311_1100z.zip
20060311,1100Z,1.68,0.7178278565406799,1.340393988185652,0.96217214345932,ss450-g5nr.leV120.GRASP.example_20060311_1100Z.polarimeter07.20060311_1100z.zip
20060311,1100Z,1.3373,0.6722646951675415,0.9892462144940076,0.6650353048324584,ss450-g5nr.leV120.GRASP.example_20060311_1100Z.polarimeter07.20060311_1100z.zip
20060311,1100Z,1.3456,0.6723273396492004,1.0014060423336233,0.6732726603507995,ss450-g5nr.leV120.GRASP.example_20060311_1100Z.polarimeter07.20060311_1100z.zip
20060311,1100Z,1.3431,0.6724218130111694,0.9974069460737289,0.6706781869888305,ss450-g5nr.leV120.GRASP.example_20060311_1100Z.polarimeter07.20060311_1100z.zip
20060311,1100Z,1.354,0.6694777011871338,1.0224721414903812,0.6845222988128663,ss450-g5nr.leV120.GRASP.example_20060311_1100Z.polarimeter07.20060311_1100z.zip
20060311,1100Z,1.3779,0.6637372970581055,1.0759719336359286,0.7141627029418944,ss450-g5nr.leV120.GRASP.example_20060311_1100Z.polarimeter07.20060311_1100z.zip
20060311,1100Z,1.4057,0.6543835401535034,1.1481286030975884,0.7513164598464965,ss450-g5nr.leV120.GRASP.example_20060311_1100Z.polarimeter07.20060311_1100z.zip
20060311,1100Z,1.5302,0.6446398496627808,1.3737285257814373,0.8855601503372192,ss450-g5nr.leV120.GRASP.example_20060311_1100Z.polarimeter07.20060311_1100z.zip
20060311,1100Z,1.5338,0.6452674865722656,1.3769987360555238,0.8885325134277344,ss450-g5nr.leV120.GRASP.example_20060311_1100Z.polarimeter07.20060311_1100z.zip
20060311,1100Z,1.1822,0.642829179763794,0.8390577733798527,0.539370820236206,ss450-g5nr.leV120.GRASP.example_20060311_1100Z.polarimeter07.20060311_1100z.zip
20060311,1100Z,1.1902,0.6428335309028625,0.8514902269151373,0.5473664690971374,ss450-g5nr.leV120.GRASP.example_20060311_1100Z.polarimeter07.20060311_1100z.zip
20060311,1100Z,1.1888,0.6428422927856445,0.8492871631835911,0.5459577072143555,ss450-g5nr.leV120.GRASP.example_20060311_1100Z.polarimeter07.20060311_1100z.zip
20060311,1100Z,1.2008,0.639686107635498,0.8771706711570989,0.561113892364502,ss450-g5nr.leV120.GRASP.example_20060311_1100Z.polarimeter07.20060311_1100z.zip
20060311,1100Z,1.2234,0.6339542269706726,0.9297923224614698,0.5894457730293274,ss450-g5nr.leV120.GRASP.example_20060311_1100Z.polarimeter07.20060311_1100z.zip
20060311,1100Z,1.2499,0.6246823072433472,1.0008570524682672,0.6252176927566528,ss450-g5nr.leV120.GRASP.example_20060311_1100Z.polarimeter07.20060311_1100z.zip
20060311,1100Z,1.364,0.614628791809082,1.2192256825217036,0.7493712081909181,ss450-g5nr.leV120.GRASP.example_20060311_1100Z.polarimeter07.20060311_1100z.zip
20060311,1100Z,1.3673,0.6151120662689209,1.2228469818412406,0.7521879337310791,ss450-g5nr.leV120.GRASP.example_20060311_1100Z.polarimeter07.20060311_1100z.zip
20060311,1100Z,1.1386,0.6046208143234253,0.8831637499514485,0.5339791856765748,ss450-g5nr.leV120.GRASP.example_20060311_1100Z.polarimeter07.20060311_1100z.zip
20060311,1100Z,1.1455,0.6045962572097778,0.8946528139067587,0.5409037427902221,ss450-g5nr.leV120.GRASP.example_20060311_1100Z.polarimeter07.20060311_1100z.zip
20060311,1100Z,1.1432,0.6045672297477722,0.8909394088014785,0.5386327702522278,ss450-g5nr.leV120.GRASP.example_20060311_1100Z.polarimeter07.20060311_1100z.zip
20060311,1100Z,1.1517,0.6014513969421387,0.9148679442019764,0.5502486030578613,ss450-g5nr.leV120.GRASP.example_20060311_1100Z.polarimeter07.20060311_1100z.zip
20060311,1100Z,1.1714,0.5959517359733582,0.9655954153514994,0.5754482640266418,ss450-g5nr.leV120.GRASP.example_20060311_1100Z.polarimeter07.20060311_1100z.zip
20060311,1100Z,1.1941,0.5870437026023865,1.034090468403818,0.6070562973976135,ss450-g5nr.leV120.GRASP.example_20060311_1100Z.polarimeter07.20060311_1100z.zip
20060311,1100Z,1.298,0.5770420432090759,1.249402821294434,0.7209579567909241,ss450-g5nr.leV120.GRASP.example_20060311_1100Z.polarimeter07.20060311_1100z.zip
20060311,1100Z,1.3009,0.5774089694023132,1.2529958295358414,0.7234910305976867,ss450-g5nr.leV120.GRASP.example_20060311_1100Z.polarimeter07.20060311_1100z.zip
20060314,1400Z,0.97558,0.38523727655410767,1.5324132927281169,0.5903427234458923,ss450-g5nr.leV120.GRASP.example_20060314_1400Z.polarimeter07.20060314_1400z.zip
20060314,1400Z,0.98363,0.3811074495315552,1.5809781498867206,0.6025225504684448,ss450-g5nr.leV120.GRASP.example_20060314_1400Z.polarimeter07.20060314_1400z.zip
20060314,1400Z,0.98411,0.38055315613746643,1.58599878657822,0.6035568438625336,ss450-g5nr.leV120.GRASP.example_20060314_1400Z.polarimeter07.20060314_1400z.zip
20060314,1400Z,0.99948,0.38279107213020325,1.6110326827581682,0.6166889278697968,ss450-g5nr.leV120.GRASP.example_20060314_1400Z.polarimeter07.20060314_1400z.zip
20060314,1400Z,1.0238,0.3832792639732361,1.6711593770736597,0.640520736026764,ss450-g5nr.leV120.GRASP.example_20060314_1400Z.polarimeter07.20060314_1400z.zip
20060314,1400Z,1.0546,0.3883648216724396,1.7154879668516587,0.6662351783275604,ss450-g5nr.leV120.GRASP.example_20060314_1400Z.polarimeter07.20060314_1400z.zip
20060314,1400Z,1.1657,0.3730602264404297,2.1246965432969818,0.7926397735595703,ss450-g5nr.leV120.GRASP.example_20060314_1400Z.polarimeter07.20060314_1400z.zip
20060314,1400Z,1.1751,0.36499837040901184,2.2194664285300787,0.8101016295909882,ss450-g5nr.leV120.GRASP.example_20060314_1400Z.polarimeter07.20060314_1400z.zip
20060314,1400Z,0.98374,0.4026867151260376,1.4429412817656462,0.5810532848739624,ss450-g5nr.leV120.GRASP.example_20060314_1400Z.polarimeter07.20060314_1400z.zip
20060314,1400Z,0.99196,0.39844512939453125,1.4895774269028241,0.5935148706054687,ss450-g5nr.leV120.GRASP.example_20060314_1400Z.polarimeter07.20060314_1400z.zip
20060314,1400Z,0.99258,0.3980284333229065,1.493741443829855,0.5945515666770935,ss450-g5nr.leV120.GRASP.example_20060314_1400Z.polarimeter07.20060314_1400z.zip
20060314,1400Z,1.0089,0.40104079246520996,1.5157041850986301,0.60785920753479,ss450-g5nr.leV120.GRASP.example_20060314_1400Z.polarimeter07.20060314_1400z.zip
20060314,1400Z,1.0345,0.40197068452835083,1.5735707598026023,0.6325293154716491,ss450-g5nr.leV120.GRASP.example_20060314_1400Z.polarimeter07.20060314_1400z.zip
20060314,1400Z,1.0672,0.40786752104759216,1.6165358723806629,0.6593324789524078,ss450-g5nr.leV120.GRASP.example_20060314_1400Z.polarimeter07.20060314_1400z.zip
20060314,1400Z,1.1813,0.39273005723953247,2.007918488091442,0.7885699427604675,ss450-g5nr.leV120.GRASP.example_20060314_1400Z.polarimeter07.20060314_1400z.zip
20060314,1400Z,1.1894,0.3842974305152893,2.0949985754658322,0.8051025694847107,ss450-g5nr.leV120.GRASP.example_20060314_1400Z.polarimeter07.20060314_1400z.zip
20060314,1400Z,0.95067,0.4218212366104126,1.253727213070649,0.5288487633895874,ss450-g5nr.leV120.GRASP.example_20060314_1400Z.polarimeter07.20060314_1400z.zip
20060314,1400Z,0.95876,0.4174327850341797,1.296800908729524,0.5413272149658203,ss450-g5nr.leV120.GRASP.example_20060314_1400Z.polarimeter07.20060314_1400z.zip
20060314,1400Z,0.95952,0.4171310365200043,1.300284361492206,0.5423889634799958,ss450-g5nr.leV120.GRASP.example_20060314_1400Z.polarimeter07.20060314_1400z.zip
20060314,1400Z,0.97652,0.4208188056945801,1.320523671436714,0.55570119430542,ss450-g5nr.leV120.GRASP.example_20060314_1400Z.polarimeter07.20060314_1400z.zip
20060314,1400Z,1.0029,0.42208755016326904,1.3760473380749205,0.5808124498367309,ss450-g5nr.leV120.GRASP.example_20060314_1400Z.polarimeter07.20060314_1400z.zip
20060314,1400Z,1.037,0.42866289615631104,1.4191503610376859,0.6083371038436889,ss450-g5nr.leV120.GRASP.example_20060314_1400Z.polarimeter07.20060314_1400z.zip
20060314,1400Z,1.1505,0.413282573223114,1.7838096124582856,0.7372174267768861,ss450-g5nr.leV120.GRASP.example_20060314_1400Z.polarimeter07.20060314_1400z.zip
20060314,1400Z,1.1567,0.4044187664985657,1.8601541170174714,0.7522812335014344,ss450-g5nr.leV120.GRASP.example_20060314_1400Z.polarimeter07.20060314_1400z.zip
20060314,1400Z,0.97612,0.4508676826953888,1.1649810741912887,0.5252523173046112,ss450-g5nr.leV120.GRASP.example_20060314_1400Z.polarimeter07.20060314_1400z.zip
20060314,1400Z,1.0125,0.4583180546760559,1.2091645521484982,0.554181945323944,ss450-g5nr.leV120.GRASP.example_20060314_1400Z.polarimeter07.20060314_1400z.zip
20060314,1400Z,1.1251,0.4426034688949585,1.5420044782048827,0.6824965311050415,ss450-g5nr.leV120.GRASP.example_20060314_1400Z.polarimeter07.20060314_1400z.zip
20060314,1400Z,1.1282,0.4331703186035156,1.6045182496279273,0.6950296813964845,ss450-g5nr.leV120.GRASP.example_20060314_1400Z.polarimeter07.20060314_1400z.zip
20060314,1400Z,1.0925,0.48371556401252747,1.2585587094561754,0.6087844359874726,ss450-g5nr.leV120.GRASP.example_20060314_1400Z.polarimeter07.20060314_1400z.zip
20060314,1400Z,1.0925,0.4734872877597809,1.3073481131224565,0.6190127122402191,ss450-g5nr.leV120.GRASP.example_20060314_1400Z.polarimeter07.20060314_1400z.zip
20060314,1400Z,1.0594,0.5132184624671936,1.0642281552131803,0.5461815375328063,ss450-g5nr.leV120.GRASP.example_20060314_1400Z.polarimeter07.20060314_1400z.zip
20060314,1400Z,1.0576,0.5024516582489014,1.1048791115265717,0.5551483417510987,ss450-g5nr.leV120.GRASP.example_20060314_1400Z.polarimeter07.20060314_1400z.zip
20060301,1400Z,0.95983,0.4572802186012268,1.098997422053421,0.5025497813987732,ss450-g5nr.leV120.GRASP.example_20060301_1400Z.polarimeter07.20060301_1400z.zip
20060301,1400Z,0.96244,0.44716131687164307,1.1523328688922947,0.5152786831283569,ss450-g5nr.leV120.GRASP.example_20060301_1400Z.polarimeter07.20060301_1400z.zip
20060301,1400Z,1.0115,0.4317999482154846,1.3425199659709617,0.5797000517845154,ss450-g5nr.leV120.GRASP.example_20060301_1400Z.polarimeter07.20060301_1400z.zip
20060301,1400Z,1.0147,0.4222140908241272,1.4032831259122331,0.5924859091758727,ss450-g5nr.leV120.GRASP.example_20060301_1400Z.polarimeter07.20060301_1400z.zip
20060301,1400Z,0.99079,0.40183937549591064,1.4656369196703642,0.5889506245040893,ss450-g5nr.leV120.GRASP.example_20060301_1400Z.polarimeter07.20060301_1400z.zip
20060301,1400Z,0.99492,0.3929784297943115,1.5317420106766424,0.6019415702056885,ss450-g5nr.leV120.GRASP.example_20060301_1400Z.polarimeter07.20060301_1400z.zip
20060301,1400Z,0.97047,0.3769855499267578,1.5742896516552072,0.5934844500732422,ss450-g5nr.leV120.GRASP.example_20060301_1400Z.polarimeter07.20060301_1400z.zip
20060301,1400Z,0.97475,0.3687267303466797,1.6435566498895609,0.6060232696533203,ss450-g5nr.leV120.GRASP.example_20060301_1400Z.polarimeter07.20060301_1400z.zip
20060301,1400Z,0.90983,0.39886924624443054,1.2810231888433141,0.5109607537555695,ss450-g5nr.leV120.GRASP.example_20060301_1400Z.polarimeter07.20060301_1400z.zip
20060301,1400Z,0.95782,0.3994213342666626,1.3980191287442298,0.5583986657333374,ss450-g5nr.leV120.GRASP.example_20060301_1400Z.polarimeter07.20060301_1400z.zip
20060301,1400Z,0.96169,0.39078155159950256,1.4609401238715594,0.5709084484004975,ss450-g5nr.leV120.GRASP.example_20060301_1400Z.polarimeter07.20060301_1400z.zip
20060301,1400Z,0.9201,0.39781349897384644,1.312892856510358,0.5222865010261536,ss450-g5nr.leV120.GRASP.example_20060301_1400Z.polarimeter07.20060301_1400z.zip
20060301,1400Z,1.0218,0.3819981813430786,1.6748818447444525,0.6398018186569214,ss450-g5nr.leV120.GRASP.example_20060301_1400Z.polarimeter07.20060301_1400z.zip
20060301,1400Z,1.0265,0.37377768754959106,1.7462848484336262,0.6527223124504089,ss450-g5nr.leV120.GRASP.example_20060301_1400Z.polarimeter07.20060301_1400z.zip
20060301,1400Z,0.88609,0.3852633237838745,1.2999593921820596,0.5008266762161255,ss450-g5nr.leV120.GRASP.example_20060301_1400Z.polarimeter07.20060301_1400z.zip
20060301,1400Z,0.89928,0.38552212715148926,1.332628756342776,0.5137578728485107,ss450-g5nr.leV120.GRASP.example_20060301_1400Z.polarimeter07.20060301_1400z.zip
20060301,1400Z,0.92137,0.3850982189178467,1.3925584558378772,0.5362717810821533,ss450-g5nr.leV120.GRASP.example_20060301_1400Z.polarimeter07.20060301_1400z.zip
20060301,1400Z,0.94982,0.3894409239292145,1.4389321759431761,0.5603790760707855,ss450-g5nr.leV120.GRASP.example_20060301_1400Z.polarimeter07.20060301_1400z.zip
20060301,1400Z,1.0539,0.37423375248908997,1.816154323308196,0.6796662475109101,ss450-g5nr.leV120.GRASP.example_20060301_1400Z.polarimeter07.20060301_1400z.zip
20060301,1400Z,1.0594,0.36624085903167725,1.8926319220662633,0.6931591409683227,ss450-g5nr.leV120.GRASP.example_20060301_1400Z.polarimeter07.20060301_1400z.zip
20060301,1400Z,0.89238,0.39140188694000244,1.279958349145087,0.5009781130599975,ss450-g5nr.leV120.GRASP.example_20060301_1400Z.polarimeter07.20060301_1400z.zip
20060301,1400Z,0.91449,0.390849769115448,1.3397480880432113,0.523640230884552,ss450-g5nr.leV120.GRASP.example_20060301_1400Z.polarimeter07.20060301_1400z.zip
20060301,1400Z,0.94299,0.39508864283561707,1.3867808328581746,0.5479013571643829,ss450-g5nr.leV120.GRASP.example_20060301_1400Z.polarimeter07.20060301_1400z.zip
20060301,1400Z,1.0464,0.379717081785202,1.7557359154885912,0.666682918214798,ss450-g5nr.leV120.GRASP.example_20060301_1400Z.polarimeter07.20060301_1400z.zip
20060301,1400Z,1.0515,0.3716657757759094,1.8291547635905734,0.6798342242240907,ss450-g5nr.leV120.GRASP.example_20060301_1400Z.polarimeter07.20060301_1400z.zip
20060301,1400Z,0.919,0.39922380447387695,1.3019669411024173,0.5197761955261231,ss450-g5nr.leV120.GRASP.example_20060301_1400Z.polarimeter07.20060301_1400z.zip
20060301,1400Z,1.0204,0.38340499997138977,1.6614154746968446,0.6369950000286102,ss450-g5nr.leV120.GRASP.example_20060301_1400Z.polarimeter07.20060301_1400z.zip
20060301,1400Z,1.0251,0.3753037452697754,1.731387610489042,0.6497962547302245,ss450-g5nr.leV120.GRASP.example_20060301_1400Z.polarimeter07.20060301_1400z.zip
20060301,1400Z,0.91044,0.4012566804885864,1.2689715692494175,0.5091833195114136,ss450-g5nr.leV120.GRASP.example_20060301_1400Z.polarimeter07.20060301_1400z.zip
20060301,1400Z,0.90969,0.39779549837112427,1.2868282917352236,0.5118945016288757,ss450-g5nr.leV120.GRASP.example_20060301_1400Z.polarimeter07.20060301_1400z.zip
20060301,1400Z,0.91935,0.3894955515861511,1.360360718514271,0.5298544484138489,ss450-g5nr.leV120.GRASP.example_20060301_1400Z.polarimeter07.20060301_1400z.zip
20060301,1400Z,0.93895,0.3841416835784912,1.4442804312543327,0.5548083164215087,ss450-g5nr.leV120.GRASP.example_20060301_1400Z.polarimeter07.20060301_1400z.zip
20060301,1400Z,0.96411,0.38298481702804565,1.517358279321551,0.5811251829719544,ss450-g5nr.leV120.GRASP.example_20060301_1400Z.polarimeter07.20060301_1400z.zip
20060301,1400Z,1.0644,0.3626607656478882,1.9349742261158713,0.7017392343521118,ss450-g5nr.leV120.GRASP.example_20060301_1400Z.polarimeter07.20060301_1400z.zip
20060301,1400Z,1.0699,0.3547821044921875,2.015653795535676,0.7151178955078126,ss450-g5nr.leV120.GRASP.example_20060301_1400Z.polarimeter07.20060301_1400z.zip
20060301,1400Z,0.91661,0.40906620025634766,1.2407375613668208,0.5075437997436524,ss450-g5nr.leV120.GRASP.example_20060301_1400Z.polarimeter07.20060301_1400z.zip
20060301,1400Z,0.91578,0.4054572284221649,1.2586352784084132,0.5103227715778351,ss450-g5nr.leV120.GRASP.example_20060301_1400Z.polarimeter07.20060301_1400z.zip
20060301,1400Z,0.92518,0.39671841263771057,1.3320823297528386,0.5284615873622894,ss450-g5nr.leV120.GRASP.example_20060301_1400Z.polarimeter07.20060301_1400z.zip
20060301,1400Z,0.94457,0.391110360622406,1.415098384243333,0.553459639377594,ss450-g5nr.leV120.GRASP.example_20060301_1400Z.polarimeter07.20060301_1400z.zip
20060301,1400Z,0.9692,0.38977599143981934,1.486556435710183,0.5794240085601806,ss450-g5nr.leV120.GRASP.example_20060301_1400Z.polarimeter07.20060301_1400z.zip
20060301,1400Z,1.0681,0.3689876198768616,1.894677063573152,0.6991123801231385,ss450-g5nr.leV120.GRASP.example_20060301_1400Z.polarimeter07.20060301_1400z.zip
20060301,1400Z,1.0734,0.3609772026538849,1.9735949863548754,0.712422797346115,ss450-g5nr.leV120.GRASP.example_20060301_1400Z.polarimeter07.20060301_1400z.zip
20060301,1400Z,0.92605,0.4085518717765808,1.2666644408532202,0.5174981282234192,ss450-g5nr.leV120.GRASP.example_20060301_1400Z.polarimeter07.20060301_1400z.zip
20060301,1400Z,0.94565,0.4026217460632324,1.3487305622371526,0.5430282539367676,ss450-g5nr.leV120.GRASP.example_20060301_1400Z.polarimeter07.20060301_1400z.zip
20060301,1400Z,0.97057,0.4010961055755615,1.4197941254185444,0.5694738944244385,ss450-g5nr.leV120.GRASP.example_20060301_1400Z.polarimeter07.20060301_1400z.zip
20060301,1400Z,1.0705,0.3795897364616394,1.8201500124284384,0.6909102635383606,ss450-g5nr.leV120.GRASP.example_20060301_1400Z.polarimeter07.20060301_1400z.zip
20060301,1400Z,1.0759,0.3713420033454895,1.8973291206139244,0.7045579966545106,ss450-g5nr.leV120.GRASP.example_20060301_1400Z.polarimeter07.20060301_1400z.zip
20060301,1400Z,0.9364,0.41652071475982666,1.248147491391743,0.5198792852401733,ss450-g5nr.leV120.GRASP.example_20060301_1400Z.polarimeter07.20060301_1400z.zip
20060301,1400Z,0.96194,0.4147256016731262,1.3194613405086362,0.5472143983268738,ss450-g5nr.leV120.GRASP.example_20060301_1400Z.polarimeter07.20060301_1400z.zip
20060301,1400Z,1.0628,0.39218634366989136,1.7099362768596893,0.6706136563301086,ss450-g5nr.leV120.GRASP.example_20060301_1400Z.polarimeter07.20060301_1400z.zip
20060301,1400Z,1.0681,0.3836211562156677,1.784257287936241,0.6844788437843323,ss450-g5nr.leV120.GRASP.example_20060301_1400Z.polarimeter07.20060301_1400z.zip
20060301,1400Z,0.93465,0.4275166392326355,1.1862306966054836,0.5071333607673645,ss450-g5nr.leV120.GRASP.example_20060301_1400Z.polarimeter07.20060301_1400z.zip
20060301,1400Z,0.9622,0.4253862798213959,1.2619441332334287,0.5368137201786042,ss450-g5nr.leV120.GRASP.example_20060301_1400Z.polarimeter07.20060301_1400z.zip
20060301,1400Z,1.0661,0.40179407596588135,1.6533492248166664,0.6643059240341187,ss450-g5nr.leV120.GRASP.example_20060301_1400Z.polarimeter07.20060301_1400z.zip
20060301,1400Z,1.071,0.3929574191570282,1.7254861412147604,0.6780425808429718,ss450-g5nr.leV120.GRASP.example_20060301_1400Z.polarimeter07.20060301_1400z.zip
20060301,1400Z,0.94978,0.4409116506576538,1.1541277001488386,0.5088683493423461,ss450-g5nr.leV120.GRASP.example_20060301_1400Z.polarimeter07.20060301_1400z.zip
20060301,1400Z,1.0519,0.4160255193710327,1.528450662330313,0.6358744806289673,ss450-g5nr.leV120.GRASP.example_20060301_1400Z.polarimeter07.20060301_1400z.zip
20060301,1400Z,1.0569,0.40682506561279297,1.597922520845689,0.650074934387207,ss450-g5nr.leV120.GRASP.example_20060301_1400Z.polarimeter07.20060301_1400z.zip
20060301,1400Z,1.0491,0.42780280113220215,1.4522981084357156,0.6212971988677978,ss450-g5nr.leV120.GRASP.example_20060301_1400Z.polarimeter07.20060301_1400z.zip
20060301,1400Z,1.0538,0.4183619022369385,1.5188718054044568,0.6354380977630616,ss450-g5nr.leV120.GRASP.example_20060301_1400Z.polarimeter07.20060301_1400z.zip
20060301,1400Z,0.9658,0.4654938876628876,1.0747855677525802,0.5003061123371124,ss450-g5nr.leV120.GRASP.example_20060301_1400Z.polarimeter07.20060301_1400z.zip
20060301,1400Z,0.98401,0.457954466342926,1.1487070709408749,0.526055533657074,ss450-g5nr.leV120.GRASP.example_20060301_1400Z.polarimeter07.20060301_1400z.zip
20060301,1400Z,1.0108,0.45553040504455566,1.2189517731558073,0.5552695949554443,ss450-g5nr.leV120.GRASP.example_20060301_1400Z.polarimeter07.20060301_1400z.zip
20060301,1400Z,1.1092,0.43023681640625,1.5781150234075754,0.67896318359375,ss450-g5nr.leV120.GRASP.example_20060301_1400Z.polarimeter07.20060301_1400z.zip
20060301,1400Z,1.1097,0.42077040672302246,1.637305243594458,0.6889295932769774,ss450-g5nr.leV120.GRASP.example_20060301_1400Z.polarimeter07.20060301_1400z.zip
20060301,1400Z,1.0377,0.4314177930355072,1.4053249929693876,0.6062822069644929,ss450-g5nr.leV120.GRASP.example_20060301_1400Z.polarimeter07.20060301_1400z.zip
20060301,1400Z,1.0421,0.42196229100227356,1.4696519623228255,0.6201377089977265,ss450-g5nr.leV120.GRASP.example_20060301_1400Z.polarimeter07.20060301_1400z.zip
20060301,1400Z,1.0254,0.490821897983551,1.089148842406303,0.5345781020164491,ss450-g5nr.leV120.GRASP.example_20060301_1400Z.polarimeter07.20060301_1400z.zip
20060301,1400Z,1.0303,0.48335033655166626,1.1315801854000969,0.5469496634483337,ss450-g5nr.leV120.GRASP.example_20060301_1400Z.polarimeter07.20060301_1400z.zip
20060301,1400Z,1.0254,0.47889888286590576,1.141161812413577,0.5465011171340943,ss450-g5nr.leV120.GRASP.example_20060301_1400Z.polarimeter07.20060301_1400z.zip
20060301,1400Z,1.0256,0.46841859817504883,1.1894946186930255,0.5571814018249512,ss450-g5nr.leV120.GRASP.example_20060301_1400Z.polarimeter07.20060301_1400z.zip
20060301,1400Z,1.0467,0.4620008170604706,1.2655804088394047,0.5846991829395294,ss450-g5nr.leV120.GRASP.example_20060301_1400Z.polarimeter07.20060301_1400z.zip
20060301,1400Z,1.0753,0.4609523117542267,1.3327792758165726,0.6143476882457732,ss450-g5nr.leV120.GRASP.example_20060301_1400Z.polarimeter07.20060301_1400z.zip
20060301,1400Z,1.1636,0.43696480989456177,1.6629146641826213,0.7266351901054382,ss450-g5nr.leV120.GRASP.example_20060301_1400Z.polarimeter07.20060301_1400z.zip
20060301,1400Z,1.1607,0.42741087079048157,1.715653904294305,0.7332891292095185,ss450-g5nr.leV120.GRASP.example_20060301_1400Z.polarimeter07.20060301_1400z.zip
20060301,1400Z,1.0217,0.44790583848953247,1.2810597947226292,0.5737941615104676,ss450-g5nr.leV120.GRASP.example_20060301_1400Z.polarimeter07.20060301_1400z.zip
20060301,1400Z,1.0259,0.43817853927612305,1.3412830799399735,0.587721460723877,ss450-g5nr.leV120.GRASP.example_20060301_1400Z.polarimeter07.20060301_1400z.zip
20060301,1400Z,1.0085,0.4598141312599182,1.1932775255006836,0.5486858687400817,ss450-g5nr.leV120.GRASP.example_20060301_1400Z.polarimeter07.20060301_1400z.zip
20060301,1400Z,1.0123,0.4498346745967865,1.2503823230331998,0.5624653254032135,ss450-g5nr.leV120.GRASP.example_20060301_1400Z.polarimeter07.20060301_1400z.zip
20060301,1400Z,1.0369,0.468474417924881,1.2133545831445272,0.568425582075119,ss450-g5nr.leV120.GRASP.example_20060301_1400Z.polarimeter07.20060301_1400z.zip
20060301,1400Z,1.0408,0.4582071900367737,1.271461519223367,0.5825928099632263,ss450-g5nr.leV120.GRASP.example_20060301_1400Z.polarimeter07.20060301_1400z.zip
20060301,1400Z,1.0983,0.4872548282146454,1.2540566791801542,0.6110451717853547,ss450-g5nr.leV120.GRASP.example_20060301_1400Z.polarimeter07.20060301_1400z.zip
20060301,1400Z,1.1026,0.47651147842407227,1.3139001890291069,0.6260885215759278,ss450-g5nr.leV120.GRASP.example_20060301_1400Z.polarimeter07.20060301_1400z.zip
20060301,1400Z,1.1401,0.522883415222168,1.1804095651333342,0.6172165847778319,ss450-g5nr.leV120.GRASP.example_20060301_1400Z.polarimeter07.20060301_1400z.zip
20060301,1400Z,1.142,0.5113928318023682,1.2331169484231936,0.6306071681976317,ss450-g5nr.leV120.GRASP.example_20060301_1400Z.polarimeter07.20060301_1400z.zip
20060301,1400Z,1.094,0.5615401268005371,0.9482134005867694,0.532459873199463,ss450-g5nr.leV120.GRASP.example_20060301_1400Z.polarimeter07.20060301_1400z.zip
20060301,1400Z,1.0959,0.5492435693740845,0.9952896330654957,0.5466564306259156,ss450-g5nr.leV120.GRASP.example_20060301_1400Z.polarimeter07.20060301_1400z.zip
20060301,1400Z,1.0892,0.5809721946716309,0.8747885182622598,0.5082278053283691,ss450-g5nr.leV120.GRASP.example_20060301_1400Z.polarimeter07.20060301_1400z.zip
20060301,1400Z,1.0886,0.5682660341262817,0.9156520619321199,0.5203339658737183,ss450-g5nr.leV120.GRASP.example_20060301_1400Z.polarimeter07.20060301_1400z.zip
20060301,1400Z,1.0525,0.5405756235122681,0.9469986329787105,0.5119243764877319,ss450-g5nr.leV120.GRASP.example_20060301_1400Z.polarimeter07.20060301_1400z.zip
20060301,1400Z,1.0537,0.5289957523345947,0.991887449662403,0.5247042476654054,ss450-g5nr.leV120.GRASP.example_20060301_1400Z.polarimeter07.20060301_1400z.zip
20060301,1400Z,1.0473,0.5393718481063843,0.9417031194283488,0.5079281518936156,ss450-g5nr.leV120.GRASP.example_20060301_1400Z.polarimeter07.20060301_1400z.zip
20060301,1400Z,1.0826,0.5570898056030273,0.9433132488003958,0.5255101943969727,ss450-g5nr.leV120.GRASP.example_20060301_1400Z.polarimeter07.20060301_1400z.zip
20060301,1400Z,1.0833,0.5451198220252991,0.9872695070511008,0.5381801779747009,ss450-g5nr.leV120.GRASP.example_20060301_1400Z.polarimeter07.20060301_1400z.zip
20060301,1400Z,1.0583,0.5510863065719604,0.9203888526702269,0.5072136934280396,ss450-g5nr.leV120.GRASP.example_20060301_1400Z.polarimeter07.20060301_1400z.zip
20060301,1000Z,2.025,0.4032048285007477,4.022261284741149,1.6217951714992522,ss450-g5nr.leV120.GRASP.example_20060301_1000Z.polarimeter07.20060301_1000z.zip
20060301,1000Z,2.0354,0.39792245626449585,4.1150669381852785,1.6374775437355042,ss450-g5nr.leV120.GRASP.example_20060301_1000Z.polarimeter07.20060301_1000z.zip
20060301,1000Z,2.0261,0.3945441246032715,4.135293807853095,1.6315558753967285,ss450-g5nr.leV120.GRASP.example_20060301_1000Z.polarimeter07.20060301_1000z.zip
20060301,1000Z,2.0235,0.38529813289642334,4.251777330942741,1.6382018671035765,ss450-g5nr.leV120.GRASP.example_20060301_1000Z.polarimeter07.20060301_1000z.zip
20060301,1000Z,2.0505,0.3791223168373108,4.4085447069050065,1.6713776831626892,ss450-g5nr.leV120.GRASP.example_20060301_1000Z.polarimeter07.20060301_1000z.zip
20060301,1000Z,2.0821,0.37603217363357544,4.537026206775866,1.7060678263664246,ss450-g5nr.leV120.GRASP.example_20060301_1000Z.polarimeter07.20060301_1000z.zip
20060301,1000Z,2.2512,0.35733190178871155,5.300025239087447,1.8938680982112883,ss450-g5nr.leV120.GRASP.example_20060301_1000Z.polarimeter07.20060301_1000z.zip
20060301,1000Z,2.2626,0.350993812084198,5.446267489915854,1.911606187915802,ss450-g5nr.leV120.GRASP.example_20060301_1000Z.polarimeter07.20060301_1000z.zip
20060309,1100Z,0.96647,0.4582243859767914,1.109163173277624,0.5082456140232087,ss450-g5nr.leV120.GRASP.example_20060309_1100Z.polarimeter07.20060309_1100z.zip
20060309,1100Z,1.048,0.4572269320487976,1.2920784550113773,0.5907730679512024,ss450-g5nr.leV120.GRASP.example_20060309_1100Z.polarimeter07.20060309_1100z.zip
20060309,1100Z,1.051,0.4583054780960083,1.2932302803062519,0.5926945219039916,ss450-g5nr.leV120.GRASP.example_20060309_1100Z.polarimeter07.20060309_1100z.zip
20060309,1100Z,1.0012,0.4561220407485962,1.1950265730566574,0.5450779592514039,ss450-g5nr.leV120.GRASP.example_20060309_1100Z.polarimeter07.20060309_1100z.zip
20060309,1100Z,1.0061,0.4562796354293823,1.205007460070421,0.5498203645706177,ss450-g5nr.leV120.GRASP.example_20060309_1100Z.polarimeter07.20060309_1100z.zip
20060309,1100Z,1.0027,0.45656585693359375,1.1961782397272862,0.5461341430664062,ss450-g5nr.leV120.GRASP.example_20060309_1100Z.polarimeter07.20060309_1100z.zip
20060309,1100Z,1.0061,0.4561557173728943,1.2056064665688317,0.5499442826271057,ss450-g5nr.leV120.GRASP.example_20060309_1100Z.polarimeter07.20060309_1100z.zip
20060309,1100Z,1.0209,0.4538673162460327,1.2493357936498555,0.5670326837539672,ss450-g5nr.leV120.GRASP.example_20060309_1100Z.polarimeter07.20060309_1100z.zip
20060309,1100Z,1.0382,0.4502624571323395,1.3057663004198818,0.5879375428676605,ss450-g5nr.leV120.GRASP.example_20060309_1100Z.polarimeter07.20060309_1100z.zip
20060309,1100Z,1.1257,0.4495221674442291,1.5042146561986005,0.6761778325557708,ss450-g5nr.leV120.GRASP.example_20060309_1100Z.polarimeter07.20060309_1100z.zip
20060309,1100Z,1.129,0.4506183862686157,1.5054459258726247,0.6783816137313843,ss450-g5nr.leV120.GRASP.example_20060309_1100Z.polarimeter07.20060309_1100z.zip
20060309,1100Z,1.1231,0.45197349786758423,1.4848802093458968,0.6711265021324158,ss450-g5nr.leV120.GRASP.example_20060309_1100Z.polarimeter07.20060309_1100z.zip
20060309,1100Z,1.1286,0.45211923122406006,1.4962441808645195,0.67648076877594,ss450-g5nr.leV120.GRASP.example_20060309_1100Z.polarimeter07.20060309_1100z.zip
20060309,1100Z,1.1248,0.452399343252182,1.486298923234732,0.672400656747818,ss450-g5nr.leV120.GRASP.example_20060309_1100Z.polarimeter07.20060309_1100z.zip
20060309,1100Z,1.1287,0.45216989517211914,1.4961856418379174,0.6765301048278809,ss450-g5nr.leV120.GRASP.example_20060309_1100Z.polarimeter07.20060309_1100z.zip
20060309,1100Z,1.1457,0.45015305280685425,1.545134355651214,0.6955469471931457,ss450-g5nr.leV120.GRASP.example_20060309_1100Z.polarimeter07.20060309_1100z.zip
20060309,1100Z,1.1653,0.4467449188232422,1.6084236236407186,0.7185550811767578,ss450-g5nr.leV120.GRASP.example_20060309_1100Z.polarimeter07.20060309_1100z.zip
20060309,1100Z,1.2633,0.44614410400390625,1.8315963130803565,0.8171558959960938,ss450-g5nr.leV120.GRASP.example_20060309_1100Z.polarimeter07.20060309_1100z.zip
20060309,1100Z,1.2669,0.4472319185733795,1.8327584579411755,0.8196680814266204,ss450-g5nr.leV120.GRASP.example_20060309_1100Z.polarimeter07.20060309_1100z.zip
20060309,1100Z,1.2041,0.4547985792160034,1.6475456499351135,0.7493014207839965,ss450-g5nr.leV120.GRASP.example_20060309_1100Z.polarimeter07.20060309_1100z.zip
20060309,1100Z,1.2103,0.4548785388469696,1.6607102701918621,0.7554214611530303,ss450-g5nr.leV120.GRASP.example_20060309_1100Z.polarimeter07.20060309_1100z.zip
20060309,1100Z,1.2066,0.4550231695175171,1.6517331002713902,0.7515768304824828,ss450-g5nr.leV120.GRASP.example_20060309_1100Z.polarimeter07.20060309_1100z.zip
20060309,1100Z,1.212,0.45441803336143494,1.6671476724516336,0.757581966638565,ss450-g5nr.leV120.GRASP.example_20060309_1100Z.polarimeter07.20060309_1100z.zip
20060309,1100Z,1.2306,0.4523122012615204,1.720687163794825,0.7782877987384795,ss450-g5nr.leV120.GRASP.example_20060309_1100Z.polarimeter07.20060309_1100z.zip
20060309,1100Z,1.2516,0.4487698972225189,1.78895711977625,0.8028301027774811,ss450-g5nr.leV120.GRASP.example_20060309_1100Z.polarimeter07.20060309_1100z.zip
20060309,1100Z,1.3567,0.4484294652938843,2.025447935520625,0.9082705347061157,ss450-g5nr.leV120.GRASP.example_20060309_1100Z.polarimeter07.20060309_1100z.zip
20060309,1100Z,1.3605,0.44957491755485535,2.0261919579488046,0.9109250824451447,ss450-g5nr.leV120.GRASP.example_20060309_1100Z.polarimeter07.20060309_1100z.zip
20060309,1100Z,1.2626,0.472143292427063,1.6741881548492976,0.790456707572937,ss450-g5nr.leV120.GRASP.example_20060309_1100Z.polarimeter07.20060309_1100z.zip
20060309,1100Z,1.2692,0.4722766876220703,1.687407685504162,0.7969233123779298,ss450-g5nr.leV120.GRASP.example_20060309_1100Z.polarimeter07.20060309_1100z.zip
20060309,1100Z,1.2655,0.4724556505680084,1.6785582910873358,0.7930443494319916,ss450-g5nr.leV120.GRASP.example_20060309_1100Z.polarimeter07.20060309_1100z.zip
20060309,1100Z,1.2716,0.4717339277267456,1.6955873327317283,0.7998660722732545,ss450-g5nr.leV120.GRASP.example_20060309_1100Z.polarimeter07.20060309_1100z.zip
20060309,1100Z,1.2918,0.4694675803184509,1.7516277037143686,0.8223324196815491,ss450-g5nr.leV120.GRASP.example_20060309_1100Z.polarimeter07.20060309_1100z.zip
20060309,1100Z,1.315,0.46576669812202454,1.8233018919173303,0.8492333018779754,ss450-g5nr.leV120.GRASP.example_20060309_1100Z.polarimeter07.20060309_1100z.zip
20060309,1100Z,1.428,0.4655700623989105,2.0672075275674806,0.9624299376010894,ss450-g5nr.leV120.GRASP.example_20060309_1100Z.polarimeter07.20060309_1100z.zip
20060309,1100Z,1.4321,0.4668116569519043,2.0678325587476696,0.9652883430480956,ss450-g5nr.leV120.GRASP.example_20060309_1100Z.polarimeter07.20060309_1100z.zip
20060309,1100Z,1.2797,0.4891861081123352,1.6159778022685256,0.7905138918876649,ss450-g5nr.leV120.GRASP.example_20060309_1100Z.polarimeter07.20060309_1100z.zip
20060309,1100Z,1.2865,0.48935365676879883,1.6289780043634634,0.7971463432312011,ss450-g5nr.leV120.GRASP.example_20060309_1100Z.polarimeter07.20060309_1100z.zip
20060309,1100Z,1.2828,0.48956382274627686,1.6202916563645442,0.7932361772537231,ss450-g5nr.leV120.GRASP.example_20060309_1100Z.polarimeter07.20060309_1100z.zip
20060309,1100Z,1.2891,0.48880547285079956,1.6372454311563693,0.8002945271492004,ss450-g5nr.leV120.GRASP.example_20060309_1100Z.polarimeter07.20060309_1100z.zip
20060309,1100Z,1.3094,0.4864550232887268,1.691718529593287,0.8229449767112731,ss450-g5nr.leV120.GRASP.example_20060309_1100Z.polarimeter07.20060309_1100z.zip
20060309,1100Z,1.3324,0.4826265871524811,1.7607264818567516,0.849773412847519,ss450-g5nr.leV120.GRASP.example_20060309_1100Z.polarimeter07.20060309_1100z.zip
20060309,1100Z,1.4449,0.4825392961502075,1.9943675292928342,0.9623607038497926,ss450-g5nr.leV120.GRASP.example_20060309_1100Z.polarimeter07.20060309_1100z.zip
20060309,1100Z,1.449,0.4838535487651825,1.9947078071410609,0.9651464512348176,ss450-g5nr.leV120.GRASP.example_20060309_1100Z.polarimeter07.20060309_1100z.zip
20060309,1100Z,1.0674,0.5578135251998901,0.9135427015999685,0.5095864748001098,ss450-g5nr.leV120.GRASP.example_20060309_1100Z.polarimeter07.20060309_1100z.zip
20060309,1100Z,1.2825,0.5804511308670044,1.2094883303687667,0.7020488691329956,ss450-g5nr.leV120.GRASP.example_20060309_1100Z.polarimeter07.20060309_1100z.zip
20060309,1100Z,1.2866,0.5806728601455688,1.2157054140216959,0.7059271398544311,ss450-g5nr.leV120.GRASP.example_20060309_1100Z.polarimeter07.20060309_1100z.zip
20060309,1100Z,1.2801,0.5810182690620422,1.2032009459298232,0.6990817309379578,ss450-g5nr.leV120.GRASP.example_20060309_1100Z.polarimeter07.20060309_1100z.zip
20060309,1100Z,1.2784,0.5804061889648438,1.2025953966480447,0.6979938110351562,ss450-g5nr.leV120.GRASP.example_20060309_1100Z.polarimeter07.20060309_1100z.zip
20060309,1100Z,1.2943,0.577679455280304,1.2405158919352162,0.716620544719696,ss450-g5nr.leV120.GRASP.example_20060309_1100Z.polarimeter07.20060309_1100z.zip
20060309,1100Z,1.3136,0.5731260776519775,1.2919913282983864,0.7404739223480226,ss450-g5nr.leV120.GRASP.example_20060309_1100Z.polarimeter07.20060309_1100z.zip
20060309,1100Z,1.4241,0.5734091401100159,1.4835669688257291,0.850690859889984,ss450-g5nr.leV120.GRASP.example_20060309_1100Z.polarimeter07.20060309_1100z.zip
20060309,1100Z,1.4281,0.5750188827514648,1.4835706145275485,0.8530811172485351,ss450-g5nr.leV120.GRASP.example_20060309_1100Z.polarimeter07.20060309_1100z.zip
20060309,1100Z,1.2781,0.5733804702758789,1.2290609224709887,0.7047195297241211,ss450-g5nr.leV120.GRASP.example_20060309_1100Z.polarimeter07.20060309_1100z.zip
20060309,1100Z,1.2822,0.5735723376274109,1.2354634557584074,0.7086276623725891,ss450-g5nr.leV120.GRASP.example_20060309_1100Z.polarimeter07.20060309_1100z.zip
20060309,1100Z,1.2756,0.5738495588302612,1.222882252624175,0.7017504411697388,ss450-g5nr.leV120.GRASP.example_20060309_1100Z.polarimeter07.20060309_1100z.zip
20060309,1100Z,1.2738,0.57300865650177,1.2230030655672395,0.70079134349823,ss450-g5nr.leV120.GRASP.example_20060309_1100Z.polarimeter07.20060309_1100z.zip
20060309,1100Z,1.2897,0.5703113079071045,1.2613965076948355,0.7193886920928956,ss450-g5nr.leV120.GRASP.example_20060309_1100Z.polarimeter07.20060309_1100z.zip
20060309,1100Z,1.3088,0.5657459497451782,1.3134058681100698,0.7430540502548217,ss450-g5nr.leV120.GRASP.example_20060309_1100Z.polarimeter07.20060309_1100z.zip
20060309,1100Z,1.4194,0.5662006735801697,1.5068850431154137,0.8531993264198303,ss450-g5nr.leV120.GRASP.example_20060309_1100Z.polarimeter07.20060309_1100z.zip
20060309,1100Z,1.4233,0.5678393840789795,1.5065186387318925,0.8554606159210205,ss450-g5nr.leV120.GRASP.example_20060309_1100Z.polarimeter07.20060309_1100z.zip
20060309,1100Z,1.2131,0.5562992095947266,1.1806610167283251,0.6568007904052735,ss450-g5nr.leV120.GRASP.example_20060309_1100Z.polarimeter07.20060309_1100z.zip
20060309,1100Z,1.2158,0.5564292669296265,1.1850036873667293,0.6593707330703735,ss450-g5nr.leV120.GRASP.example_20060309_1100Z.polarimeter07.20060309_1100z.zip
20060309,1100Z,1.2055,0.556654691696167,1.1656154488283474,0.648845308303833,ss450-g5nr.leV120.GRASP.example_20060309_1100Z.polarimeter07.20060309_1100z.zip
20060309,1100Z,1.1955,0.5556557774543762,1.1515118685113648,0.6398442225456238,ss450-g5nr.leV120.GRASP.example_20060309_1100Z.polarimeter07.20060309_1100z.zip
20060309,1100Z,1.2056,0.5529531836509705,1.180293080220308,0.6526468163490295,ss450-g5nr.leV120.GRASP.example_20060309_1100Z.polarimeter07.20060309_1100z.zip
20060309,1100Z,1.2189,0.5483879446983337,1.2226965632341036,0.6705120553016664,ss450-g5nr.leV120.GRASP.example_20060309_1100Z.polarimeter07.20060309_1100z.zip
20060309,1100Z,1.3197,0.5489301681518555,1.4041309378990439,0.7707698318481446,ss450-g5nr.leV120.GRASP.example_20060309_1100Z.polarimeter07.20060309_1100z.zip
20060309,1100Z,1.323,0.5506106615066528,1.402786746591202,0.7723893384933471,ss450-g5nr.leV120.GRASP.example_20060309_1100Z.polarimeter07.20060309_1100z.zip
20060309,1100Z,1.165,0.5413909554481506,1.1518645412826312,0.6236090445518494,ss450-g5nr.leV120.GRASP.example_20060309_1100Z.polarimeter07.20060309_1100z.zip
20060309,1100Z,1.1687,0.5414884686470032,1.1583100429085529,0.6272115313529969,ss450-g5nr.leV120.GRASP.example_20060309_1100Z.polarimeter07.20060309_1100z.zip
20060309,1100Z,1.1629,0.5416684150695801,1.1468853779311086,0.62123158493042,ss450-g5nr.leV120.GRASP.example_20060309_1100Z.polarimeter07.20060309_1100z.zip
20060309,1100Z,1.1616,0.5405515432357788,1.148916258839226,0.6210484567642212,ss450-g5nr.leV120.GRASP.example_20060309_1100Z.polarimeter07.20060309_1100z.zip
20060309,1100Z,1.1758,0.5378537178039551,1.1860962582926182,0.6379462821960449,ss450-g5nr.leV120.GRASP.example_20060309_1100Z.polarimeter07.20060309_1100z.zip
20060309,1100Z,1.1921,0.5333614349365234,1.235069733044862,0.6587385650634765,ss450-g5nr.leV120.GRASP.example_20060309_1100Z.polarimeter07.20060309_1100z.zip
20060309,1100Z,1.2935,0.5340614318847656,1.4220060142427555,0.7594385681152345,ss450-g5nr.leV120.GRASP.example_20060309_1100Z.polarimeter07.20060309_1100z.zip
20060309,1100Z,1.297,0.5357509255409241,1.4209010907269572,0.7612490744590759,ss450-g5nr.leV120.GRASP.example_20060309_1100Z.polarimeter07.20060309_1100z.zip
20060309,1100Z,1.1955,0.5288385152816772,1.260614470115204,0.6666614847183228,ss450-g5nr.leV120.GRASP.example_20060309_1100Z.polarimeter07.20060309_1100z.zip
20060309,1100Z,1.1988,0.5289468765258789,1.2663901673334645,0.6698531234741212,ss450-g5nr.leV120.GRASP.example_20060309_1100Z.polarimeter07.20060309_1100z.zip
20060309,1100Z,1.1938,0.5291345119476318,1.256137093772008,0.6646654880523681,ss450-g5nr.leV120.GRASP.example_20060309_1100Z.polarimeter07.20060309_1100z.zip
20060309,1100Z,1.1884,0.5280321836471558,1.2506203917186198,0.6603678163528441,ss450-g5nr.leV120.GRASP.example_20060309_1100Z.polarimeter07.20060309_1100z.zip
20060309,1100Z,1.2019,0.5254154205322266,1.287523268316943,0.6764845794677734,ss450-g5nr.leV120.GRASP.example_20060309_1100Z.polarimeter07.20060309_1100z.zip
20060309,1100Z,1.217,0.5211102962493896,1.335398108153242,0.6958897037506104,ss450-g5nr.leV120.GRASP.example_20060309_1100Z.polarimeter07.20060309_1100z.zip
20060309,1100Z,1.3184,0.5221139788627625,1.525119137533265,0.7962860211372376,ss450-g5nr.leV120.GRASP.example_20060309_1100Z.polarimeter07.20060309_1100z.zip
20060309,1100Z,1.3219,0.5238113403320312,1.523618521053935,0.7980886596679688,ss450-g5nr.leV120.GRASP.example_20060309_1100Z.polarimeter07.20060309_1100z.zip
20060309,1100Z,1.0776,0.5183993577957153,1.0787062788466024,0.5592006422042846,ss450-g5nr.leV120.GRASP.example_20060309_1100Z.polarimeter07.20060309_1100z.zip
20060309,1100Z,1.0788,0.5185254812240601,1.0805149198325312,0.5602745187759399,ss450-g5nr.leV120.GRASP.example_20060309_1100Z.polarimeter07.20060309_1100z.zip
20060309,1100Z,1.0712,0.518712043762207,1.0651149570976026,0.5524879562377929,ss450-g5nr.leV120.GRASP.example_20060309_1100Z.polarimeter07.20060309_1100z.zip
20060309,1100Z,1.0631,0.5175559520721436,1.0540774301670315,0.5455440479278564,ss450-g5nr.leV120.GRASP.example_20060309_1100Z.polarimeter07.20060309_1100z.zip
20060309,1100Z,1.0725,0.5150984525680542,1.0821262316999536,0.5574015474319458,ss450-g5nr.leV120.GRASP.example_20060309_1100Z.polarimeter07.20060309_1100z.zip
20060309,1100Z,1.084,0.5109831094741821,1.1214008445709107,0.573016890525818,ss450-g5nr.leV120.GRASP.example_20060309_1100Z.polarimeter07.20060309_1100z.zip
20060309,1100Z,1.1748,0.5124409198760986,1.2925569649747155,0.6623590801239014,ss450-g5nr.leV120.GRASP.example_20060309_1100Z.polarimeter07.20060309_1100z.zip
20060309,1100Z,1.1777,0.5141474604606628,1.2905879938506575,0.6635525395393371,ss450-g5nr.leV120.GRASP.example_20060309_1100Z.polarimeter07.20060309_1100z.zip
20060309,1100Z,1.0214,0.5176215767860413,0.973256227729076,0.5037784232139588,ss450-g5nr.leV120.GRASP.example_20060309_1100Z.polarimeter07.20060309_1100z.zip
20060309,1100Z,1.1069,0.519298255443573,1.1315303650587285,0.587601744556427,ss450-g5nr.leV120.GRASP.example_20060309_1100Z.polarimeter07.20060309_1100z.zip
20060309,1100Z,1.1096,0.5209983587265015,1.129757189086435,0.5886016412734985,ss450-g5nr.leV120.GRASP.example_20060309_1100Z.polarimeter07.20060309_1100z.zip
20060309,1100Z,1.0463,0.5457952618598938,0.9170192068625658,0.5005047381401062,ss450-g5nr.leV120.GRASP.example_20060309_1100Z.polarimeter07.20060309_1100z.zip
20060309,1100Z,1.0476,0.5460348129272461,0.9185589914751146,0.501565187072754,ss450-g5nr.leV120.GRASP.example_20060309_1100Z.polarimeter07.20060309_1100z.zip
20060309,1100Z,1.044,0.5429465770721436,0.9228411119742255,0.5010534229278565,ss450-g5nr.leV120.GRASP.example_20060309_1100Z.polarimeter07.20060309_1100z.zip
20060309,1100Z,1.0547,0.5388474464416504,0.9573257829555459,0.5158525535583496,ss450-g5nr.leV120.GRASP.example_20060309_1100Z.polarimeter07.20060309_1100z.zip
20060309,1100Z,1.1435,0.5403913855552673,1.11605889835757,0.6031086144447326,ss450-g5nr.leV120.GRASP.example_20060309_1100Z.polarimeter07.20060309_1100z.zip
20060309,1100Z,1.1462,0.5420925617218018,1.1143990545810556,0.6041074382781983,ss450-g5nr.leV120.GRASP.example_20060309_1100Z.polarimeter07.20060309_1100z.zip
20060309,1100Z,1.0936,0.5659410953521729,0.9323565808902362,0.527658904647827,ss450-g5nr.leV120.GRASP.example_20060309_1100Z.polarimeter07.20060309_1100z.zip
20060309,1100Z,1.0961,0.5661669969558716,0.9360012255985185,0.5299330030441285,ss450-g5nr.leV120.GRASP.example_20060309_1100Z.polarimeter07.20060309_1100z.zip
20060309,1100Z,1.0899,0.5664827823638916,0.9239772750937396,0.5234172176361085,ss450-g5nr.leV120.GRASP.example_20060309_1100Z.polarimeter07.20060309_1100z.zip
20060309,1100Z,1.0862,0.5659778714179993,0.9191563042538002,0.5202221285820008,ss450-g5nr.leV120.GRASP.example_20060309_1100Z.polarimeter07.20060309_1100z.zip
20060309,1100Z,1.0976,0.5633977651596069,0.9481795418358767,0.534202234840393,ss450-g5nr.leV120.GRASP.example_20060309_1100Z.polarimeter07.20060309_1100z.zip
20060309,1100Z,1.1119,0.5592368841171265,0.9882451096825795,0.5526631158828736,ss450-g5nr.leV120.GRASP.example_20060309_1100Z.polarimeter07.20060309_1100z.zip
20060309,1100Z,1.2071,0.5607236623764038,1.1527538090406024,0.6463763376235963,ss450-g5nr.leV120.GRASP.example_20060309_1100Z.polarimeter07.20060309_1100z.zip
20060309,1100Z,1.21,0.5624161958694458,1.1514316424146476,0.6475838041305542,ss450-g5nr.leV120.GRASP.example_20060309_1100Z.polarimeter07.20060309_1100z.zip
20060309,0000Z,4.8486,0.422908216714859,10.464899021503555,4.425691783285141,ss450-g5nr.leV120.GRASP.example_20060309_0000Z.polarimeter07.20060309_0000z.zip
20060309,0000Z,4.481,0.4228331446647644,9.597560897343277,4.0581668553352355,ss450-g5nr.leV120.GRASP.example_20060309_0000Z.polarimeter07.20060309_0000z.zip
20060309,0000Z,4.2013,0.42275166511535645,8.937985693926455,3.7785483348846434,ss450-g5nr.leV120.GRASP.example_20060309_0000Z.polarimeter07.20060309_0000z.zip
20060309,0000Z,3.3698,0.42105746269226074,7.003183172323664,2.9487425373077394,ss450-g5nr.leV120.GRASP.example_20060309_0000Z.polarimeter07.20060309_0000z.zip
20060309,0000Z,3.1558,0.41809290647506714,6.54808309618665,2.737707093524933,ss450-g5nr.leV120.GRASP.example_20060309_0000Z.polarimeter07.20060309_0000z.zip
20060309,0000Z,2.9041,0.4132840037345886,6.026887016573271,2.4908159962654115,ss450-g5nr.leV120.GRASP.example_20060309_0000Z.polarimeter07.20060309_0000z.zip
20060309,0000Z,2.5339,0.4097203016281128,5.184462888294763,2.1241796983718872,ss450-g5nr.leV120.GRASP.example_20060309_0000Z.polarimeter07.20060309_0000z.zip
20060309,0000Z,2.5071,0.41034260392189026,5.109772604740873,2.0967573960781096,ss450-g5nr.leV120.GRASP.example_20060309_0000Z.polarimeter07.20060309_0000z.zip
20060309,1400Z,1.7738,0.40306776762008667,3.4007488132166976,1.3707322323799134,ss450-g5nr.leV120.GRASP.example_20060309_1400Z.polarimeter07.20060309_1400z.zip
20060309,1400Z,1.7849,0.39822882413864136,3.482096452612873,1.3866711758613586,ss450-g5nr.leV120.GRASP.example_20060309_1400Z.polarimeter07.20060309_1400z.zip
20060309,1400Z,1.7806,0.3974829912185669,3.4796885384735576,1.383117008781433,ss450-g5nr.leV120.GRASP.example_20060309_1400Z.polarimeter07.20060309_1400z.zip
20060309,1400Z,1.7875,0.400760293006897,3.4602722155641246,1.3867397069931031,ss450-g5nr.leV120.GRASP.example_20060309_1400Z.polarimeter07.20060309_1400z.zip
20060309,1400Z,1.8153,0.40253281593322754,3.509694435201336,1.4127671840667724,ss450-g5nr.leV120.GRASP.example_20060309_1400Z.polarimeter07.20060309_1400z.zip
20060309,1400Z,1.8471,0.4093804955482483,3.5119394306422365,1.4377195044517517,ss450-g5nr.leV120.GRASP.example_20060309_1400Z.polarimeter07.20060309_1400z.zip
20060309,1400Z,2.0007,0.3875455856323242,4.162489457170911,1.613154414367676,ss450-g5nr.leV120.GRASP.example_20060309_1400Z.polarimeter07.20060309_1400z.zip
20060309,1400Z,2.0109,0.37744569778442383,4.327653783852413,1.633454302215576,ss450-g5nr.leV120.GRASP.example_20060309_1400Z.polarimeter07.20060309_1400z.zip
20060309,1400Z,1.0487,0.4981004595756531,1.1053985794219492,0.5505995404243469,ss450-g5nr.leV120.GRASP.example_20060309_1400Z.polarimeter07.20060309_1400z.zip
20060309,1400Z,1.0501,0.4876883625984192,1.1532193108013356,0.5624116374015808,ss450-g5nr.leV120.GRASP.example_20060309_1400Z.polarimeter07.20060309_1400z.zip
20060309,1400Z,1.0746,0.4844587445259094,1.218145532808169,0.5901412554740906,ss450-g5nr.leV120.GRASP.example_20060309_1400Z.polarimeter07.20060309_1400z.zip
20060309,1400Z,1.0767,0.47431886196136475,1.2699919534039144,0.6023811380386352,ss450-g5nr.leV120.GRASP.example_20060309_1400Z.polarimeter07.20060309_1400z.zip
20060309,1400Z,1.0607,0.4695688784122467,1.2588805365179758,0.5911311215877533,ss450-g5nr.leV120.GRASP.example_20060309_1400Z.polarimeter07.20060309_1400z.zip
20060309,1400Z,1.0629,0.4597214460372925,1.3120522419869396,0.6031785539627075,ss450-g5nr.leV120.GRASP.example_20060309_1400Z.polarimeter07.20060309_1400z.zip
20060309,1400Z,1.0434,0.45587754249572754,1.2887725380983837,0.5875224575042726,ss450-g5nr.leV120.GRASP.example_20060309_1400Z.polarimeter07.20060309_1400z.zip
20060309,1400Z,1.0471,0.44633275270462036,1.3460075328439156,0.6007672472953796,ss450-g5nr.leV120.GRASP.example_20060309_1400Z.polarimeter07.20060309_1400z.zip
20060309,1400Z,0.89085,0.3858022391796112,1.3090845763216594,0.5050477608203888,ss450-g5nr.leV120.GRASP.example_20060309_1400Z.polarimeter07.20060309_1400z.zip
20060309,1400Z,0.89481,0.3774493634700775,1.3706756100303676,0.5173606365299225,ss450-g5nr.leV120.GRASP.example_20060309_1400Z.polarimeter07.20060309_1400z.zip
20060309,1400Z,0.96128,0.4300187826156616,1.2354372387011856,0.5312612173843384,ss450-g5nr.leV120.GRASP.example_20060309_1400Z.polarimeter07.20060309_1400z.zip
20060309,1400Z,0.96565,0.42068588733673096,1.29541809950725,0.544964112663269,ss450-g5nr.leV120.GRASP.example_20060309_1400Z.polarimeter07.20060309_1400z.zip
20060309,1400Z,1.0113,0.41974806785583496,1.40930233500762,0.5915519321441651,ss450-g5nr.leV120.GRASP.example_20060309_1400Z.polarimeter07.20060309_1400z.zip
20060309,1400Z,1.0171,0.4106411933898926,1.4768581826964722,0.6064588066101073,ss450-g5nr.leV120.GRASP.example_20060309_1400Z.polarimeter07.20060309_1400z.zip
20060309,1400Z,1.0087,0.4113400876522064,1.4522287768190232,0.5973599123477935,ss450-g5nr.leV120.GRASP.example_20060309_1400Z.polarimeter07.20060309_1400z.zip
20060309,1400Z,1.0154,0.40238410234451294,1.5234595355127516,0.6130158976554871,ss450-g5nr.leV120.GRASP.example_20060309_1400Z.polarimeter07.20060309_1400z.zip
20060309,1400Z,1.0083,0.4065553545951843,1.4801050794275858,0.6017446454048156,ss450-g5nr.leV120.GRASP.example_20060309_1400Z.polarimeter07.20060309_1400z.zip
20060309,1400Z,1.0155,0.3977046608924866,1.5534023104509833,0.6177953391075135,ss450-g5nr.leV120.GRASP.example_20060309_1400Z.polarimeter07.20060309_1400z.zip
20060309,1400Z,1.0166,0.4028455317020416,1.52354791104376,0.6137544682979583,ss450-g5nr.leV120.GRASP.example_20060309_1400Z.polarimeter07.20060309_1400z.zip
20060309,1400Z,1.0231,0.3941326439380646,1.5958265973035552,0.6289673560619353,ss450-g5nr.leV120.GRASP.example_20060309_1400Z.polarimeter07.20060309_1400z.zip
20060309,1400Z,0.93367,0.4200705289840698,1.222650568365407,0.5135994710159302,ss450-g5nr.leV120.GRASP.example_20060309_1400Z.polarimeter07.20060309_1400z.zip
20060309,1400Z,1.034,0.39830732345581055,1.5959854090272965,0.6356926765441895,ss450-g5nr.leV120.GRASP.example_20060309_1400Z.polarimeter07.20060309_1400z.zip
20060309,1400Z,1.0392,0.38974666595458984,1.666347375813291,0.6494533340454101,ss450-g5nr.leV120.GRASP.example_20060309_1400Z.polarimeter07.20060309_1400z.zip
20060309,1400Z,0.96434,0.39445310831069946,1.4447519354833347,0.5698868916893005,ss450-g5nr.leV120.GRASP.example_20060309_1400Z.polarimeter07.20060309_1400z.zip
20060309,1400Z,0.96899,0.38595956563949585,1.5105997784884069,0.5830304343605042,ss450-g5nr.leV120.GRASP.example_20060309_1400Z.polarimeter07.20060309_1400z.zip
20060309,1400Z,0.901,0.3889577388763428,1.3164470325308155,0.5120422611236572,ss450-g5nr.leV120.GRASP.example_20060309_1400Z.polarimeter07.20060309_1400z.zip
20060309,1400Z,0.91608,0.40802279114723206,1.2451687010528762,0.508057208852768,ss450-g5nr.leV120.GRASP.example_20060309_1400Z.polarimeter07.20060309_1400z.zip
20060309,1400Z,0.93442,0.4279552400112152,1.1834526432612722,0.5064647599887848,ss450-g5nr.leV120.GRASP.example_20060309_1400Z.polarimeter07.20060309_1400z.zip
20060309,1400Z,1.0128,0.4497391879558563,1.251971869748229,0.5630608120441436,ss450-g5nr.leV120.GRASP.example_20060309_1400Z.polarimeter07.20060309_1400z.zip
20060309,1400Z,1.0185,0.43962034583091736,1.3167717546715316,0.5788796541690826,ss450-g5nr.leV120.GRASP.example_20060309_1400Z.polarimeter07.20060309_1400z.zip
20060309,1400Z,1.0542,0.45920035243034363,1.2957299453726188,0.5949996475696564,ss450-g5nr.leV120.GRASP.example_20060309_1400Z.polarimeter07.20060309_1400z.zip
20060309,1400Z,1.0579,0.44888296723365784,1.3567390104363874,0.6090170327663422,ss450-g5nr.leV120.GRASP.example_20060309_1400Z.polarimeter07.20060309_1400z.zip
20060309,1400Z,1.0883,0.4676409661769867,1.3272127095642736,0.6206590338230134,ss450-g5nr.leV120.GRASP.example_20060309_1400Z.polarimeter07.20060309_1400z.zip
20060309,1400Z,1.0935,0.45721912384033203,1.3916322458591364,0.6362808761596679,ss450-g5nr.leV120.GRASP.example_20060309_1400Z.polarimeter07.20060309_1400z.zip
20060309,1400Z,1.0976,0.47696685791015625,1.301208106595006,0.6206331420898437,ss450-g5nr.leV120.GRASP.example_20060309_1400Z.polarimeter07.20060309_1400z.zip
20060309,1400Z,1.1023,0.4663774371147156,1.3635362954509003,0.6359225628852845,ss450-g5nr.leV120.GRASP.example_20060309_1400Z.polarimeter07.20060309_1400z.zip
20060309,1400Z,1.0767,0.4877631962299347,1.2074236193344048,0.5889368037700653,ss450-g5nr.leV120.GRASP.example_20060309_1400Z.polarimeter07.20060309_1400z.zip
20060309,1400Z,1.0816,0.47703054547309875,1.267360046990942,0.6045694545269011,ss450-g5nr.leV120.GRASP.example_20060309_1400Z.polarimeter07.20060309_1400z.zip
20060309,1400Z,1.0329,0.5062925815582275,1.040124697899032,0.5266074184417724,ss450-g5nr.leV120.GRASP.example_20060309_1400Z.polarimeter07.20060309_1400z.zip
20060309,1400Z,1.0368,0.4952579736709595,1.0934544320710549,0.5415420263290405,ss450-g5nr.leV120.GRASP.example_20060309_1400Z.polarimeter07.20060309_1400z.zip
20060304,0600Z,1.2159,0.6205952167510986,0.9592481011461929,0.5953047832489013,ss450-g5nr.leV120.GRASP.example_20060304_0600Z.polarimeter07.20060304_0600z.zip
20060304,0600Z,1.1913,0.6204383373260498,0.9200941146451975,0.5708616626739502,ss450-g5nr.leV120.GRASP.example_20060304_0600Z.polarimeter07.20060304_0600z.zip
20060304,0600Z,1.1647,0.6203321218490601,0.877542624309557,0.54436787815094,ss450-g5nr.leV120.GRASP.example_20060304_0600Z.polarimeter07.20060304_0600z.zip
20060304,1400Z,0.93492,0.38343483209609985,1.4382761338846806,0.5514851679039001,ss450-g5nr.leV120.GRASP.example_20060304_1400Z.polarimeter07.20060304_1400z.zip
20060304,1400Z,0.9388,0.3759384751319885,1.4972171301976898,0.5628615248680114,ss450-g5nr.leV120.GRASP.example_20060304_1400Z.polarimeter07.20060304_1400z.zip
20060304,1400Z,0.9127,0.4112918972969055,1.2191052291534334,0.5014081027030944,ss450-g5nr.leV120.GRASP.example_20060304_1400Z.polarimeter07.20060304_1400z.zip
20060304,1400Z,0.91602,0.40329134464263916,1.271360425083497,0.5127286553573608,ss450-g5nr.leV120.GRASP.example_20060304_1400Z.polarimeter07.20060304_1400z.zip
20060304,1400Z,0.93242,0.42113155126571655,1.2140825050927653,0.5112884487342835,ss450-g5nr.leV120.GRASP.example_20060304_1400Z.polarimeter07.20060304_1400z.zip
20060304,1400Z,1.0233,0.43767279386520386,1.3380479991981407,0.5856272061347962,ss450-g5nr.leV120.GRASP.example_20060304_1400Z.polarimeter07.20060304_1400z.zip
20060304,1400Z,1.0291,0.42909741401672363,1.3982899136276123,0.6000025859832763,ss450-g5nr.leV120.GRASP.example_20060304_1400Z.polarimeter07.20060304_1400z.zip
20060304,1400Z,1.0458,0.4448493421077728,1.3509082761476492,0.6009506578922272,ss450-g5nr.leV120.GRASP.example_20060304_1400Z.polarimeter07.20060304_1400z.zip
20060304,1400Z,1.0503,0.4361000061035156,1.4083925368042618,0.6141999938964844,ss450-g5nr.leV120.GRASP.example_20060304_1400Z.polarimeter07.20060304_1400z.zip
20060304,1400Z,1.0684,0.44996750354766846,1.3743936874917375,0.6184324964523316,ss450-g5nr.leV120.GRASP.example_20060304_1400Z.polarimeter07.20060304_1400z.zip
20060304,1400Z,1.073,0.441137433052063,1.4323485598950851,0.631862566947937,ss450-g5nr.leV120.GRASP.example_20060304_1400Z.polarimeter07.20060304_1400z.zip
20060304,1400Z,1.0605,0.45258545875549316,1.3432038733991438,0.6079145412445068,ss450-g5nr.leV120.GRASP.example_20060304_1400Z.polarimeter07.20060304_1400z.zip
20060304,1400Z,1.0652,0.4437037706375122,1.4007008064626627,0.6214962293624877,ss450-g5nr.leV120.GRASP.example_20060304_1400Z.polarimeter07.20060304_1400z.zip
20060304,1400Z,1.0584,0.4529784619808197,1.3365349323050495,0.6054215380191803,ss450-g5nr.leV120.GRASP.example_20060304_1400Z.polarimeter07.20060304_1400z.zip
20060304,1400Z,1.0628,0.4440611004829407,1.3933643339714894,0.6187388995170593,ss450-g5nr.leV120.GRASP.example_20060304_1400Z.polarimeter07.20060304_1400z.zip
20060304,1400Z,1.0486,0.4552195370197296,1.303503946392689,0.5933804629802704,ss450-g5nr.leV120.GRASP.example_20060304_1400Z.polarimeter07.20060304_1400z.zip
20060304,1400Z,1.0528,0.4462198317050934,1.3593751895272,0.6065801682949066,ss450-g5nr.leV120.GRASP.example_20060304_1400Z.polarimeter07.20060304_1400z.zip
20060304,1400Z,1.0409,0.46233972907066345,1.251374767408124,0.5785602709293365,ss450-g5nr.leV120.GRASP.example_20060304_1400Z.polarimeter07.20060304_1400z.zip
20060304,1400Z,1.0447,0.45317915081977844,1.305269335780761,0.5915208491802215,ss450-g5nr.leV120.GRASP.example_20060304_1400Z.polarimeter07.20060304_1400z.zip
20060304,1400Z,1.0294,0.46892237663269043,1.1952460605358037,0.5604776233673097,ss450-g5nr.leV120.GRASP.example_20060304_1400Z.polarimeter07.20060304_1400z.zip
20060304,1400Z,1.0326,0.4596182107925415,1.2466472732214826,0.5729817892074585,ss450-g5nr.leV120.GRASP.example_20060304_1400Z.polarimeter07.20060304_1400z.zip
20060304,1400Z,1.0169,0.4736655354499817,1.1468735297237662,0.5432344645500182,ss450-g5nr.leV120.GRASP.example_20060304_1400Z.polarimeter07.20060304_1400z.zip
20060304,1400Z,1.0203,0.46423816680908203,1.1977943067735712,0.556061833190918,ss450-g5nr.leV120.GRASP.example_20060304_1400Z.polarimeter07.20060304_1400z.zip
20060304,1400Z,1.0053,0.4828314483165741,1.0820930440737642,0.522468551683426,ss450-g5nr.leV120.GRASP.example_20060304_1400Z.polarimeter07.20060304_1400z.zip
20060304,1400Z,1.0082,0.47319912910461426,1.1306040903069972,0.5350008708953857,ss450-g5nr.leV120.GRASP.example_20060304_1400Z.polarimeter07.20060304_1400z.zip
20060304,1400Z,1.0075,0.49427568912506104,1.0383361394597816,0.513224310874939,ss450-g5nr.leV120.GRASP.example_20060304_1400Z.polarimeter07.20060304_1400z.zip
20060304,1400Z,1.0104,0.48440462350845337,1.0858595293369808,0.5259953764915466,ss450-g5nr.leV120.GRASP.example_20060304_1400Z.polarimeter07.20060304_1400z.zip
20060304,1400Z,1.0145,0.5006499290466309,1.0263660117397295,0.5138500709533691,ss450-g5nr.leV120.GRASP.example_20060304_1400Z.polarimeter07.20060304_1400z.zip
20060304,1400Z,1.0172,0.4906441271305084,1.0731930614333653,0.5265558728694917,ss450-g5nr.leV120.GRASP.example_20060304_1400Z.polarimeter07.20060304_1400z.zip
20060304,1400Z,1.0237,0.4999365210533142,1.0476599665957005,0.5237634789466858,ss450-g5nr.leV120.GRASP.example_20060304_1400Z.polarimeter07.20060304_1400z.zip
20060304,1400Z,1.0265,0.4899331033229828,1.0951840017295007,0.5365668966770172,ss450-g5nr.leV120.GRASP.example_20060304_1400Z.polarimeter07.20060304_1400z.zip
20060304,1400Z,1.0274,0.5020691156387329,1.0463318057175068,0.5253308843612672,ss450-g5nr.leV120.GRASP.example_20060304_1400Z.polarimeter07.20060304_1400z.zip
20060304,1400Z,1.0294,0.4920296370983124,1.0921503957988528,0.5373703629016877,ss450-g5nr.leV120.GRASP.example_20060304_1400Z.polarimeter07.20060304_1400z.zip
20060304,1400Z,1.0425,0.5089013576507568,1.048530593065219,0.5335986423492431,ss450-g5nr.leV120.GRASP.example_20060304_1400Z.polarimeter07.20060304_1400z.zip
20060304,1400Z,1.0449,0.49875548481941223,1.0950145548340866,0.5461445151805877,ss450-g5nr.leV120.GRASP.example_20060304_1400Z.polarimeter07.20060304_1400z.zip
20060304,1400Z,1.048,0.514887273311615,1.0353969777880678,0.533112726688385,ss450-g5nr.leV120.GRASP.example_20060304_1400Z.polarimeter07.20060304_1400z.zip
20060304,1400Z,1.0512,0.5046511888504028,1.083022933909335,0.5465488111495971,ss450-g5nr.leV120.GRASP.example_20060304_1400Z.polarimeter07.20060304_1400z.zip
20060304,1400Z,1.04,0.5168231725692749,1.0122936725725056,0.5231768274307251,ss450-g5nr.leV120.GRASP.example_20060304_1400Z.polarimeter07.20060304_1400z.zip
20060304,1400Z,1.0425,0.5065728425979614,1.0579468781893901,0.5359271574020386,ss450-g5nr.leV120.GRASP.example_20060304_1400Z.polarimeter07.20060304_1400z.zip
20060304,1400Z,1.0423,0.5181220769882202,1.0116880679139586,0.5241779230117798,ss450-g5nr.leV120.GRASP.example_20060304_1400Z.polarimeter07.20060304_1400z.zip
20060304,1400Z,1.0443,0.5078840851783752,1.0561778375733684,0.5364159148216248,ss450-g5nr.leV120.GRASP.example_20060304_1400Z.polarimeter07.20060304_1400z.zip
20060304,1400Z,1.0428,0.5228971242904663,0.994273732935526,0.5199028757095336,ss450-g5nr.leV120.GRASP.example_20060304_1400Z.polarimeter07.20060304_1400z.zip
20060304,1400Z,1.0448,0.5125861763954163,1.0382914095483262,0.5322138236045837,ss450-g5nr.leV120.GRASP.example_20060304_1400Z.polarimeter07.20060304_1400z.zip
20060304,1100Z,1.1674,0.6441301107406616,0.8123667571721643,0.5232698892593384,ss450-g5nr.leV120.GRASP.example_20060304_1100Z.polarimeter07.20060304_1100z.zip
20060304,1100Z,1.144,0.6437737941741943,0.7770216966775955,0.5002262058258056,ss450-g5nr.leV120.GRASP.example_20060304_1100Z.polarimeter07.20060304_1100z.zip
20060304,1100Z,1.0657,0.4435519576072693,1.4026497498712303,0.6221480423927308,ss450-g5nr.leV120.GRASP.example_20060304_1100Z.polarimeter07.20060304_1100z.zip
20060304,1100Z,1.043,0.4434647560119629,1.351934366508855,0.599535243988037,ss450-g5nr.leV120.GRASP.example_20060304_1100Z.polarimeter07.20060304_1100z.zip
20060304,1100Z,1.0111,0.44332781434059143,1.2807050838980554,0.5677721856594087,ss450-g5nr.leV120.GRASP.example_20060304_1100Z.polarimeter07.20060304_1100z.zip
20060307,1400Z,0.98668,0.34081143140792847,1.8950906837951984,0.6458685685920715,ss450-g5nr.leV120.GRASP.example_20060307_1400Z.polarimeter07.20060307_1400z.zip
20060307,1400Z,0.99474,0.33630239963531494,1.9578736312280027,0.658437600364685,ss450-g5nr.leV120.GRASP.example_20060307_1400Z.polarimeter07.20060307_1400z.zip
20060307,1400Z,0.99513,0.33505794405937195,1.9700235963474542,0.660072055940628,ss450-g5nr.leV120.GRASP.example_20060307_1400Z.polarimeter07.20060307_1400z.zip
20060307,1400Z,1.01,0.33574241399765015,2.0082585872128416,0.6742575860023499,ss450-g5nr.leV120.GRASP.example_20060307_1400Z.polarimeter07.20060307_1400z.zip
20060307,1400Z,1.0337,0.33617129921913147,2.0749204420517415,0.6975287007808686,ss450-g5nr.leV120.GRASP.example_20060307_1400Z.polarimeter07.20060307_1400z.zip
20060307,1400Z,1.0634,0.3410923182964325,2.1176310428540135,0.7223076817035674,ss450-g5nr.leV120.GRASP.example_20060307_1400Z.polarimeter07.20060307_1400z.zip
20060307,1400Z,1.1761,0.3231357932090759,2.6396463181008163,0.852964206790924,ss450-g5nr.leV120.GRASP.example_20060307_1400Z.polarimeter07.20060307_1400z.zip
20060307,1400Z,1.1823,0.3147694766521454,2.7560821099136317,0.8675305233478545,ss450-g5nr.leV120.GRASP.example_20060307_1400Z.polarimeter07.20060307_1400z.zip
20060307,1400Z,0.95986,0.35077181458473206,1.7364228255806378,0.609088185415268,ss450-g5nr.leV120.GRASP.example_20060307_1400Z.polarimeter07.20060307_1400z.zip
20060307,1400Z,0.95384,0.3462234139442444,1.7549840986595027,0.6076165860557556,ss450-g5nr.leV120.GRASP.example_20060307_1400Z.polarimeter07.20060307_1400z.zip
20060307,1400Z,0.93816,0.345081090927124,1.718665335963382,0.593078909072876,ss450-g5nr.leV120.GRASP.example_20060307_1400Z.polarimeter07.20060307_1400z.zip
20060307,1400Z,0.86564,0.34624096751213074,1.5001085406500079,0.5193990324878692,ss450-g5nr.leV120.GRASP.example_20060307_1400Z.polarimeter07.20060307_1400z.zip
20060307,1400Z,0.9729,0.38565701246261597,1.5227079206664471,0.587242987537384,ss450-g5nr.leV120.GRASP.example_20060307_1400Z.polarimeter07.20060307_1400z.zip
20060307,1400Z,0.98092,0.3810039162635803,1.574566712121129,0.5999160837364197,ss450-g5nr.leV120.GRASP.example_20060307_1400Z.polarimeter07.20060307_1400z.zip
20060307,1400Z,0.98142,0.38026607036590576,1.5808771186333879,0.6011539296340942,ss450-g5nr.leV120.GRASP.example_20060307_1400Z.polarimeter07.20060307_1400z.zip
20060307,1400Z,0.99667,0.3832273483276367,1.6007277516841152,0.6134426516723632,ss450-g5nr.leV120.GRASP.example_20060307_1400Z.polarimeter07.20060307_1400z.zip
20060307,1400Z,1.0207,0.38476046919822693,1.6528193037267032,0.635939530801773,ss450-g5nr.leV120.GRASP.example_20060307_1400Z.polarimeter07.20060307_1400z.zip
20060307,1400Z,1.0493,0.39147859811782837,1.680350867314025,0.6578214018821715,ss450-g5nr.leV120.GRASP.example_20060307_1400Z.polarimeter07.20060307_1400z.zip
20060307,1400Z,1.1539,0.37323081493377686,2.091652548047885,0.7806691850662231,ss450-g5nr.leV120.GRASP.example_20060307_1400Z.polarimeter07.20060307_1400z.zip
20060307,1400Z,1.1596,0.3639083206653595,2.1865168619388,0.7956916793346405,ss450-g5nr.leV120.GRASP.example_20060307_1400Z.polarimeter07.20060307_1400z.zip
20060307,1400Z,0.9186,0.4143841564655304,1.2167835948052508,0.5042158435344696,ss450-g5nr.leV120.GRASP.example_20060307_1400Z.polarimeter07.20060307_1400z.zip
20060307,1400Z,1.0123,0.395095556974411,1.5621649804215925,0.617204443025589,ss450-g5nr.leV120.GRASP.example_20060307_1400Z.polarimeter07.20060307_1400z.zip
20060307,1400Z,1.0161,0.3852800130844116,1.6373026512989164,0.6308199869155884,ss450-g5nr.leV120.GRASP.example_20060307_1400Z.polarimeter07.20060307_1400z.zip
20060307,1400Z,0.91502,0.4131620526313782,1.2146758013528842,0.5018579473686218,ss450-g5nr.leV120.GRASP.example_20060307_1400Z.polarimeter07.20060307_1400z.zip
20060307,1400Z,0.91575,0.40282946825027466,1.2732944637283883,0.5129205317497253,ss450-g5nr.leV120.GRASP.example_20060307_1400Z.polarimeter07.20060307_1400z.zip
20060307,1400Z,0.94646,0.4190257787704468,1.2587154489091599,0.5274342212295532,ss450-g5nr.leV120.GRASP.example_20060307_1400Z.polarimeter07.20060307_1400z.zip
20060307,1400Z,0.9477,0.40851670503616333,1.3198561731180767,0.5391832949638367,ss450-g5nr.leV120.GRASP.example_20060307_1400Z.polarimeter07.20060307_1400z.zip
20060307,1400Z,0.95676,0.4338357448577881,1.2053507838862545,0.522924255142212,ss450-g5nr.leV120.GRASP.example_20060307_1400Z.polarimeter07.20060307_1400z.zip
20060307,1400Z,0.96516,0.42875123023986816,1.251095581603425,0.5364087697601319,ss450-g5nr.leV120.GRASP.example_20060307_1400Z.polarimeter07.20060307_1400z.zip
20060307,1400Z,0.96623,0.42810744047164917,1.2569801611845317,0.5381225595283509,ss450-g5nr.leV120.GRASP.example_20060307_1400Z.polarimeter07.20060307_1400z.zip
20060307,1400Z,0.98539,0.43177327513694763,1.282193124823344,0.5536167248630524,ss450-g5nr.leV120.GRASP.example_20060307_1400Z.polarimeter07.20060307_1400z.zip
20060307,1400Z,1.0145,0.4334672689437866,1.3404304608096338,0.5810327310562133,ss450-g5nr.leV120.GRASP.example_20060307_1400Z.polarimeter07.20060307_1400z.zip
20060307,1400Z,1.0517,0.44078168272972107,1.3859884410053458,0.610918317270279,ss450-g5nr.leV120.GRASP.example_20060307_1400Z.polarimeter07.20060307_1400z.zip
20060307,1400Z,1.1698,0.4196072816848755,1.787844851745252,0.7501927183151245,ss450-g5nr.leV120.GRASP.example_20060307_1400Z.polarimeter07.20060307_1400z.zip
20060307,1400Z,1.1734,0.4090898633003235,1.8683184436143718,0.7643101366996765,ss450-g5nr.leV120.GRASP.example_20060307_1400Z.polarimeter07.20060307_1400z.zip
20060307,1400Z,1.0064,0.4332306683063507,1.3230119047997397,0.5731693316936493,ss450-g5nr.leV120.GRASP.example_20060307_1400Z.polarimeter07.20060307_1400z.zip
20060307,1400Z,1.0151,0.42805635929107666,1.3714167024201032,0.5870436407089232,ss450-g5nr.leV120.GRASP.example_20060307_1400Z.polarimeter07.20060307_1400z.zip
20060307,1400Z,1.0161,0.42722445726394653,1.3783750736260778,0.5888755427360535,ss450-g5nr.leV120.GRASP.example_20060307_1400Z.polarimeter07.20060307_1400z.zip
20060307,1400Z,1.035,0.43015149235725403,1.4061290461370772,0.6048485076427459,ss450-g5nr.leV120.GRASP.example_20060307_1400Z.polarimeter07.20060307_1400z.zip
20060307,1400Z,1.064,0.4314235746860504,1.466253729352364,0.6325764253139496,ss450-g5nr.leV120.GRASP.example_20060307_1400Z.polarimeter07.20060307_1400z.zip
20060307,1400Z,1.1012,0.43823307752609253,1.5128180789466632,0.6629669224739074,ss450-g5nr.leV120.GRASP.example_20060307_1400Z.polarimeter07.20060307_1400z.zip
20060307,1400Z,1.2234,0.41673630475997925,1.935669357400051,0.8066636952400208,ss450-g5nr.leV120.GRASP.example_20060307_1400Z.polarimeter07.20060307_1400z.zip
20060307,1400Z,1.2302,0.4062923789024353,2.0278687562963444,0.8239076210975647,ss450-g5nr.leV120.GRASP.example_20060307_1400Z.polarimeter07.20060307_1400z.zip
20060307,1400Z,0.99499,0.431810200214386,1.3042299591487312,0.563179799785614,ss450-g5nr.leV120.GRASP.example_20060307_1400Z.polarimeter07.20060307_1400z.zip
20060307,1400Z,1.0036,0.42654865980148315,1.3528382446848575,0.5770513401985169,ss450-g5nr.leV120.GRASP.example_20060307_1400Z.polarimeter07.20060307_1400z.zip
20060307,1400Z,1.0045,0.4255364239215851,1.360549987103107,0.5789635760784149,ss450-g5nr.leV120.GRASP.example_20060307_1400Z.polarimeter07.20060307_1400z.zip
20060307,1400Z,1.0228,0.42778486013412476,1.3909214544884037,0.5950151398658752,ss450-g5nr.leV120.GRASP.example_20060307_1400Z.polarimeter07.20060307_1400z.zip
20060307,1400Z,1.051,0.42868804931640625,1.4516661980102865,0.6223119506835937,ss450-g5nr.leV120.GRASP.example_20060307_1400Z.polarimeter07.20060307_1400z.zip
20060307,1400Z,1.087,0.4350624680519104,1.498491779507632,0.6519375319480896,ss450-g5nr.leV120.GRASP.example_20060307_1400Z.polarimeter07.20060307_1400z.zip
20060307,1400Z,1.2067,0.4132823348045349,1.919795738597727,0.7934176651954652,ss450-g5nr.leV120.GRASP.example_20060307_1400Z.polarimeter07.20060307_1400z.zip
20060307,1400Z,1.2138,0.402901291847229,2.0126485681764588,0.810898708152771,ss450-g5nr.leV120.GRASP.example_20060307_1400Z.polarimeter07.20060307_1400z.zip
20060307,1400Z,0.94113,0.4289688467979431,1.1939355433969308,0.5121611532020569,ss450-g5nr.leV120.GRASP.example_20060307_1400Z.polarimeter07.20060307_1400z.zip
20060307,1400Z,0.94203,0.4279468059539795,1.2012782591051843,0.5140831940460205,ss450-g5nr.leV120.GRASP.example_20060307_1400Z.polarimeter07.20060307_1400z.zip
20060307,1400Z,0.95969,0.43029969930648804,1.2302827576843018,0.529390300693512,ss450-g5nr.leV120.GRASP.example_20060307_1400Z.polarimeter07.20060307_1400z.zip
20060307,1400Z,0.98684,0.43132054805755615,1.2879503525723852,0.5555194519424439,ss450-g5nr.leV120.GRASP.example_20060307_1400Z.polarimeter07.20060307_1400z.zip
20060307,1400Z,1.0217,0.43794071674346924,1.3329641682951283,0.5837592832565308,ss450-g5nr.leV120.GRASP.example_20060307_1400Z.polarimeter07.20060307_1400z.zip
20060307,1400Z,1.1353,0.41649848222732544,1.7258202573241352,0.7188015177726745,ss450-g5nr.leV120.GRASP.example_20060307_1400Z.polarimeter07.20060307_1400z.zip
20060307,1400Z,1.1412,0.40607577562332153,1.8103129231195125,0.7351242243766785,ss450-g5nr.leV120.GRASP.example_20060307_1400Z.polarimeter07.20060307_1400z.zip
20060307,1400Z,0.94662,0.4335988759994507,1.1831698659689314,0.5130211240005493,ss450-g5nr.leV120.GRASP.example_20060307_1400Z.polarimeter07.20060307_1400z.zip
20060307,1400Z,0.94763,0.4325731098651886,1.1906817099549458,0.5150568901348114,ss450-g5nr.leV120.GRASP.example_20060307_1400Z.polarimeter07.20060307_1400z.zip
20060307,1400Z,0.96603,0.43501168489456177,1.2206989686590755,0.5310183151054383,ss450-g5nr.leV120.GRASP.example_20060307_1400Z.polarimeter07.20060307_1400z.zip
20060307,1400Z,0.99408,0.4360975921154022,1.2794897701176524,0.5579824078845977,ss450-g5nr.leV120.GRASP.example_20060307_1400Z.polarimeter07.20060307_1400z.zip
20060307,1400Z,1.0301,0.44290691614151,1.3257708616834516,0.58719308385849,ss450-g5nr.leV120.GRASP.example_20060307_1400Z.polarimeter07.20060307_1400z.zip
20060307,1400Z,1.1451,0.4217356741428375,1.71520781903825,0.7233643258571625,ss450-g5nr.leV120.GRASP.example_20060307_1400Z.polarimeter07.20060307_1400z.zip
20060307,1400Z,1.1502,0.411251962184906,1.7968255613643735,0.7389480378150939,ss450-g5nr.leV120.GRASP.example_20060307_1400Z.polarimeter07.20060307_1400z.zip
20060307,1400Z,0.98477,0.432388037443161,1.2775144424051086,0.552381962556839,ss450-g5nr.leV120.GRASP.example_20060307_1400Z.polarimeter07.20060307_1400z.zip
20060307,1400Z,0.99336,0.4270365238189697,1.3261710523409642,0.5663234761810303,ss450-g5nr.leV120.GRASP.example_20060307_1400Z.polarimeter07.20060307_1400z.zip
20060307,1400Z,0.9944,0.425898939371109,1.3348261948441362,0.5685010606288909,ss450-g5nr.leV120.GRASP.example_20060307_1400Z.polarimeter07.20060307_1400z.zip
20060307,1400Z,1.0134,0.4279075860977173,1.3682683666388176,0.5854924139022828,ss450-g5nr.leV120.GRASP.example_20060307_1400Z.polarimeter07.20060307_1400z.zip
20060307,1400Z,1.0424,0.428811252117157,1.4309063599739738,0.613588747882843,ss450-g5nr.leV120.GRASP.example_20060307_1400Z.polarimeter07.20060307_1400z.zip
20060307,1400Z,1.0797,0.43540000915527344,1.479788647902749,0.6442999908447267,ss450-g5nr.leV120.GRASP.example_20060307_1400Z.polarimeter07.20060307_1400z.zip
20060307,1400Z,1.1996,0.4148743748664856,1.8914776922196122,0.7847256251335144,ss450-g5nr.leV120.GRASP.example_20060307_1400Z.polarimeter07.20060307_1400z.zip
20060307,1400Z,1.2056,0.40463027358055115,1.979510132377668,0.8009697264194489,ss450-g5nr.leV120.GRASP.example_20060307_1400Z.polarimeter07.20060307_1400z.zip
20060307,1400Z,1.0394,0.4168318212032318,1.4935716208029786,0.6225681787967683,ss450-g5nr.leV120.GRASP.example_20060307_1400Z.polarimeter07.20060307_1400z.zip
20060307,1400Z,1.0474,0.41160261631011963,1.5446874205747094,0.6357973836898805,ss450-g5nr.leV120.GRASP.example_20060307_1400Z.polarimeter07.20060307_1400z.zip
20060307,1400Z,1.0472,0.41039350628852844,1.55169729528752,0.6368064937114715,ss450-g5nr.leV120.GRASP.example_20060307_1400Z.polarimeter07.20060307_1400z.zip
20060307,1400Z,1.0609,0.41204333305358887,1.5747291968974126,0.6488566669464111,ss450-g5nr.leV120.GRASP.example_20060307_1400Z.polarimeter07.20060307_1400z.zip
20060307,1400Z,1.086,0.41284435987472534,1.6305312741332811,0.6731556401252747,ss450-g5nr.leV120.GRASP.example_20060307_1400Z.polarimeter07.20060307_1400z.zip
20060307,1400Z,1.1182,0.4192144274711609,1.6673700300472714,0.6989855725288392,ss450-g5nr.leV120.GRASP.example_20060307_1400Z.polarimeter07.20060307_1400z.zip
20060307,1400Z,1.2353,0.3999261260032654,2.088820458781215,0.8353738739967347,ss450-g5nr.leV120.GRASP.example_20060307_1400Z.polarimeter07.20060307_1400z.zip
20060307,1400Z,1.2452,0.3901394307613373,2.191679440271022,0.8550605692386628,ss450-g5nr.leV120.GRASP.example_20060307_1400Z.polarimeter07.20060307_1400z.zip
20060307,1400Z,1.0357,0.4099116325378418,1.526642129153013,0.6257883674621583,ss450-g5nr.leV120.GRASP.example_20060307_1400Z.polarimeter07.20060307_1400z.zip
20060307,1400Z,1.0445,0.40465712547302246,1.5811975972968115,0.6398428745269775,ss450-g5nr.leV120.GRASP.example_20060307_1400Z.polarimeter07.20060307_1400z.zip
20060307,1400Z,1.0453,0.4032558798789978,1.5921506719595901,0.6420441201210021,ss450-g5nr.leV120.GRASP.example_20060307_1400Z.polarimeter07.20060307_1400z.zip
20060307,1400Z,1.0632,0.40412890911102295,1.6308437135535778,0.659071090888977,ss450-g5nr.leV120.GRASP.example_20060307_1400Z.polarimeter07.20060307_1400z.zip
20060307,1400Z,1.0908,0.40453386306762695,1.6964368118118414,0.686266136932373,ss450-g5nr.leV120.GRASP.example_20060307_1400Z.polarimeter07.20060307_1400z.zip
20060307,1400Z,1.126,0.41040921211242676,1.7436031326010915,0.7155907878875731,ss450-g5nr.leV120.GRASP.example_20060307_1400Z.polarimeter07.20060307_1400z.zip
20060307,1400Z,1.25,0.39155399799346924,2.1924077046988772,0.8584460020065308,ss450-g5nr.leV120.GRASP.example_20060307_1400Z.polarimeter07.20060307_1400z.zip
20060307,1400Z,1.2558,0.38204917311668396,2.2870114329928377,0.8737508268833161,ss450-g5nr.leV120.GRASP.example_20060307_1400Z.polarimeter07.20060307_1400z.zip
20060307,1400Z,1.0786,0.4103735089302063,1.6283372988957758,0.6682264910697937,ss450-g5nr.leV120.GRASP.example_20060307_1400Z.polarimeter07.20060307_1400z.zip
20060307,1400Z,1.0877,0.4049859642982483,1.685772090607498,0.6827140357017516,ss450-g5nr.leV120.GRASP.example_20060307_1400Z.polarimeter07.20060307_1400z.zip
20060307,1400Z,1.0885,0.4033091962337494,1.6989218449884507,0.6851908037662506,ss450-g5nr.leV120.GRASP.example_20060307_1400Z.polarimeter07.20060307_1400z.zip
20060307,1400Z,1.107,0.40309709310531616,1.7462366237177922,0.7039029068946838,ss450-g5nr.leV120.GRASP.example_20060307_1400Z.polarimeter07.20060307_1400z.zip
20060307,1400Z,1.1354,0.402870774269104,1.818273432864086,0.732529225730896,ss450-g5nr.leV120.GRASP.example_20060307_1400Z.polarimeter07.20060307_1400z.zip
20060307,1400Z,1.171,0.40803349018096924,1.8698624700650017,0.7629665098190308,ss450-g5nr.leV120.GRASP.example_20060307_1400Z.polarimeter07.20060307_1400z.zip
20060307,1400Z,1.2967,0.38905245065689087,2.332969623531744,0.9076475493431091,ss450-g5nr.leV120.GRASP.example_20060307_1400Z.polarimeter07.20060307_1400z.zip
20060307,1400Z,1.3023,0.37970274686813354,2.4297881981145477,0.9225972531318665,ss450-g5nr.leV120.GRASP.example_20060307_1400Z.polarimeter07.20060307_1400z.zip
20060307,1400Z,1.0601,0.4088866710662842,1.5926499321572367,0.6512133289337159,ss450-g5nr.leV120.GRASP.example_20060307_1400Z.polarimeter07.20060307_1400z.zip
20060307,1400Z,1.0692,0.40349501371383667,1.649846872106055,0.6657049862861633,ss450-g5nr.leV120.GRASP.example_20060307_1400Z.polarimeter07.20060307_1400z.zip
20060307,1400Z,1.0702,0.40178000926971436,1.6636467104105628,0.6684199907302857,ss450-g5nr.leV120.GRASP.example_20060307_1400Z.polarimeter07.20060307_1400z.zip
20060307,1400Z,1.0893,0.4014330506324768,1.7135284408788867,0.6878669493675231,ss450-g5nr.leV120.GRASP.example_20060307_1400Z.polarimeter07.20060307_1400z.zip
20060307,1400Z,1.1186,0.4011515974998474,1.7884720065222364,0.7174484025001526,ss450-g5nr.leV120.GRASP.example_20060307_1400Z.polarimeter07.20060307_1400z.zip
20060307,1400Z,1.1563,0.40624791383743286,1.8462915392661279,0.7500520861625672,ss450-g5nr.leV120.GRASP.example_20060307_1400Z.polarimeter07.20060307_1400z.zip
20060307,1400Z,1.2875,0.3874189853668213,2.3232754424281814,0.9000810146331788,ss450-g5nr.leV120.GRASP.example_20060307_1400Z.polarimeter07.20060307_1400z.zip
20060307,1400Z,1.2931,0.37813854217529297,2.4196461237758724,0.914961457824707,ss450-g5nr.leV120.GRASP.example_20060307_1400Z.polarimeter07.20060307_1400z.zip
20060307,1400Z,1.0717,0.40457791090011597,1.6489335456195637,0.6671220890998841,ss450-g5nr.leV120.GRASP.example_20060307_1400Z.polarimeter07.20060307_1400z.zip
20060307,1400Z,1.0808,0.39929890632629395,1.7067442030928222,0.681501093673706,ss450-g5nr.leV120.GRASP.example_20060307_1400Z.polarimeter07.20060307_1400z.zip
20060307,1400Z,1.0817,0.39770787954330444,1.719835476335387,0.6839921204566957,ss450-g5nr.leV120.GRASP.example_20060307_1400Z.polarimeter07.20060307_1400z.zip
20060307,1400Z,1.1005,0.39782556891441345,1.7662877552165508,0.7026744310855866,ss450-g5nr.leV120.GRASP.example_20060307_1400Z.polarimeter07.20060307_1400z.zip
20060307,1400Z,1.1294,0.3978496789932251,1.8387606164669854,0.7315503210067749,ss450-g5nr.leV120.GRASP.example_20060307_1400Z.polarimeter07.20060307_1400z.zip
20060307,1400Z,1.1664,0.4033079743385315,1.8920826619236124,0.7630920256614686,ss450-g5nr.leV120.GRASP.example_20060307_1400Z.polarimeter07.20060307_1400z.zip
20060307,1400Z,1.2953,0.385381817817688,2.361082282851148,0.9099181821823119,ss450-g5nr.leV120.GRASP.example_20060307_1400Z.polarimeter07.20060307_1400z.zip
20060307,1400Z,1.301,0.37622880935668945,2.458002065882645,0.9247711906433105,ss450-g5nr.leV120.GRASP.example_20060307_1400Z.polarimeter07.20060307_1400z.zip
20060307,1400Z,1.046,0.4060942530632019,1.5757567168457498,0.6399057469367981,ss450-g5nr.leV120.GRASP.example_20060307_1400Z.polarimeter07.20060307_1400z.zip
20060307,1400Z,1.0548,0.40082424879074097,1.631577313953082,0.653975751209259,ss450-g5nr.leV120.GRASP.example_20060307_1400Z.polarimeter07.20060307_1400z.zip
20060307,1400Z,1.0556,0.39925169944763184,1.6439461659410135,0.6563483005523683,ss450-g5nr.leV120.GRASP.example_20060307_1400Z.polarimeter07.20060307_1400z.zip
20060307,1400Z,1.0734,0.3993734121322632,1.6877102165341813,0.6740265878677367,ss450-g5nr.leV120.GRASP.example_20060307_1400Z.polarimeter07.20060307_1400z.zip
20060307,1400Z,1.1008,0.39935481548309326,1.756446040767981,0.7014451845169067,ss450-g5nr.leV120.GRASP.example_20060307_1400Z.polarimeter07.20060307_1400z.zip
20060307,1400Z,1.1358,0.40477415919303894,1.8060091638862028,0.731025840806961,ss450-g5nr.leV120.GRASP.example_20060307_1400Z.polarimeter07.20060307_1400z.zip
20060307,1400Z,1.2603,0.3869152367115021,2.2573025831487867,0.8733847632884979,ss450-g5nr.leV120.GRASP.example_20060307_1400Z.polarimeter07.20060307_1400z.zip
20060307,1400Z,1.2663,0.37776637077331543,2.3520718040830135,0.8885336292266846,ss450-g5nr.leV120.GRASP.example_20060307_1400Z.polarimeter07.20060307_1400z.zip
20060307,1400Z,1.0573,0.41431504487991333,1.5519227772828086,0.6429849551200866,ss450-g5nr.leV120.GRASP.example_20060307_1400Z.polarimeter07.20060307_1400z.zip
20060307,1400Z,1.0664,0.40898746252059937,1.6074148909791799,0.6574125374794006,ss450-g5nr.leV120.GRASP.example_20060307_1400Z.polarimeter07.20060307_1400z.zip
20060307,1400Z,1.0673,0.40741443634033203,1.619691166535972,0.6598855636596679,ss450-g5nr.leV120.GRASP.example_20060307_1400Z.polarimeter07.20060307_1400z.zip
20060307,1400Z,1.0863,0.4074477255344391,1.666108882004746,0.678852274465561,ss450-g5nr.leV120.GRASP.example_20060307_1400Z.polarimeter07.20060307_1400z.zip
20060307,1400Z,1.1154,0.4072616994380951,1.7387795158222186,0.7081383005619049,ss450-g5nr.leV120.GRASP.example_20060307_1400Z.polarimeter07.20060307_1400z.zip
20060307,1400Z,1.1528,0.4125327467918396,1.794444826416878,0.7402672532081604,ss450-g5nr.leV120.GRASP.example_20060307_1400Z.polarimeter07.20060307_1400z.zip
20060307,1400Z,1.2791,0.3942360281944275,2.2445030604082166,0.8848639718055724,ss450-g5nr.leV120.GRASP.example_20060307_1400Z.polarimeter07.20060307_1400z.zip
20060307,1400Z,1.2881,0.3849547505378723,2.3461075573173766,0.9031452494621277,ss450-g5nr.leV120.GRASP.example_20060307_1400Z.polarimeter07.20060307_1400z.zip
20060307,1400Z,1.0444,0.4259498119354248,1.4519320603863395,0.6184501880645752,ss450-g5nr.leV120.GRASP.example_20060307_1400Z.polarimeter07.20060307_1400z.zip
20060307,1400Z,1.0534,0.4205554127693176,1.5047828847653166,0.6328445872306823,ss450-g5nr.leV120.GRASP.example_20060307_1400Z.polarimeter07.20060307_1400z.zip
20060307,1400Z,1.0543,0.41904526948928833,1.5159572885405168,0.6352547305107117,ss450-g5nr.leV120.GRASP.example_20060307_1400Z.polarimeter07.20060307_1400z.zip
20060307,1400Z,1.073,0.41933876276016235,1.5587903988110305,0.6536612372398376,ss450-g5nr.leV120.GRASP.example_20060307_1400Z.polarimeter07.20060307_1400z.zip
20060307,1400Z,1.1017,0.41921380162239075,1.6280146210271067,0.6824861983776092,ss450-g5nr.leV120.GRASP.example_20060307_1400Z.polarimeter07.20060307_1400z.zip
20060307,1400Z,1.1384,0.4246732294559479,1.6806493111383851,0.7137267705440522,ss450-g5nr.leV120.GRASP.example_20060307_1400Z.polarimeter07.20060307_1400z.zip
20060307,1400Z,1.2649,0.40608876943588257,2.1148362013486195,0.8588112305641173,ss450-g5nr.leV120.GRASP.example_20060307_1400Z.polarimeter07.20060307_1400z.zip
20060307,1400Z,1.2702,0.3965815603733063,2.2028720619394098,0.8736184396266937,ss450-g5nr.leV120.GRASP.example_20060307_1400Z.polarimeter07.20060307_1400z.zip
20060307,1400Z,1.0549,0.4330638349056244,1.4358995486886812,0.6218361650943756,ss450-g5nr.leV120.GRASP.example_20060307_1400Z.polarimeter07.20060307_1400z.zip
20060307,1400Z,1.064,0.42763280868530273,1.488115921860905,0.6363671913146973,ss450-g5nr.leV120.GRASP.example_20060307_1400Z.polarimeter07.20060307_1400z.zip
20060307,1400Z,1.0651,0.4261769652366638,1.4991965471632906,0.6389230347633361,ss450-g5nr.leV120.GRASP.example_20060307_1400Z.polarimeter07.20060307_1400z.zip
20060307,1400Z,1.085,0.4267134666442871,1.5426898488405747,0.6582865333557129,ss450-g5nr.leV120.GRASP.example_20060307_1400Z.polarimeter07.20060307_1400z.zip
20060307,1400Z,1.1153,0.4266865849494934,1.6138623508213112,0.6886134150505065,ss450-g5nr.leV120.GRASP.example_20060307_1400Z.polarimeter07.20060307_1400z.zip
20060307,1400Z,1.1542,0.4323420524597168,1.6696454657450694,0.7218579475402831,ss450-g5nr.leV120.GRASP.example_20060307_1400Z.polarimeter07.20060307_1400z.zip
20060307,1400Z,1.2835,0.4136231541633606,2.103066129351843,0.8698768458366395,ss450-g5nr.leV120.GRASP.example_20060307_1400Z.polarimeter07.20060307_1400z.zip
20060307,1400Z,1.2881,0.4039607644081116,2.188676013838474,0.8841392355918885,ss450-g5nr.leV120.GRASP.example_20060307_1400Z.polarimeter07.20060307_1400z.zip
20060307,1400Z,1.0389,0.43296104669570923,1.3995230239041634,0.6059389533042907,ss450-g5nr.leV120.GRASP.example_20060307_1400Z.polarimeter07.20060307_1400z.zip
20060307,1400Z,1.048,0.4276890754699707,1.450378230606882,0.6203109245300293,ss450-g5nr.leV120.GRASP.example_20060307_1400Z.polarimeter07.20060307_1400z.zip
20060307,1400Z,1.0491,0.42654091119766235,1.4595530521428433,0.6225590888023376,ss450-g5nr.leV120.GRASP.example_20060307_1400Z.polarimeter07.20060307_1400z.zip
20060307,1400Z,1.0692,0.42831486463546753,1.4962944046081152,0.6408851353645324,ss450-g5nr.leV120.GRASP.example_20060307_1400Z.polarimeter07.20060307_1400z.zip
20060307,1400Z,1.0997,0.42902547121047974,1.5632510743411956,0.6706745287895202,ss450-g5nr.leV120.GRASP.example_20060307_1400Z.polarimeter07.20060307_1400z.zip
20060307,1400Z,1.1389,0.4355652928352356,1.6147629729323265,0.7033347071647644,ss450-g5nr.leV120.GRASP.example_20060307_1400Z.polarimeter07.20060307_1400z.zip
20060307,1400Z,1.2674,0.4175979495048523,2.034976588134022,0.8498020504951478,ss450-g5nr.leV120.GRASP.example_20060307_1400Z.polarimeter07.20060307_1400z.zip
20060307,1400Z,1.2717,0.4078578054904938,2.1179984369077878,0.8638421945095063,ss450-g5nr.leV120.GRASP.example_20060307_1400Z.polarimeter07.20060307_1400z.zip
20060307,1400Z,1.0401,0.43198859691619873,1.4077024426683387,0.6081114030838013,ss450-g5nr.leV120.GRASP.example_20060307_1400Z.polarimeter07.20060307_1400z.zip
20060307,1400Z,1.0491,0.4267524778842926,1.45833370482373,0.6223475221157073,ss450-g5nr.leV120.GRASP.example_20060307_1400Z.polarimeter07.20060307_1400z.zip
20060307,1400Z,1.0503,0.42563289403915405,1.4676194314610063,0.624667105960846,ss450-g5nr.leV120.GRASP.example_20060307_1400Z.polarimeter07.20060307_1400z.zip
20060307,1400Z,1.0704,0.42748185992240906,1.5039658997326462,0.642918140077591,ss450-g5nr.leV120.GRASP.example_20060307_1400Z.polarimeter07.20060307_1400z.zip
20060307,1400Z,1.1009,0.4282243251800537,1.5708488174675952,0.6726756748199463,ss450-g5nr.leV120.GRASP.example_20060307_1400Z.polarimeter07.20060307_1400z.zip
20060307,1400Z,1.1398,0.434783399105072,1.6215352342018696,0.7050166008949279,ss450-g5nr.leV120.GRASP.example_20060307_1400Z.polarimeter07.20060307_1400z.zip
20060307,1400Z,1.2678,0.4170437455177307,2.0399688608832025,0.8507562544822693,ss450-g5nr.leV120.GRASP.example_20060307_1400Z.polarimeter07.20060307_1400z.zip
20060307,1400Z,1.272,0.4073621928691864,2.1225283599366063,0.8646378071308136,ss450-g5nr.leV120.GRASP.example_20060307_1400Z.polarimeter07.20060307_1400z.zip
20060307,1400Z,1.0497,0.4217023253440857,1.489196613140568,0.6279976746559144,ss450-g5nr.leV120.GRASP.example_20060307_1400Z.polarimeter07.20060307_1400z.zip
20060307,1400Z,1.0587,0.41665515303611755,1.5409502133488004,0.6420448469638824,ss450-g5nr.leV120.GRASP.example_20060307_1400Z.polarimeter07.20060307_1400z.zip
20060307,1400Z,1.0596,0.4156892001628876,1.549019795522223,0.6439107998371125,ss450-g5nr.leV120.GRASP.example_20060307_1400Z.polarimeter07.20060307_1400z.zip
20060307,1400Z,1.0787,0.4180353283882141,1.5804039198291173,0.6606646716117859,ss450-g5nr.leV120.GRASP.example_20060307_1400Z.polarimeter07.20060307_1400z.zip
20060307,1400Z,1.1079,0.41909682750701904,1.6435418435169256,0.6888031724929811,ss450-g5nr.leV120.GRASP.example_20060307_1400Z.polarimeter07.20060307_1400z.zip
20060307,1400Z,1.1455,0.42587295174598694,1.6897693204128081,0.719627048254013,ss450-g5nr.leV120.GRASP.example_20060307_1400Z.polarimeter07.20060307_1400z.zip
20060307,1400Z,1.2705,0.40868425369262695,2.1087569156886286,0.861815746307373,ss450-g5nr.leV120.GRASP.example_20060307_1400Z.polarimeter07.20060307_1400z.zip
20060307,1400Z,1.2784,0.3991953432559967,2.202442166716823,0.8792046567440033,ss450-g5nr.leV120.GRASP.example_20060307_1400Z.polarimeter07.20060307_1400z.zip
20060307,1400Z,0.98521,0.42051124572753906,1.3428862129369663,0.564698754272461,ss450-g5nr.leV120.GRASP.example_20060307_1400Z.polarimeter07.20060307_1400z.zip
20060307,1400Z,0.99365,0.41556116938591003,1.3911040616916952,0.57808883061409,ss450-g5nr.leV120.GRASP.example_20060307_1400Z.polarimeter07.20060307_1400z.zip
20060307,1400Z,0.99451,0.41475850343704224,1.397804967851516,0.5797514965629578,ss450-g5nr.leV120.GRASP.example_20060307_1400Z.polarimeter07.20060307_1400z.zip
20060307,1400Z,1.0124,0.41768181324005127,1.423854637448987,0.5947181867599487,ss450-g5nr.leV120.GRASP.example_20060307_1400Z.polarimeter07.20060307_1400z.zip
20060307,1400Z,1.04,0.4190463423728943,1.4818257429736528,0.6209536576271057,ss450-g5nr.leV120.GRASP.example_20060307_1400Z.polarimeter07.20060307_1400z.zip
20060307,1400Z,1.0755,0.42611217498779297,1.5239832680932204,0.6493878250122069,ss450-g5nr.leV120.GRASP.example_20060307_1400Z.polarimeter07.20060307_1400z.zip
20060307,1400Z,1.1941,0.4088437557220459,1.9206756451279,0.785256244277954,ss450-g5nr.leV120.GRASP.example_20060307_1400Z.polarimeter07.20060307_1400z.zip
20060307,1400Z,1.2013,0.3992874026298523,2.0086098186113577,0.8020125973701477,ss450-g5nr.leV120.GRASP.example_20060307_1400Z.polarimeter07.20060307_1400z.zip
20060307,1400Z,0.92343,0.4205535352230072,1.1957489895081541,0.5028764647769928,ss450-g5nr.leV120.GRASP.example_20060307_1400Z.polarimeter07.20060307_1400z.zip
20060307,1400Z,0.92505,0.4197878837585449,1.2036129097334156,0.5052621162414551,ss450-g5nr.leV120.GRASP.example_20060307_1400Z.polarimeter07.20060307_1400z.zip
20060307,1400Z,0.94654,0.42283159494400024,1.2385744379517327,0.5237084050559998,ss450-g5nr.leV120.GRASP.example_20060307_1400Z.polarimeter07.20060307_1400z.zip
20060307,1400Z,0.97776,0.42420071363449097,1.304946617422428,0.553559286365509,ss450-g5nr.leV120.GRASP.example_20060307_1400Z.polarimeter07.20060307_1400z.zip
20060307,1400Z,1.0131,0.43127065896987915,1.3491048577704354,0.5818293410301207,ss450-g5nr.leV120.GRASP.example_20060307_1400Z.polarimeter07.20060307_1400z.zip
20060307,1400Z,1.1019,0.41328492760658264,1.6661993370562238,0.6886150723934175,ss450-g5nr.leV120.GRASP.example_20060307_1400Z.polarimeter07.20060307_1400z.zip
20060307,1400Z,1.0978,0.4035341739654541,1.7204635216198094,0.694265826034546,ss450-g5nr.leV120.GRASP.example_20060307_1400Z.polarimeter07.20060307_1400z.zip
20060307,1400Z,0.97514,0.4284316301345825,1.2760691121093952,0.5467083698654175,ss450-g5nr.leV120.GRASP.example_20060307_1400Z.polarimeter07.20060307_1400z.zip
20060307,1400Z,0.98369,0.4234391450881958,1.3230965096415745,0.5602508549118042,ss450-g5nr.leV120.GRASP.example_20060307_1400Z.polarimeter07.20060307_1400z.zip
20060307,1400Z,0.98478,0.4227166771888733,1.3296454886732376,0.5620633228111267,ss450-g5nr.leV120.GRASP.example_20060307_1400Z.polarimeter07.20060307_1400z.zip
20060307,1400Z,1.0041,0.42604100704193115,1.3568153849124105,0.5780589929580688,ss450-g5nr.leV120.GRASP.example_20060307_1400Z.polarimeter07.20060307_1400z.zip
20060307,1400Z,1.0333,0.4276217818260193,1.4163876675964204,0.6056782181739808,ss450-g5nr.leV120.GRASP.example_20060307_1400Z.polarimeter07.20060307_1400z.zip
20060307,1400Z,1.0706,0.4350176453590393,1.4610495951638616,0.6355823546409607,ss450-g5nr.leV120.GRASP.example_20060307_1400Z.polarimeter07.20060307_1400z.zip
20060307,1400Z,1.1895,0.41735005378723145,1.8501254263798828,0.7721499462127686,ss450-g5nr.leV120.GRASP.example_20060307_1400Z.polarimeter07.20060307_1400z.zip
20060307,1400Z,1.1943,0.4075634479522705,1.93034129041882,0.7867365520477294,ss450-g5nr.leV120.GRASP.example_20060307_1400Z.polarimeter07.20060307_1400z.zip
20060307,1400Z,0.96459,0.4396584630012512,1.1939529911818274,0.5249315369987487,ss450-g5nr.leV120.GRASP.example_20060307_1400Z.polarimeter07.20060307_1400z.zip
20060307,1400Z,0.97305,0.43448391556739807,1.2395535602952794,0.5385660844326019,ss450-g5nr.leV120.GRASP.example_20060307_1400Z.polarimeter07.20060307_1400z.zip
20060307,1400Z,0.97413,0.43360137939453125,1.2466026315696868,0.5405286206054688,ss450-g5nr.leV120.GRASP.example_20060307_1400Z.polarimeter07.20060307_1400z.zip
20060307,1400Z,0.9933,0.4364548921585083,1.27583655916328,0.5568451078414917,ss450-g5nr.leV120.GRASP.example_20060307_1400Z.polarimeter07.20060307_1400z.zip
20060307,1400Z,1.0224,0.4377690553665161,1.335478004821537,0.5846309446334839,ss450-g5nr.leV120.GRASP.example_20060307_1400Z.polarimeter07.20060307_1400z.zip
20060307,1400Z,1.0595,0.44503021240234375,1.3807372409182084,0.6144697875976564,ss450-g5nr.leV120.GRASP.example_20060307_1400Z.polarimeter07.20060307_1400z.zip
20060307,1400Z,1.1766,0.42725908756256104,1.753832590694089,0.749340912437439,ss450-g5nr.leV120.GRASP.example_20060307_1400Z.polarimeter07.20060307_1400z.zip
20060307,1400Z,1.1811,0.41737833619117737,1.8298066707971279,0.7637216638088227,ss450-g5nr.leV120.GRASP.example_20060307_1400Z.polarimeter07.20060307_1400z.zip
20060307,1400Z,0.97414,0.4610728323459625,1.1127681608207647,0.5130671676540375,ss450-g5nr.leV120.GRASP.example_20060307_1400Z.polarimeter07.20060307_1400z.zip
20060307,1400Z,1.0117,0.4682599902153015,1.1605518753264186,0.5434400097846985,ss450-g5nr.leV120.GRASP.example_20060307_1400Z.polarimeter07.20060307_1400z.zip
20060307,1400Z,1.1237,0.45020294189453125,1.495985466623735,0.6734970581054687,ss450-g5nr.leV120.GRASP.example_20060307_1400Z.polarimeter07.20060307_1400z.zip
20060307,1400Z,1.126,0.4400104880332947,1.5590299109297545,0.6859895119667052,ss450-g5nr.leV120.GRASP.example_20060307_1400Z.polarimeter07.20060307_1400z.zip
20060307,1400Z,1.0736,0.47344180941581726,1.2676493259535353,0.6001581905841828,ss450-g5nr.leV120.GRASP.example_20060307_1400Z.polarimeter07.20060307_1400z.zip
20060307,1400Z,1.0732,0.46278008818626404,1.3190280381468107,0.6104199118137359,ss450-g5nr.leV120.GRASP.example_20060307_1400Z.polarimeter07.20060307_1400z.zip
20060307,1400Z,1.012,0.4817812740802765,1.10053826174941,0.5302187259197235,ss450-g5nr.leV120.GRASP.example_20060307_1400Z.polarimeter07.20060307_1400z.zip
20060307,1400Z,1.011,0.470765084028244,1.1475679363241476,0.5402349159717559,ss450-g5nr.leV120.GRASP.example_20060307_1400Z.polarimeter07.20060307_1400z.zip
20060307,1400Z,0.98538,0.4746277928352356,1.0761110387441413,0.5107522071647644,ss450-g5nr.leV120.GRASP.example_20060307_1400Z.polarimeter07.20060307_1400z.zip
20060307,1400Z,1.0025,0.4873136878013611,1.0571964734317891,0.5151863121986389,ss450-g5nr.leV120.GRASP.example_20060307_1400Z.polarimeter07.20060307_1400z.zip
20060307,1400Z,1.0013,0.4759075343608856,1.1039801383785277,0.5253924656391145,ss450-g5nr.leV120.GRASP.example_20060307_1400Z.polarimeter07.20060307_1400z.zip
20060307,1400Z,1.036,0.4732961356639862,1.1889044129772952,0.5627038643360138,ss450-g5nr.leV120.GRASP.example_20060307_1400Z.polarimeter07.20060307_1400z.zip
20060307,1400Z,1.0357,0.46222400665283203,1.2406884651015007,0.573475993347168,ss450-g5nr.leV120.GRASP.example_20060307_1400Z.polarimeter07.20060307_1400z.zip
20060307,1400Z,1.0113,0.500622034072876,1.0200868742680715,0.5106779659271241,ss450-g5nr.leV120.GRASP.example_20060307_1400Z.polarimeter07.20060307_1400z.zip
20060307,1400Z,1.1178,0.48040351271629333,1.326793977170868,0.6373964872837066,ss450-g5nr.leV120.GRASP.example_20060307_1400Z.polarimeter07.20060307_1400z.zip
20060307,1400Z,1.1192,0.46923011541366577,1.3851836513377473,0.6499698845863342,ss450-g5nr.leV120.GRASP.example_20060307_1400Z.polarimeter07.20060307_1400z.zip
20060307,1400Z,1.0763,0.5034257769584656,1.1379517085967543,0.5728742230415345,ss450-g5nr.leV120.GRASP.example_20060307_1400Z.polarimeter07.20060307_1400z.zip
20060307,1400Z,1.0743,0.49181240797042847,1.184369451826834,0.5824875920295716,ss450-g5nr.leV120.GRASP.example_20060307_1400Z.polarimeter07.20060307_1400z.zip
20060307,1400Z,1.0293,0.5033916234970093,1.0447300907582848,0.5259083765029908,ss450-g5nr.leV120.GRASP.example_20060307_1400Z.polarimeter07.20060307_1400z.zip
20060307,1400Z,1.0273,0.49184203147888184,1.088678751002819,0.5354579685211183,ss450-g5nr.leV120.GRASP.example_20060307_1400Z.polarimeter07.20060307_1400z.zip
20060307,1400Z,1.0196,0.48454955220222473,1.104222355311298,0.5350504477977753,ss450-g5nr.leV120.GRASP.example_20060307_1400Z.polarimeter07.20060307_1400z.zip
20060307,1400Z,1.0187,0.4734395444393158,1.1517002792963233,0.5452604555606841,ss450-g5nr.leV120.GRASP.example_20060307_1400Z.polarimeter07.20060307_1400z.zip
20060307,1400Z,1.0009,0.4863768219947815,1.0578694434800573,0.5145231780052184,ss450-g5nr.leV120.GRASP.example_20060307_1400Z.polarimeter07.20060307_1400z.zip
20060307,1400Z,1.1096,0.4676938056945801,1.3724924009889632,0.6419061943054198,ss450-g5nr.leV120.GRASP.example_20060307_1400Z.polarimeter07.20060307_1400z.zip
20060307,1400Z,1.1101,0.456987202167511,1.429170871163887,0.6531127978324891,ss450-g5nr.leV120.GRASP.example_20060307_1400Z.polarimeter07.20060307_1400z.zip
20060307,1400Z,0.97655,0.4744199514389038,1.0584083722409827,0.5021300485610962,ss450-g5nr.leV120.GRASP.example_20060307_1400Z.polarimeter07.20060307_1400z.zip
20060307,1400Z,0.98539,0.4691524803638458,1.1003619105579323,0.5162375196361542,ss450-g5nr.leV120.GRASP.example_20060307_1400Z.polarimeter07.20060307_1400z.zip
20060307,1400Z,0.98679,0.4686473309993744,1.105613186563346,0.5181426690006256,ss450-g5nr.leV120.GRASP.example_20060307_1400Z.polarimeter07.20060307_1400z.zip
20060307,1400Z,1.0084,0.47292619943618774,1.1322565787266434,0.5354738005638122,ss450-g5nr.leV120.GRASP.example_20060307_1400Z.polarimeter07.20060307_1400z.zip
20060307,1400Z,1.0405,0.47472453117370605,1.1917974144446972,0.5657754688262939,ss450-g5nr.leV120.GRASP.example_20060307_1400Z.polarimeter07.20060307_1400z.zip
20060307,1400Z,1.081,0.482839435338974,1.2388395000112027,0.598160564661026,ss450-g5nr.leV120.GRASP.example_20060307_1400Z.polarimeter07.20060307_1400z.zip
20060307,1400Z,1.1995,0.46420902013778687,1.58396530003653,0.7352909798622131,ss450-g5nr.leV120.GRASP.example_20060307_1400Z.polarimeter07.20060307_1400z.zip
20060307,1400Z,1.2007,0.45359015464782715,1.6471033105474655,0.747109845352173,ss450-g5nr.leV120.GRASP.example_20060307_1400Z.polarimeter07.20060307_1400z.zip
20060307,1400Z,1.0195,0.4817037880420685,1.1164458850196222,0.5377962119579316,ss450-g5nr.leV120.GRASP.example_20060307_1400Z.polarimeter07.20060307_1400z.zip
20060307,1400Z,1.0282,0.47630441188812256,1.1587034978830097,0.5518955881118774,ss450-g5nr.leV120.GRASP.example_20060307_1400Z.polarimeter07.20060307_1400z.zip
20060307,1400Z,1.0291,0.47569453716278076,1.1633630819852068,0.5534054628372191,ss450-g5nr.leV120.GRASP.example_20060307_1400Z.polarimeter07.20060307_1400z.zip
20060307,1400Z,1.0478,0.4796762466430664,1.1843900074953726,0.5681237533569337,ss450-g5nr.leV120.GRASP.example_20060307_1400Z.polarimeter07.20060307_1400z.zip
20060307,1400Z,1.0767,0.48130714893341064,1.2370330513186758,0.5953928510665893,ss450-g5nr.leV120.GRASP.example_20060307_1400Z.polarimeter07.20060307_1400z.zip
20060307,1400Z,1.1127,0.4893379509449005,1.2738886241122347,0.6233620490550995,ss450-g5nr.leV120.GRASP.example_20060307_1400Z.polarimeter07.20060307_1400z.zip
20060307,1400Z,1.2306,0.47039473056793213,1.6161007341945184,0.7602052694320678,ss450-g5nr.leV120.GRASP.example_20060307_1400Z.polarimeter07.20060307_1400z.zip
20060307,1400Z,1.2343,0.4596567451953888,1.685264630404432,0.7746432548046112,ss450-g5nr.leV120.GRASP.example_20060307_1400Z.polarimeter07.20060307_1400z.zip
20060307,1400Z,1.0232,0.49496689438819885,1.0672089620553733,0.5282331056118013,ss450-g5nr.leV120.GRASP.example_20060307_1400Z.polarimeter07.20060307_1400z.zip
20060307,1400Z,1.064,0.5034818649291992,1.113283663453543,0.5605181350708008,ss450-g5nr.leV120.GRASP.example_20060307_1400Z.polarimeter07.20060307_1400z.zip
20060307,1400Z,1.1796,0.4847050905227661,1.4336447523746305,0.6948949094772339,ss450-g5nr.leV120.GRASP.example_20060307_1400Z.polarimeter07.20060307_1400z.zip
20060307,1400Z,1.1804,0.4737292528152466,1.4917186198344257,0.7066707471847533,ss450-g5nr.leV120.GRASP.example_20060307_1400Z.polarimeter07.20060307_1400z.zip
20060307,1400Z,1.0382,0.5127822160720825,1.0246411974904737,0.5254177839279175,ss450-g5nr.leV120.GRASP.example_20060307_1400Z.polarimeter07.20060307_1400z.zip
20060307,1400Z,1.1491,0.4942077398300171,1.3251355804246072,0.6548922601699829,ss450-g5nr.leV120.GRASP.example_20060307_1400Z.polarimeter07.20060307_1400z.zip
20060307,1400Z,1.1493,0.4830697774887085,1.379159395925704,0.6662302225112915,ss450-g5nr.leV120.GRASP.example_20060307_1400Z.polarimeter07.20060307_1400z.zip
20060307,1400Z,1.0344,0.5047690272331238,1.0492541027527629,0.5296309727668762,ss450-g5nr.leV120.GRASP.example_20060307_1400Z.polarimeter07.20060307_1400z.zip
20060307,1400Z,1.1453,0.48635992407798767,1.3548404037836626,0.6589400759220123,ss450-g5nr.leV120.GRASP.example_20060307_1400Z.polarimeter07.20060307_1400z.zip
20060307,1400Z,1.1457,0.47538337111473083,1.4100548517577245,0.6703166288852691,ss450-g5nr.leV120.GRASP.example_20060307_1400Z.polarimeter07.20060307_1400z.zip
20060307,1400Z,0.98421,0.4704494774341583,1.0920631166770611,0.5137605225658417,ss450-g5nr.leV120.GRASP.example_20060307_1400Z.polarimeter07.20060307_1400z.zip
20060307,1400Z,0.98552,0.46965694427490234,1.0983826855185381,0.5158630557250976,ss450-g5nr.leV120.GRASP.example_20060307_1400Z.polarimeter07.20060307_1400z.zip
20060307,1400Z,1.0066,0.47305768728256226,1.1278588786545758,0.5335423127174377,ss450-g5nr.leV120.GRASP.example_20060307_1400Z.polarimeter07.20060307_1400z.zip
20060307,1400Z,1.0381,0.47447916865348816,1.1878726582370234,0.5636208313465119,ss450-g5nr.leV120.GRASP.example_20060307_1400Z.polarimeter07.20060307_1400z.zip
20060307,1400Z,1.0781,0.48228660225868225,1.2353928036793018,0.5958133977413178,ss450-g5nr.leV120.GRASP.example_20060307_1400Z.polarimeter07.20060307_1400z.zip
20060307,1400Z,1.1956,0.46371346712112427,1.5783163198227825,0.7318865328788757,ss450-g5nr.leV120.GRASP.example_20060307_1400Z.polarimeter07.20060307_1400z.zip
20060307,1400Z,1.197,0.45316195487976074,1.641439748218945,0.7438380451202393,ss450-g5nr.leV120.GRASP.example_20060307_1400Z.polarimeter07.20060307_1400z.zip
20060307,1400Z,1.0051,0.45894181728363037,1.190037957205453,0.5461581827163697,ss450-g5nr.leV120.GRASP.example_20060307_1400Z.polarimeter07.20060307_1400z.zip
20060307,1400Z,1.014,0.4535399377346039,1.2357457759174415,0.5604600622653961,ss450-g5nr.leV120.GRASP.example_20060307_1400Z.polarimeter07.20060307_1400z.zip
20060307,1400Z,1.0152,0.45252546668052673,1.2434096526035063,0.5626745333194734,ss450-g5nr.leV120.GRASP.example_20060307_1400Z.polarimeter07.20060307_1400z.zip
20060307,1400Z,1.0356,0.4548957943916321,1.276565342585744,0.580704205608368,ss450-g5nr.leV120.GRASP.example_20060307_1400Z.polarimeter07.20060307_1400z.zip
20060307,1400Z,1.0666,0.45577794313430786,1.3401746751173875,0.6108220568656921,ss450-g5nr.leV120.GRASP.example_20060307_1400Z.polarimeter07.20060307_1400z.zip
20060307,1400Z,1.1063,0.46273863315582275,1.3907664515823217,0.6435613668441773,ss450-g5nr.leV120.GRASP.example_20060307_1400Z.polarimeter07.20060307_1400z.zip
20060307,1400Z,1.2309,0.4442738890647888,1.770588212129876,0.7866261109352113,ss450-g5nr.leV120.GRASP.example_20060307_1400Z.polarimeter07.20060307_1400z.zip
20060307,1400Z,1.2337,0.43413668870925903,1.8417317220250138,0.799563311290741,ss450-g5nr.leV120.GRASP.example_20060307_1400Z.polarimeter07.20060307_1400z.zip
20060307,1400Z,1.0334,0.4567098021507263,1.2627059790123594,0.5766901978492738,ss450-g5nr.leV120.GRASP.example_20060307_1400Z.polarimeter07.20060307_1400z.zip
20060307,1400Z,1.0419,0.4511616826057434,1.309371651383092,0.5907383173942566,ss450-g5nr.leV120.GRASP.example_20060307_1400Z.polarimeter07.20060307_1400z.zip
20060307,1400Z,1.0422,0.4498137831687927,1.3169587927209296,0.5923862168312073,ss450-g5nr.leV120.GRASP.example_20060307_1400Z.polarimeter07.20060307_1400z.zip
20060307,1400Z,1.0599,0.4508512020111084,1.3508864904254718,0.6090487979888917,ss450-g5nr.leV120.GRASP.example_20060307_1400Z.polarimeter07.20060307_1400z.zip
20060307,1400Z,1.0899,0.45096921920776367,1.41679465821342,0.6389307807922364,ss450-g5nr.leV120.GRASP.example_20060307_1400Z.polarimeter07.20060307_1400z.zip
20060307,1400Z,1.1287,0.4569963216781616,1.4698229426776084,0.6717036783218384,ss450-g5nr.leV120.GRASP.example_20060307_1400Z.polarimeter07.20060307_1400z.zip
20060307,1400Z,1.2545,0.4379410147666931,1.8645410173977814,0.8165589852333068,ss450-g5nr.leV120.GRASP.example_20060307_1400Z.polarimeter07.20060307_1400z.zip
20060307,1400Z,1.2578,0.42794913053512573,1.9391343742822742,0.8298508694648743,ss450-g5nr.leV120.GRASP.example_20060307_1400Z.polarimeter07.20060307_1400z.zip
20060307,1400Z,1.0327,0.4550893306732178,1.2692248101539043,0.5776106693267822,ss450-g5nr.leV120.GRASP.example_20060307_1400Z.polarimeter07.20060307_1400z.zip
20060307,1400Z,1.0417,0.4494844079017639,1.3175442388819558,0.5922155920982362,ss450-g5nr.leV120.GRASP.example_20060307_1400Z.polarimeter07.20060307_1400z.zip
20060307,1400Z,1.0428,0.4479914903640747,1.3277227858782206,0.5948085096359252,ss450-g5nr.leV120.GRASP.example_20060307_1400Z.polarimeter07.20060307_1400z.zip
20060307,1400Z,1.0629,0.448489248752594,1.3699564771202384,0.614410751247406,ss450-g5nr.leV120.GRASP.example_20060307_1400Z.polarimeter07.20060307_1400z.zip
20060307,1400Z,1.0935,0.44833338260650635,1.4390331891920347,0.6451666173934936,ss450-g5nr.leV120.GRASP.example_20060307_1400Z.polarimeter07.20060307_1400z.zip
20060307,1400Z,1.1326,0.45406374335289,1.4943634381302364,0.67853625664711,ss450-g5nr.leV120.GRASP.example_20060307_1400Z.polarimeter07.20060307_1400z.zip
20060307,1400Z,1.257,0.435188889503479,1.8884009457000421,0.8218111104965209,ss450-g5nr.leV120.GRASP.example_20060307_1400Z.polarimeter07.20060307_1400z.zip
20060307,1400Z,1.2604,0.42532050609588623,1.9634122548416453,0.8350794939041137,ss450-g5nr.leV120.GRASP.example_20060307_1400Z.polarimeter07.20060307_1400z.zip
20060307,1400Z,0.96942,0.4473463296890259,1.1670458337590366,0.5220736703109741,ss450-g5nr.leV120.GRASP.example_20060307_1400Z.polarimeter07.20060307_1400z.zip
20060307,1400Z,0.97782,0.44182562828063965,1.2131355390251524,0.5359943717193604,ss450-g5nr.leV120.GRASP.example_20060307_1400Z.polarimeter07.20060307_1400z.zip
20060307,1400Z,0.97877,0.44034308195114136,1.2227441286533038,0.5384269180488587,ss450-g5nr.leV120.GRASP.example_20060307_1400Z.polarimeter07.20060307_1400z.zip
20060307,1400Z,0.99732,0.4408469796180725,1.26228157639648,0.5564730203819275,ss450-g5nr.leV120.GRASP.example_20060307_1400Z.polarimeter07.20060307_1400z.zip
20060307,1400Z,1.0258,0.4407516121864319,1.3273879700889233,0.5850483878135682,ss450-g5nr.leV120.GRASP.example_20060307_1400Z.polarimeter07.20060307_1400z.zip
20060307,1400Z,1.0622,0.44650959968566895,1.378896222495017,0.6156904003143311,ss450-g5nr.leV120.GRASP.example_20060307_1400Z.polarimeter07.20060307_1400z.zip
20060307,1400Z,1.1779,0.4283612370491028,1.749781955328927,0.7495387629508972,ss450-g5nr.leV120.GRASP.example_20060307_1400Z.polarimeter07.20060307_1400z.zip
20060307,1400Z,1.1825,0.4187055826187134,1.8241801616407447,0.7637944173812867,ss450-g5nr.leV120.GRASP.example_20060307_1400Z.polarimeter07.20060307_1400z.zip
20060307,1400Z,0.93638,0.42871278524398804,1.184166258225981,0.507667214756012,ss450-g5nr.leV120.GRASP.example_20060307_1400Z.polarimeter07.20060307_1400z.zip
20060307,1400Z,0.96365,0.42853981256484985,1.248682553512279,0.5351101874351502,ss450-g5nr.leV120.GRASP.example_20060307_1400Z.polarimeter07.20060307_1400z.zip
20060307,1400Z,0.99846,0.4340805411338806,1.300172215487659,0.5643794588661194,ss450-g5nr.leV120.GRASP.example_20060307_1400Z.polarimeter07.20060307_1400z.zip
20060307,1400Z,1.1085,0.41645437479019165,1.6617561661069324,0.6920456252098084,ss450-g5nr.leV120.GRASP.example_20060307_1400Z.polarimeter07.20060307_1400z.zip
20060307,1400Z,1.1117,0.4070754647254944,1.7309432680981134,0.7046245352745055,ss450-g5nr.leV120.GRASP.example_20060307_1400Z.polarimeter07.20060307_1400z.zip
20060307,1400Z,0.95995,0.4061656594276428,1.3634445151092645,0.5537843405723571,ss450-g5nr.leV120.GRASP.example_20060307_1400Z.polarimeter07.20060307_1400z.zip
20060307,1400Z,0.96216,0.39696598052978516,1.4237845235904472,0.5651940194702149,ss450-g5nr.leV120.GRASP.example_20060307_1400Z.polarimeter07.20060307_1400z.zip
20060307,1400Z,0.98356,0.4368377923965454,1.2515451206821413,0.5467222076034546,ss450-g5nr.leV120.GRASP.example_20060307_1400Z.polarimeter07.20060307_1400z.zip
20060307,1400Z,0.98561,0.427182674407959,1.3072330856254333,0.558427325592041,ss450-g5nr.leV120.GRASP.example_20060307_1400Z.polarimeter07.20060307_1400z.zip
20060307,1400Z,0.95733,0.43956422805786133,1.1779069789864325,0.5177657719421387,ss450-g5nr.leV120.GRASP.example_20060307_1400Z.polarimeter07.20060307_1400z.zip
20060307,1400Z,0.99218,0.445974200963974,1.2247475254295006,0.546205799036026,ss450-g5nr.leV120.GRASP.example_20060307_1400Z.polarimeter07.20060307_1400z.zip
20060307,1400Z,1.1021,0.4293718934059143,1.5667725739050888,0.6727281065940858,ss450-g5nr.leV120.GRASP.example_20060307_1400Z.polarimeter07.20060307_1400z.zip
20060307,1400Z,1.1058,0.41989636421203613,1.6335069656416488,0.6859036357879638,ss450-g5nr.leV120.GRASP.example_20060307_1400Z.polarimeter07.20060307_1400z.zip
20060307,1400Z,0.93626,0.4335188865661621,1.1596752275684563,0.5027411134338379,ss450-g5nr.leV120.GRASP.example_20060307_1400Z.polarimeter07.20060307_1400z.zip
20060307,1400Z,0.94436,0.4285677671432495,1.203525492117437,0.5157922328567505,ss450-g5nr.leV120.GRASP.example_20060307_1400Z.polarimeter07.20060307_1400z.zip
20060307,1400Z,0.94526,0.42778128385543823,1.2096805906997916,0.5174787161445618,ss450-g5nr.leV120.GRASP.example_20060307_1400Z.polarimeter07.20060307_1400z.zip
20060307,1400Z,0.96309,0.4305950403213501,1.2366490781715753,0.5324949596786499,ss450-g5nr.leV120.GRASP.example_20060307_1400Z.polarimeter07.20060307_1400z.zip
20060307,1400Z,0.99048,0.4317370057106018,1.2941744323485904,0.5587429942893982,ss450-g5nr.leV120.GRASP.example_20060307_1400Z.polarimeter07.20060307_1400z.zip
20060307,1400Z,1.0255,0.43879371881484985,1.337089060367139,0.5867062811851502,ss450-g5nr.leV120.GRASP.example_20060307_1400Z.polarimeter07.20060307_1400z.zip
20060307,1400Z,1.1377,0.42358601093292236,1.6858771787441351,0.7141139890670776,ss450-g5nr.leV120.GRASP.example_20060307_1400Z.polarimeter07.20060307_1400z.zip
20060307,1400Z,1.1424,0.4143129587173462,1.7573359122937102,0.7280870412826539,ss450-g5nr.leV120.GRASP.example_20060307_1400Z.polarimeter07.20060307_1400z.zip
20060307,1400Z,0.97437,0.43003159761428833,1.2658102460506853,0.5443384023857116,ss450-g5nr.leV120.GRASP.example_20060307_1400Z.polarimeter07.20060307_1400z.zip
20060307,1400Z,0.98276,0.42518413066864014,1.3113750705006837,0.5575758693313598,ss450-g5nr.leV120.GRASP.example_20060307_1400Z.polarimeter07.20060307_1400z.zip
20060307,1400Z,0.98366,0.4245149791240692,1.3171384953945628,0.5591450208759308,ss450-g5nr.leV120.GRASP.example_20060307_1400Z.polarimeter07.20060307_1400z.zip
20060307,1400Z,1.0018,0.42773932218551636,1.3420806739986972,0.5740606778144837,ss450-g5nr.leV120.GRASP.example_20060307_1400Z.polarimeter07.20060307_1400z.zip
20060307,1400Z,1.0298,0.4291273057460785,1.3997540734668357,0.6006726942539216,ss450-g5nr.leV120.GRASP.example_20060307_1400Z.polarimeter07.20060307_1400z.zip
20060307,1400Z,1.0655,0.436460018157959,1.4412316264313252,0.6290399818420409,ss450-g5nr.leV120.GRASP.example_20060307_1400Z.polarimeter07.20060307_1400z.zip
20060307,1400Z,1.1819,0.421957403421402,1.8009936320981095,0.759942596578598,ss450-g5nr.leV120.GRASP.example_20060307_1400Z.polarimeter07.20060307_1400z.zip
20060307,1400Z,1.1876,0.4127880334854126,1.8770213854611855,0.7748119665145874,ss450-g5nr.leV120.GRASP.example_20060307_1400Z.polarimeter07.20060307_1400z.zip
20060307,1400Z,0.97873,0.43669837713241577,1.2412036573775251,0.5420316228675842,ss450-g5nr.leV120.GRASP.example_20060307_1400Z.polarimeter07.20060307_1400z.zip
20060307,1400Z,0.98724,0.43179258704185486,1.2863755183094518,0.5554474129581451,ss450-g5nr.leV120.GRASP.example_20060307_1400Z.polarimeter07.20060307_1400z.zip
20060307,1400Z,0.98825,0.43113136291503906,1.2922247950556767,0.5571186370849609,ss450-g5nr.leV120.GRASP.example_20060307_1400Z.polarimeter07.20060307_1400z.zip
20060307,1400Z,1.0072,0.43444791436195374,1.3183446546848112,0.5727520856380464,ss450-g5nr.leV120.GRASP.example_20060307_1400Z.polarimeter07.20060307_1400z.zip
20060307,1400Z,1.036,0.43587034940719604,1.376853579072328,0.600129650592804,ss450-g5nr.leV120.GRASP.example_20060307_1400Z.polarimeter07.20060307_1400z.zip
20060307,1400Z,1.0727,0.44332748651504517,1.4196559713280847,0.6293725134849548,ss450-g5nr.leV120.GRASP.example_20060307_1400Z.polarimeter07.20060307_1400z.zip
20060307,1400Z,1.1898,0.4287300705909729,1.7751727289852752,0.7610699294090271,ss450-g5nr.leV120.GRASP.example_20060307_1400Z.polarimeter07.20060307_1400z.zip
20060307,1400Z,1.1946,0.41943955421447754,1.8480861854748911,0.7751604457855226,ss450-g5nr.leV120.GRASP.example_20060307_1400Z.polarimeter07.20060307_1400z.zip
20060307,1400Z,0.97311,0.43772968649864197,1.2230843143946077,0.5353803135013581,ss450-g5nr.leV120.GRASP.example_20060307_1400Z.polarimeter07.20060307_1400z.zip
20060307,1400Z,0.98157,0.43283408880233765,1.2677742474397704,0.5487359111976624,ss450-g5nr.leV120.GRASP.example_20060307_1400Z.polarimeter07.20060307_1400z.zip
20060307,1400Z,0.98255,0.4322187602519989,1.2732701362317973,0.5503312397480011,ss450-g5nr.leV120.GRASP.example_20060307_1400Z.polarimeter07.20060307_1400z.zip
20060307,1400Z,1.0013,0.43572747707366943,1.2979960013646512,0.5655725229263306,ss450-g5nr.leV120.GRASP.example_20060307_1400Z.polarimeter07.20060307_1400z.zip
20060307,1400Z,1.03,0.43725764751434326,1.3555905902508272,0.5927423524856568,ss450-g5nr.leV120.GRASP.example_20060307_1400Z.polarimeter07.20060307_1400z.zip
20060307,1400Z,1.0666,0.44484370946884155,1.397696038623445,0.6217562905311584,ss450-g5nr.leV120.GRASP.example_20060307_1400Z.polarimeter07.20060307_1400z.zip
20060307,1400Z,1.1843,0.430167555809021,1.7531132555375393,0.7541324441909789,ss450-g5nr.leV120.GRASP.example_20060307_1400Z.polarimeter07.20060307_1400z.zip
20060307,1400Z,1.1894,0.42082005739212036,1.826386193117493,0.7685799426078797,ss450-g5nr.leV120.GRASP.example_20060307_1400Z.polarimeter07.20060307_1400z.zip
20060307,1400Z,0.96492,0.4410669803619385,1.1876949374178702,0.5238530196380615,ss450-g5nr.leV120.GRASP.example_20060307_1400Z.polarimeter07.20060307_1400z.zip
20060307,1400Z,1.0008,0.44854384660720825,1.2312199968187385,0.5522561533927917,ss450-g5nr.leV120.GRASP.example_20060307_1400Z.polarimeter07.20060307_1400z.zip
20060307,1400Z,1.1124,0.43328857421875,1.5673421045217637,0.67911142578125,ss450-g5nr.leV120.GRASP.example_20060307_1400Z.polarimeter07.20060307_1400z.zip
20060307,1400Z,1.1153,0.42381739616394043,1.6315578598113543,0.6914826038360595,ss450-g5nr.leV120.GRASP.example_20060307_1400Z.polarimeter07.20060307_1400z.zip
20060307,1400Z,0.97813,0.43604493141174316,1.2431862625560104,0.5420850685882569,ss450-g5nr.leV120.GRASP.example_20060307_1400Z.polarimeter07.20060307_1400z.zip
20060307,1400Z,0.97933,0.42649853229522705,1.2962095431599208,0.552831467704773,ss450-g5nr.leV120.GRASP.example_20060307_1400Z.polarimeter07.20060307_1400z.zip
20060307,1400Z,1.1309,0.614194393157959,0.8412737279891682,0.516705606842041,ss450-g5nr.leV120.GRASP.example_20060307_1400Z.polarimeter07.20060307_1400z.zip
20060307,1400Z,1.1278,0.6024796366691589,0.871930487534986,0.525320363330841,ss450-g5nr.leV120.GRASP.example_20060307_1400Z.polarimeter07.20060307_1400z.zip
20060307,1400Z,1.136,0.576148509979248,0.9717138555837224,0.5598514900207519,ss450-g5nr.leV120.GRASP.example_20060307_1400Z.polarimeter07.20060307_1400z.zip
20060307,1400Z,1.1362,0.5653718709945679,1.009650741911277,0.5708281290054322,ss450-g5nr.leV120.GRASP.example_20060307_1400Z.polarimeter07.20060307_1400z.zip
20060307,1400Z,1.0918,0.5582964420318604,0.9555919002931677,0.5335035579681398,ss450-g5nr.leV120.GRASP.example_20060307_1400Z.polarimeter07.20060307_1400z.zip
20060307,1400Z,1.0935,0.5479617714881897,0.9955771677834433,0.5455382285118102,ss450-g5nr.leV120.GRASP.example_20060307_1400Z.polarimeter07.20060307_1400z.zip
20060307,1400Z,1.0648,0.5510441064834595,0.9323317089717604,0.5137558935165405,ss450-g5nr.leV120.GRASP.example_20060307_1400Z.polarimeter07.20060307_1400z.zip
20060307,1400Z,1.0656,0.5409234762191772,0.9699644161279269,0.5246765237808229,ss450-g5nr.leV120.GRASP.example_20060307_1400Z.polarimeter07.20060307_1400z.zip
20060307,1400Z,1.0489,0.5421127676963806,0.9348372930914884,0.5067872323036193,ss450-g5nr.leV120.GRASP.example_20060307_1400Z.polarimeter07.20060307_1400z.zip
20060313,1000Z,2.2522,0.5108484625816345,3.4087438153738097,1.7413515374183657,ss450-g5nr.leV120.GRASP.example_20060313_1000Z.polarimeter07.20060313_1000z.zip
20060313,1000Z,2.2636,0.5081149935722351,3.4548970776990067,1.7554850064277647,ss450-g5nr.leV120.GRASP.example_20060313_1000Z.polarimeter07.20060313_1000z.zip
20060313,1000Z,2.2562,0.5114461779594421,3.4114123777437197,1.744753822040558,ss450-g5nr.leV120.GRASP.example_20060313_1000Z.polarimeter07.20060313_1000z.zip
20060313,1000Z,2.2547,0.5283363461494446,3.267546642271396,1.7263636538505556,ss450-g5nr.leV120.GRASP.example_20060313_1000Z.polarimeter07.20060313_1000z.zip
20060313,1000Z,2.2847,0.5361594557762146,3.2612323169650512,1.7485405442237854,ss450-g5nr.leV120.GRASP.example_20060313_1000Z.polarimeter07.20060313_1000z.zip
20060313,1000Z,2.319,0.5513664484024048,3.2059142458148266,1.7676335515975952,ss450-g5nr.leV120.GRASP.example_20060313_1000Z.polarimeter07.20060313_1000z.zip
20060313,1000Z,2.5039,0.5473917722702026,3.5742375513164064,1.9565082277297972,ss450-g5nr.leV120.GRASP.example_20060313_1000Z.polarimeter07.20060313_1000z.zip
20060313,1000Z,2.5143,0.5381262302398682,3.672323813093553,1.9761737697601318,ss450-g5nr.leV120.GRASP.example_20060313_1000Z.polarimeter07.20060313_1000z.zip
20060313,1500Z,0.92628,0.3923688530921936,1.36073784323129,0.5339111469078064,ss450-g5nr.leV120.GRASP.example_20060313_1500Z.polarimeter07.20060313_1500z.zip
20060313,1500Z,0.93394,0.3874039649963379,1.4107652073432664,0.5465360350036621,ss450-g5nr.leV120.GRASP.example_20060313_1500Z.polarimeter07.20060313_1500z.zip
20060313,1500Z,0.9344,0.38569116592407227,1.4226637334596026,0.5487088340759277,ss450-g5nr.leV120.GRASP.example_20060313_1500Z.polarimeter07.20060313_1500z.zip
20060313,1500Z,0.94934,0.38396400213241577,1.4724713637936448,0.5653759978675842,ss450-g5nr.leV120.GRASP.example_20060313_1500Z.polarimeter07.20060313_1500z.zip
20060313,1500Z,0.97327,0.38239073753356934,1.5452237841262002,0.5908792624664306,ss450-g5nr.leV120.GRASP.example_20060313_1500Z.polarimeter07.20060313_1500z.zip
20060313,1500Z,1.0039,0.38554447889328003,1.6038500223936103,0.61835552110672,ss450-g5nr.leV120.GRASP.example_20060313_1500Z.polarimeter07.20060313_1500z.zip
20060313,1500Z,1.1141,0.3686596751213074,2.0220283778891894,0.7454403248786927,ss450-g5nr.leV120.GRASP.example_20060313_1500Z.polarimeter07.20060313_1500z.zip
20060313,1500Z,1.1199,0.3605051636695862,2.106474227998637,0.7593948363304137,ss450-g5nr.leV120.GRASP.example_20060313_1500Z.polarimeter07.20060313_1500z.zip
20060313,1500Z,0.94672,0.40514814853668213,1.3367254754078777,0.5415718514633179,ss450-g5nr.leV120.GRASP.example_20060313_1500Z.polarimeter07.20060313_1500z.zip
20060313,1500Z,0.95419,0.400073379278183,1.3850374691801803,0.554116620721817,ss450-g5nr.leV120.GRASP.example_20060313_1500Z.polarimeter07.20060313_1500z.zip
20060313,1500Z,0.95414,0.3983907699584961,1.3949852053535308,0.5557492300415039,ss450-g5nr.leV120.GRASP.example_20060313_1500Z.polarimeter07.20060313_1500z.zip
20060313,1500Z,0.96794,0.3969627916812897,1.4383645527592217,0.5709772083187103,ss450-g5nr.leV120.GRASP.example_20060313_1500Z.polarimeter07.20060313_1500z.zip
20060313,1500Z,0.9925,0.3955640196800232,1.509075524115783,0.5969359803199769,ss450-g5nr.leV120.GRASP.example_20060313_1500Z.polarimeter07.20060313_1500z.zip
20060313,1500Z,1.0246,0.39912229776382446,1.5671329458177603,0.6254777022361755,ss450-g5nr.leV120.GRASP.example_20060313_1500Z.polarimeter07.20060313_1500z.zip
20060313,1500Z,1.1379,0.38230282068252563,1.9764363181221258,0.7555971793174743,ss450-g5nr.leV120.GRASP.example_20060313_1500Z.polarimeter07.20060313_1500z.zip
20060313,1500Z,1.1431,0.3739193081855774,2.0570766873388515,0.7691806918144226,ss450-g5nr.leV120.GRASP.example_20060313_1500Z.polarimeter07.20060313_1500z.zip
20060313,1500Z,0.91813,0.41185635328292847,1.2292481169260543,0.5062736467170715,ss450-g5nr.leV120.GRASP.example_20060313_1500Z.polarimeter07.20060313_1500z.zip
20060313,1500Z,0.94212,0.4107060432434082,1.2939034267914218,0.5314139567565918,ss450-g5nr.leV120.GRASP.example_20060313_1500Z.polarimeter07.20060313_1500z.zip
20060313,1500Z,0.97309,0.41476625204086304,1.3461166264417543,0.558323747959137,ss450-g5nr.leV120.GRASP.example_20060313_1500Z.polarimeter07.20060313_1500z.zip
20060313,1500Z,1.08,0.3980898857116699,1.712955135921807,0.6819101142883301,ss450-g5nr.leV120.GRASP.example_20060313_1500Z.polarimeter07.20060313_1500z.zip
20060313,1500Z,1.0875,0.3894558846950531,1.7923573445334395,0.6980441153049468,ss450-g5nr.leV120.GRASP.example_20060313_1500Z.polarimeter07.20060313_1500z.zip
20060313,1500Z,0.93765,0.4279088079929352,1.1912379050993516,0.5097411920070648,ss450-g5nr.leV120.GRASP.example_20060313_1500Z.polarimeter07.20060313_1500z.zip
20060313,1500Z,0.93814,0.4264097511768341,1.2000903999283754,0.5117302488231659,ss450-g5nr.leV120.GRASP.example_20060313_1500Z.polarimeter07.20060313_1500z.zip
20060313,1500Z,0.95284,0.42601102590560913,1.2366557249884886,0.5268289740943909,ss450-g5nr.leV120.GRASP.example_20060313_1500Z.polarimeter07.20060313_1500z.zip
20060313,1500Z,0.97627,0.42514556646347046,1.2963193715531394,0.5511244335365295,ss450-g5nr.leV120.GRASP.example_20060313_1500Z.polarimeter07.20060313_1500z.zip
20060313,1500Z,1.005,0.4297468364238739,1.3385861507744394,0.575253163576126,ss450-g5nr.leV120.GRASP.example_20060313_1500Z.polarimeter07.20060313_1500z.zip
20060313,1500Z,1.1074,0.41323423385620117,1.6798360573034161,0.6941657661437988,ss450-g5nr.leV120.GRASP.example_20060313_1500Z.polarimeter07.20060313_1500z.zip
20060313,1500Z,1.1154,0.4043494462966919,1.7585050757843101,0.711050553703308,ss450-g5nr.leV120.GRASP.example_20060313_1500Z.polarimeter07.20060313_1500z.zip
20060313,1500Z,0.93847,0.437209814786911,1.1464980159637888,0.501260185213089,ss450-g5nr.leV120.GRASP.example_20060313_1500Z.polarimeter07.20060313_1500z.zip
20060313,1500Z,0.96442,0.4365594685077667,1.2091377454177066,0.5278605314922333,ss450-g5nr.leV120.GRASP.example_20060313_1500Z.polarimeter07.20060313_1500z.zip
20060313,1500Z,0.99795,0.44158434867858887,1.2599306406268644,0.5563656513214111,ss450-g5nr.leV120.GRASP.example_20060313_1500Z.polarimeter07.20060313_1500z.zip
20060313,1500Z,1.1085,0.42513805627822876,1.6073883145256458,0.6833619437217713,ss450-g5nr.leV120.GRASP.example_20060313_1500Z.polarimeter07.20060313_1500z.zip
20060313,1500Z,1.1145,0.4160415530204773,1.6788189590887934,0.6984584469795228,ss450-g5nr.leV120.GRASP.example_20060313_1500Z.polarimeter07.20060313_1500z.zip
20060313,1500Z,0.9566,0.45306071639060974,1.1114167823264995,0.5035392836093903,ss450-g5nr.leV120.GRASP.example_20060313_1500Z.polarimeter07.20060313_1500z.zip
20060313,1500Z,1.0632,0.43650931119918823,1.4356868747636857,0.6266906888008117,ss450-g5nr.leV120.GRASP.example_20060313_1500Z.polarimeter07.20060313_1500z.zip
20060313,1500Z,1.0676,0.4271991550922394,1.4990686130207527,0.6404008449077607,ss450-g5nr.leV120.GRASP.example_20060313_1500Z.polarimeter07.20060313_1500z.zip
20060313,1500Z,1.0294,0.4377882778644562,1.3513649223808435,0.5916117221355439,ss450-g5nr.leV120.GRASP.example_20060313_1500Z.polarimeter07.20060313_1500z.zip
20060313,1500Z,1.0326,0.428446888923645,1.4101003571157291,0.6041531110763549,ss450-g5nr.leV120.GRASP.example_20060313_1500Z.polarimeter07.20060313_1500z.zip
20060313,1500Z,1.0389,0.43120095133781433,1.4093175044646364,0.6076990486621856,ss450-g5nr.leV120.GRASP.example_20060313_1500Z.polarimeter07.20060313_1500z.zip
20060313,1500Z,1.0419,0.4219453036785126,1.469277394289573,0.6199546963214875,ss450-g5nr.leV120.GRASP.example_20060313_1500Z.polarimeter07.20060313_1500z.zip
20060313,1500Z,1.026,0.4297577738761902,1.3873913687378288,0.5962422261238098,ss450-g5nr.leV120.GRASP.example_20060313_1500Z.polarimeter07.20060313_1500z.zip
20060313,1500Z,1.0285,0.4205063581466675,1.4458607582843532,0.6079936418533325,ss450-g5nr.leV120.GRASP.example_20060313_1500Z.polarimeter07.20060313_1500z.zip
20060313,1500Z,0.99742,0.4355282783508301,1.290138320700615,0.5618917216491699,ss450-g5nr.leV120.GRASP.example_20060313_1500Z.polarimeter07.20060313_1500z.zip
20060313,1500Z,0.99986,0.4261345863342285,1.3463479193303112,0.5737254136657715,ss450-g5nr.leV120.GRASP.example_20060313_1500Z.polarimeter07.20060313_1500z.zip
20060313,1500Z,0.98753,0.4388711452484131,1.2501593251044814,0.5486588547515869,ss450-g5nr.leV120.GRASP.example_20060313_1500Z.polarimeter07.20060313_1500z.zip
20060313,1500Z,0.98931,0.42938995361328125,1.3039896291821396,0.5599200463867188,ss450-g5nr.leV120.GRASP.example_20060313_1500Z.polarimeter07.20060313_1500z.zip
20060313,1500Z,0.97544,0.4385915994644165,1.2240280050761407,0.5368484005355835,ss450-g5nr.leV120.GRASP.example_20060313_1500Z.polarimeter07.20060313_1500z.zip
20060313,1500Z,0.97832,0.42911940813064575,1.279831630691823,0.5492005918693542,ss450-g5nr.leV120.GRASP.example_20060313_1500Z.polarimeter07.20060313_1500z.zip
20060313,1500Z,1.0069,0.44122523069381714,1.282054447377525,0.5656747693061828,ss450-g5nr.leV120.GRASP.example_20060313_1500Z.polarimeter07.20060313_1500z.zip
20060313,1500Z,1.0093,0.4317081570625305,1.337922004688479,0.5775918429374696,ss450-g5nr.leV120.GRASP.example_20060313_1500Z.polarimeter07.20060313_1500z.zip
20060313,1500Z,0.99504,0.4456271231174469,1.2328981975761675,0.5494128768825531,ss450-g5nr.leV120.GRASP.example_20060313_1500Z.polarimeter07.20060313_1500z.zip
20060313,1500Z,0.99663,0.43605169653892517,1.2855776228152653,0.5605783034610748,ss450-g5nr.leV120.GRASP.example_20060313_1500Z.polarimeter07.20060313_1500z.zip
20060313,1500Z,1.0117,0.45313760638237,1.2326551267217043,0.55856239361763,ss450-g5nr.leV120.GRASP.example_20060313_1500Z.polarimeter07.20060313_1500z.zip
20060313,1500Z,1.0135,0.4434478282928467,1.2854999739241004,0.5700521717071534,ss450-g5nr.leV120.GRASP.example_20060313_1500Z.polarimeter07.20060313_1500z.zip
20060313,1500Z,1.0072,0.4618695080280304,1.180702519853019,0.5453304919719697,ss450-g5nr.leV120.GRASP.example_20060313_1500Z.polarimeter07.20060313_1500z.zip
20060313,1500Z,1.0086,0.45203134417533875,1.2312612012338096,0.5565686558246612,ss450-g5nr.leV120.GRASP.example_20060313_1500Z.polarimeter07.20060313_1500z.zip
20060313,1500Z,1.0344,0.4711674153804779,1.19539799704676,0.5632325846195221,ss450-g5nr.leV120.GRASP.example_20060313_1500Z.polarimeter07.20060313_1500z.zip
20060313,1500Z,1.0349,0.46118462085723877,1.2440037095693974,0.5737153791427612,ss450-g5nr.leV120.GRASP.example_20060313_1500Z.polarimeter07.20060313_1500z.zip
20060313,1500Z,1.0112,0.4838622808456421,1.0898508522564194,0.527337719154358,ss450-g5nr.leV120.GRASP.example_20060313_1500Z.polarimeter07.20060313_1500z.zip
20060313,1500Z,1.0107,0.473702073097229,1.1336195414803478,0.5369979269027709,ss450-g5nr.leV120.GRASP.example_20060313_1500Z.polarimeter07.20060313_1500z.zip
20060313,1500Z,1.0386,0.49658215045928955,1.0914968430488234,0.5420178495407104,ss450-g5nr.leV120.GRASP.example_20060313_1500Z.polarimeter07.20060313_1500z.zip
20060313,1500Z,1.0375,0.4862622916698456,1.133622157780692,0.5512377083301545,ss450-g5nr.leV120.GRASP.example_20060313_1500Z.polarimeter07.20060313_1500z.zip
20060313,1500Z,1.0489,0.505437433719635,1.075232125727004,0.5434625662803649,ss450-g5nr.leV120.GRASP.example_20060313_1500Z.polarimeter07.20060313_1500z.zip
20060313,1500Z,1.0472,0.49504712224006653,1.115354181358465,0.5521528777599334,ss450-g5nr.leV120.GRASP.example_20060313_1500Z.polarimeter07.20060313_1500z.zip
20060313,1500Z,1.0664,0.5089901089668274,1.0951291217910502,0.5574098910331726,ss450-g5nr.leV120.GRASP.example_20060313_1500Z.polarimeter07.20060313_1500z.zip
20060313,1500Z,1.0651,0.49862903356552124,1.1360569246917767,0.5664709664344787,ss450-g5nr.leV120.GRASP.example_20060313_1500Z.polarimeter07.20060313_1500z.zip
20060313,1500Z,1.075,0.5097731947898865,1.1087809460893356,0.5652268052101135,ss450-g5nr.leV120.GRASP.example_20060313_1500Z.polarimeter07.20060313_1500z.zip
20060313,1500Z,1.0746,0.4994826316833496,1.151426159461036,0.5751173683166504,ss450-g5nr.leV120.GRASP.example_20060313_1500Z.polarimeter07.20060313_1500z.zip
20060313,1500Z,1.1227,0.5103554129600525,1.19983950692001,0.6123445870399475,ss450-g5nr.leV120.GRASP.example_20060313_1500Z.polarimeter07.20060313_1500z.zip
20060313,1500Z,1.1249,0.5000888109207153,1.2494004573486508,0.6248111890792847,ss450-g5nr.leV120.GRASP.example_20060313_1500Z.polarimeter07.20060313_1500z.zip
20060313,1500Z,1.1165,0.5141414403915405,1.1715814215437252,0.6023585596084595,ss450-g5nr.leV120.GRASP.example_20060313_1500Z.polarimeter07.20060313_1500z.zip
20060313,1500Z,1.117,0.5037740468978882,1.2172638842318306,0.6132259531021118,ss450-g5nr.leV120.GRASP.example_20060313_1500Z.polarimeter07.20060313_1500z.zip
20060313,1500Z,1.1184,0.5188512802124023,1.1555309635974305,0.5995487197875977,ss450-g5nr.leV120.GRASP.example_20060313_1500Z.polarimeter07.20060313_1500z.zip
20060313,1500Z,1.1177,0.508334755897522,1.1987479451932719,0.6093652441024779,ss450-g5nr.leV120.GRASP.example_20060313_1500Z.polarimeter07.20060313_1500z.zip
20060313,1500Z,1.1024,0.5256258249282837,1.0973094313819367,0.5767741750717164,ss450-g5nr.leV120.GRASP.example_20060313_1500Z.polarimeter07.20060313_1500z.zip
20060313,1500Z,1.1013,0.5149603486061096,1.1386112600338834,0.5863396513938903,ss450-g5nr.leV120.GRASP.example_20060313_1500Z.polarimeter07.20060313_1500z.zip
20060313,1500Z,1.0948,0.5336097478866577,1.051686657404435,0.5611902521133423,ss450-g5nr.leV120.GRASP.example_20060313_1500Z.polarimeter07.20060313_1500z.zip
20060313,1500Z,1.0933,0.5228847861289978,1.0909003837994216,0.5704152138710021,ss450-g5nr.leV120.GRASP.example_20060313_1500Z.polarimeter07.20060313_1500z.zip
20060313,1500Z,1.0821,0.5459151268005371,0.9821762520886707,0.536184873199463,ss450-g5nr.leV120.GRASP.example_20060313_1500Z.polarimeter07.20060313_1500z.zip
20060313,1500Z,1.0802,0.5350223779678345,1.0189809706706168,0.5451776220321656,ss450-g5nr.leV120.GRASP.example_20060313_1500Z.polarimeter07.20060313_1500z.zip
20060313,1500Z,1.0924,0.5578569173812866,0.9582082178490967,0.5345430826187134,ss450-g5nr.leV120.GRASP.example_20060313_1500Z.polarimeter07.20060313_1500z.zip
20060313,1500Z,1.0898,0.5467493534088135,0.993235096128479,0.5430506465911866,ss450-g5nr.leV120.GRASP.example_20060313_1500Z.polarimeter07.20060313_1500z.zip
20060313,1500Z,1.0994,0.5667299032211304,0.9399011658840046,0.5326700967788696,ss450-g5nr.leV120.GRASP.example_20060313_1500Z.polarimeter07.20060313_1500z.zip
20060313,1500Z,1.0965,0.5554583072662354,0.974045550595104,0.5410416927337647,ss450-g5nr.leV120.GRASP.example_20060313_1500Z.polarimeter07.20060313_1500z.zip
20060313,1500Z,1.1163,0.5732694268226624,0.947251933854343,0.5430305731773377,ss450-g5nr.leV120.GRASP.example_20060313_1500Z.polarimeter07.20060313_1500z.zip
20060313,1500Z,1.1135,0.5618546605110168,0.9818292491998764,0.5516453394889831,ss450-g5nr.leV120.GRASP.example_20060313_1500Z.polarimeter07.20060313_1500z.zip
20060313,1500Z,1.1288,0.5783638954162598,0.9517124235211478,0.5504361045837403,ss450-g5nr.leV120.GRASP.example_20060313_1500Z.polarimeter07.20060313_1500z.zip
20060313,1500Z,1.1252,0.5668398141860962,0.985040520866785,0.5583601858139038,ss450-g5nr.leV120.GRASP.example_20060313_1500Z.polarimeter07.20060313_1500z.zip
20060313,1500Z,1.1303,0.5870404839515686,0.9254208711323747,0.5432595160484315,ss450-g5nr.leV120.GRASP.example_20060313_1500Z.polarimeter07.20060313_1500z.zip
20060313,1500Z,1.1269,0.5753433704376221,0.9586564439646689,0.5515566295623779,ss450-g5nr.leV120.GRASP.example_20060313_1500Z.polarimeter07.20060313_1500z.zip
20060313,1500Z,1.13,0.609686553478241,0.8534113858234014,0.5203134465217589,ss450-g5nr.leV120.GRASP.example_20060313_1500Z.polarimeter07.20060313_1500z.zip
20060313,1500Z,1.1253,0.5972313284873962,0.8841945261814039,0.5280686715126037,ss450-g5nr.leV120.GRASP.example_20060313_1500Z.polarimeter07.20060313_1500z.zip
20060313,1500Z,1.1343,0.6060332655906677,0.8716794347822796,0.5282667344093324,ss450-g5nr.leV120.GRASP.example_20060313_1500Z.polarimeter07.20060313_1500z.zip
20060313,1500Z,1.1291,0.59328293800354,0.9031391730217982,0.53581706199646,ss450-g5nr.leV120.GRASP.example_20060313_1500Z.polarimeter07.20060313_1500z.zip
20060313,1500Z,1.1547,0.5586937665939331,1.0667851854507142,0.596006233406067,ss450-g5nr.leV120.GRASP.example_20060313_1500Z.polarimeter07.20060313_1500z.zip
20060313,1500Z,1.1549,0.5466904640197754,1.1125299891059082,0.6082095359802246,ss450-g5nr.leV120.GRASP.example_20060313_1500Z.polarimeter07.20060313_1500z.zip
20060313,1500Z,1.1416,0.5124529004096985,1.2277169259600398,0.6291470995903015,ss450-g5nr.leV120.GRASP.example_20060313_1500Z.polarimeter07.20060313_1500z.zip
20060313,1500Z,1.1415,0.5012857913970947,1.2771441353217172,0.6402142086029052,ss450-g5nr.leV120.GRASP.example_20060313_1500Z.polarimeter07.20060313_1500z.zip
20060313,1500Z,1.0332,0.5053917169570923,1.0443548347424112,0.5278082830429076,ss450-g5nr.leV120.GRASP.example_20060313_1500Z.polarimeter07.20060313_1500z.zip
20060313,1500Z,1.1457,0.48528727889060974,1.3608696329710634,0.6604127211093902,ss450-g5nr.leV120.GRASP.example_20060313_1500Z.polarimeter07.20060313_1500z.zip
20060313,1500Z,1.147,0.4747452437877655,1.4160326301505097,0.6722547562122345,ss450-g5nr.leV120.GRASP.example_20060313_1500Z.polarimeter07.20060313_1500z.zip
20060313,1500Z,0.97957,0.4775676727294922,1.0511648001661456,0.5020023272705079,ss450-g5nr.leV120.GRASP.example_20060313_1500Z.polarimeter07.20060313_1500z.zip
20060313,1500Z,0.98811,0.47196847200393677,1.0935932347442014,0.5161415279960633,ss450-g5nr.leV120.GRASP.example_20060313_1500Z.polarimeter07.20060313_1500z.zip
20060313,1500Z,0.98913,0.47053802013397217,1.1021255619649473,0.5185919798660278,ss450-g5nr.leV120.GRASP.example_20060313_1500Z.polarimeter07.20060313_1500z.zip
20060313,1500Z,1.0084,0.47061994671821594,1.1427056099765789,0.537780053281784,ss450-g5nr.leV120.GRASP.example_20060313_1500Z.polarimeter07.20060313_1500z.zip
20060313,1500Z,1.038,0.46975216269493103,1.209675830005925,0.568247837305069,ss450-g5nr.leV120.GRASP.example_20060313_1500Z.polarimeter07.20060313_1500z.zip
20060313,1500Z,1.0763,0.4746626019477844,1.2675053724127168,0.6016373980522156,ss450-g5nr.leV120.GRASP.example_20060313_1500Z.polarimeter07.20060313_1500z.zip
20060313,1500Z,1.1952,0.4555741548538208,1.6235026444454506,0.7396258451461792,ss450-g5nr.leV120.GRASP.example_20060313_1500Z.polarimeter07.20060313_1500z.zip
20060313,1500Z,1.1988,0.4457191228866577,1.6895861955306861,0.7530808771133424,ss450-g5nr.leV120.GRASP.example_20060313_1500Z.polarimeter07.20060313_1500z.zip
20060313,1500Z,1.0339,0.44353723526000977,1.3310331530427397,0.5903627647399903,ss450-g5nr.leV120.GRASP.example_20060313_1500Z.polarimeter07.20060313_1500z.zip
20060313,1500Z,1.0427,0.43825992941856384,1.3791816910648032,0.6044400705814361,ss450-g5nr.leV120.GRASP.example_20060313_1500Z.polarimeter07.20060313_1500z.zip
20060313,1500Z,1.0435,0.43676167726516724,1.3891748161926514,0.6067383227348329,ss450-g5nr.leV120.GRASP.example_20060313_1500Z.polarimeter07.20060313_1500z.zip
20060313,1500Z,1.0619,0.43610215187072754,1.4349799592705883,0.6257978481292725,ss450-g5nr.leV120.GRASP.example_20060313_1500Z.polarimeter07.20060313_1500z.zip
20060313,1500Z,1.0903,0.4348390996456146,1.5073642202105866,0.6554609003543854,ss450-g5nr.leV120.GRASP.example_20060313_1500Z.polarimeter07.20060313_1500z.zip
20060313,1500Z,1.1268,0.43881750106811523,1.5678100742501906,0.6879824989318848,ss450-g5nr.leV120.GRASP.example_20060313_1500Z.polarimeter07.20060313_1500z.zip
20060313,1500Z,1.2504,0.4205178916454315,1.9734763367792707,0.8298821083545684,ss450-g5nr.leV120.GRASP.example_20060313_1500Z.polarimeter07.20060313_1500z.zip
20060313,1500Z,1.2547,0.4114261865615845,2.049635732926761,0.8432738134384155,ss450-g5nr.leV120.GRASP.example_20060313_1500Z.polarimeter07.20060313_1500z.zip
20060313,1500Z,1.0751,0.40179529786109924,1.675740621463575,0.6733047021389007,ss450-g5nr.leV120.GRASP.example_20060313_1500Z.polarimeter07.20060313_1500z.zip
20060313,1500Z,1.0836,0.39690956473350525,1.730092938746778,0.6866904352664946,ss450-g5nr.leV120.GRASP.example_20060313_1500Z.polarimeter07.20060313_1500z.zip
20060313,1500Z,1.0836,0.3953012228012085,1.7412007287033546,0.6882987771987914,ss450-g5nr.leV120.GRASP.example_20060313_1500Z.polarimeter07.20060313_1500z.zip
20060313,1500Z,1.0987,0.39359891414642334,1.7914203025246938,0.7051010858535767,ss450-g5nr.leV120.GRASP.example_20060313_1500Z.polarimeter07.20060313_1500z.zip
20060313,1500Z,1.1245,0.3917645215988159,1.8703466955375236,0.7327354784011841,ss450-g5nr.leV120.GRASP.example_20060313_1500Z.polarimeter07.20060313_1500z.zip
20060313,1500Z,1.1578,0.3944188356399536,1.935458186527636,0.7633811643600463,ss450-g5nr.leV120.GRASP.example_20060313_1500Z.polarimeter07.20060313_1500z.zip
20060313,1500Z,1.283,0.3766076862812042,2.4067281331109465,0.9063923137187957,ss450-g5nr.leV120.GRASP.example_20060313_1500Z.polarimeter07.20060313_1500z.zip
20060313,1500Z,1.289,0.36841294169425964,2.49879131300909,0.9205870583057403,ss450-g5nr.leV120.GRASP.example_20060313_1500Z.polarimeter07.20060313_1500z.zip
20060313,1500Z,0.93016,0.366808146238327,1.535821544692863,0.563351853761673,ss450-g5nr.leV120.GRASP.example_20060313_1500Z.polarimeter07.20060313_1500z.zip
20060313,1500Z,0.92662,0.36232155561447144,1.5574520357435504,0.5642984443855286,ss450-g5nr.leV120.GRASP.example_20060313_1500Z.polarimeter07.20060313_1500z.zip
20060313,1500Z,0.9145,0.3607756793498993,1.5348160986014514,0.5537243206501007,ss450-g5nr.leV120.GRASP.example_20060313_1500Z.polarimeter07.20060313_1500z.zip
20060313,1500Z,0.8601,0.35885968804359436,1.3967584787498195,0.5012403119564056,ss450-g5nr.leV120.GRASP.example_20060313_1500Z.polarimeter07.20060313_1500z.zip
20060313,1500Z,0.8516,0.31537577509880066,1.7002708110133427,0.5362242249011994,ss450-g5nr.leV120.GRASP.example_20060313_1500Z.polarimeter07.20060313_1500z.zip
20060313,1500Z,0.84749,0.31235694885253906,1.713210008976277,0.5351330511474609,ss450-g5nr.leV120.GRASP.example_20060313_1500Z.polarimeter07.20060313_1500z.zip
20060313,1500Z,0.83355,0.312749981880188,1.6652279721612464,0.520800018119812,ss450-g5nr.leV120.GRASP.example_20060313_1500Z.polarimeter07.20060313_1500z.zip
20060313,1500Z,1.0614,0.37172794342041016,1.8553139972035864,0.6896720565795897,ss450-g5nr.leV120.GRASP.example_20060313_1500Z.polarimeter07.20060313_1500z.zip
20060313,1500Z,1.0703,0.3681557774543762,1.9071932740010773,0.7021442225456238,ss450-g5nr.leV120.GRASP.example_20060313_1500Z.polarimeter07.20060313_1500z.zip
20060313,1500Z,1.071,0.3685349225997925,1.906101794762728,0.7024650774002075,ss450-g5nr.leV120.GRASP.example_20060313_1500Z.polarimeter07.20060313_1500z.zip
20060313,1500Z,1.0887,0.3741716742515564,1.9096269838642694,0.7145283257484436,ss450-g5nr.leV120.GRASP.example_20060313_1500Z.polarimeter07.20060313_1500z.zip
20060313,1500Z,1.1161,0.37655049562454224,1.9640115016947455,0.7395495043754579,ss450-g5nr.leV120.GRASP.example_20060313_1500Z.polarimeter07.20060313_1500z.zip
20060313,1500Z,1.151,0.3837665915489197,1.9992188620547997,0.7672334084510803,ss450-g5nr.leV120.GRASP.example_20060313_1500Z.polarimeter07.20060313_1500z.zip
20060313,1500Z,1.2722,0.3704211711883545,2.434468920657622,0.9017788288116455,ss450-g5nr.leV120.GRASP.example_20060313_1500Z.polarimeter07.20060313_1500z.zip
20060313,1500Z,1.2819,0.36227089166641235,2.5385122831795277,0.9196291083335877,ss450-g5nr.leV120.GRASP.example_20060313_1500Z.polarimeter07.20060313_1500z.zip
20060313,1500Z,1.0631,0.3829011917114258,1.7764342943105993,0.6801988082885742,ss450-g5nr.leV120.GRASP.example_20060313_1500Z.polarimeter07.20060313_1500z.zip
20060313,1500Z,1.0721,0.3791850209236145,1.8273796190276483,0.6929149790763856,ss450-g5nr.leV120.GRASP.example_20060313_1500Z.polarimeter07.20060313_1500z.zip
20060313,1500Z,1.0729,0.3795052766799927,1.8271016661112018,0.6933947233200073,ss450-g5nr.leV120.GRASP.example_20060313_1500Z.polarimeter07.20060313_1500z.zip
20060313,1500Z,1.0914,0.3850829601287842,1.8341944801582508,0.7063170398712157,ss450-g5nr.leV120.GRASP.example_20060313_1500Z.polarimeter07.20060313_1500z.zip
20060313,1500Z,1.1198,0.3874328136444092,1.8903075851178852,0.7323671863555907,ss450-g5nr.leV120.GRASP.example_20060313_1500Z.polarimeter07.20060313_1500z.zip
20060313,1500Z,1.1562,0.3947743773460388,1.9287615061869496,0.7614256226539611,ss450-g5nr.leV120.GRASP.example_20060313_1500Z.polarimeter07.20060313_1500z.zip
20060313,1500Z,1.2842,0.38115811347961426,2.3692054677164407,0.9030418865203858,ss450-g5nr.leV120.GRASP.example_20060313_1500Z.polarimeter07.20060313_1500z.zip
20060313,1500Z,1.2896,0.37281203269958496,2.459115819470265,0.9167879673004151,ss450-g5nr.leV120.GRASP.example_20060313_1500Z.polarimeter07.20060313_1500z.zip
20060313,1500Z,1.0585,0.39698290824890137,1.666361644306205,0.6615170917510986,ss450-g5nr.leV120.GRASP.example_20060313_1500Z.polarimeter07.20060313_1500z.zip
20060313,1500Z,1.0675,0.3931744396686554,1.7150798533587965,0.6743255603313445,ss450-g5nr.leV120.GRASP.example_20060313_1500Z.polarimeter07.20060313_1500z.zip
20060313,1500Z,1.0684,0.3935777544975281,1.7145843173072686,0.6748222455024719,ss450-g5nr.leV120.GRASP.example_20060313_1500Z.polarimeter07.20060313_1500z.zip
20060313,1500Z,1.0874,0.3996502161026001,1.7208792994142594,0.6877497838973998,ss450-g5nr.leV120.GRASP.example_20060313_1500Z.polarimeter07.20060313_1500z.zip
20060313,1500Z,1.1165,0.40226155519485474,1.7755573098681268,0.7142384448051453,ss450-g5nr.leV120.GRASP.example_20060313_1500Z.polarimeter07.20060313_1500z.zip
20060313,1500Z,1.1539,0.41012316942214966,1.8135450177706562,0.7437768305778503,ss450-g5nr.leV120.GRASP.example_20060313_1500Z.polarimeter07.20060313_1500z.zip
20060313,1500Z,1.2796,0.3966153860092163,2.2262994456051324,0.8829846139907838,ss450-g5nr.leV120.GRASP.example_20060313_1500Z.polarimeter07.20060313_1500z.zip
20060313,1500Z,1.2878,0.3880099058151245,2.3189874297013424,0.8997900941848755,ss450-g5nr.leV120.GRASP.example_20060313_1500Z.polarimeter07.20060313_1500z.zip
20060313,1500Z,1.0233,0.40234076976776123,1.5433664119862085,0.6209592302322389,ss450-g5nr.leV120.GRASP.example_20060313_1500Z.polarimeter07.20060313_1500z.zip
20060313,1500Z,1.0321,0.3985908329486847,1.5893721447750266,0.6335091670513153,ss450-g5nr.leV120.GRASP.example_20060313_1500Z.polarimeter07.20060313_1500z.zip
20060313,1500Z,1.0331,0.399222731590271,1.5877784961911634,0.6338772684097289,ss450-g5nr.leV120.GRASP.example_20060313_1500Z.polarimeter07.20060313_1500z.zip
20060313,1500Z,1.0522,0.40629953145980835,1.5897150218694873,0.6459004685401917,ss450-g5nr.leV120.GRASP.example_20060313_1500Z.polarimeter07.20060313_1500z.zip
20060313,1500Z,1.0815,0.40950608253479004,1.6409864129627914,0.6719939174652099,ss450-g5nr.leV120.GRASP.example_20060313_1500Z.polarimeter07.20060313_1500z.zip
20060313,1500Z,1.1193,0.4181782007217407,1.6766101103983455,0.7011217992782592,ss450-g5nr.leV120.GRASP.example_20060313_1500Z.polarimeter07.20060313_1500z.zip
20060313,1500Z,1.2429,0.4052048325538635,2.067337554111678,0.8376951674461364,ss450-g5nr.leV120.GRASP.example_20060313_1500Z.polarimeter07.20060313_1500z.zip
20060313,1500Z,1.2497,0.39644208550453186,2.1522889362504736,0.8532579144954682,ss450-g5nr.leV120.GRASP.example_20060313_1500Z.polarimeter07.20060313_1500z.zip
20060313,1500Z,1.0509,0.39523351192474365,1.6589344483524,0.6556664880752563,ss450-g5nr.leV120.GRASP.example_20060313_1500Z.polarimeter07.20060313_1500z.zip
20060313,1500Z,1.0599,0.391579806804657,1.7067279302498366,0.6683201931953431,ss450-g5nr.leV120.GRASP.example_20060313_1500Z.polarimeter07.20060313_1500z.zip
20060313,1500Z,1.0609,0.3922957181930542,1.7043374444324582,0.6686042818069458,ss450-g5nr.leV120.GRASP.example_20060313_1500Z.polarimeter07.20060313_1500z.zip
20060313,1500Z,1.0801,0.3996689021587372,1.7024869690036952,0.6804310978412629,ss450-g5nr.leV120.GRASP.example_20060313_1500Z.polarimeter07.20060313_1500z.zip
20060313,1500Z,1.1095,0.403087317943573,1.7525053520917657,0.7064126820564269,ss450-g5nr.leV120.GRASP.example_20060313_1500Z.polarimeter07.20060313_1500z.zip
20060313,1500Z,1.1471,0.4119117558002472,1.78481976745591,0.7351882441997528,ss450-g5nr.leV120.GRASP.example_20060313_1500Z.polarimeter07.20060313_1500z.zip
20060313,1500Z,1.2717,0.3990040719509125,2.187185518639146,0.8726959280490876,ss450-g5nr.leV120.GRASP.example_20060313_1500Z.polarimeter07.20060313_1500z.zip
20060313,1500Z,1.2793,0.3902908265590668,2.277812115848924,0.8890091734409333,ss450-g5nr.leV120.GRASP.example_20060313_1500Z.polarimeter07.20060313_1500z.zip
20060313,1500Z,1.0423,0.38832831382751465,1.68406902841229,0.6539716861724854,ss450-g5nr.leV120.GRASP.example_20060313_1500Z.polarimeter07.20060313_1500z.zip
20060313,1500Z,1.0512,0.38467103242874146,1.7327246176113609,0.6665289675712585,ss450-g5nr.leV120.GRASP.example_20060313_1500Z.polarimeter07.20060313_1500z.zip
20060313,1500Z,1.0521,0.3852928876876831,1.7306499383212808,0.6668071123123169,ss450-g5nr.leV120.GRASP.example_20060313_1500Z.polarimeter07.20060313_1500z.zip
20060313,1500Z,1.0707,0.3922809660434723,1.7294212380453498,0.6784190339565277,ss450-g5nr.leV120.GRASP.example_20060313_1500Z.polarimeter07.20060313_1500z.zip
20060313,1500Z,1.0992,0.39551228284835815,1.7791804393125257,0.7036877171516418,ss450-g5nr.leV120.GRASP.example_20060313_1500Z.polarimeter07.20060313_1500z.zip
20060313,1500Z,1.1359,0.40401560068130493,1.8115250947846915,0.731884399318695,ss450-g5nr.leV120.GRASP.example_20060313_1500Z.polarimeter07.20060313_1500z.zip
20060313,1500Z,1.259,0.3906571567058563,2.2227746974259546,0.8683428432941436,ss450-g5nr.leV120.GRASP.example_20060313_1500Z.polarimeter07.20060313_1500z.zip
20060313,1500Z,1.2671,0.3820076584815979,2.3169492073443307,0.885092341518402,ss450-g5nr.leV120.GRASP.example_20060313_1500Z.polarimeter07.20060313_1500z.zip
20060313,1500Z,1.0212,0.38081830739974976,1.6815937683584987,0.6403816926002504,ss450-g5nr.leV120.GRASP.example_20060313_1500Z.polarimeter07.20060313_1500z.zip
20060313,1500Z,1.0298,0.3771783411502838,1.7302734214785789,0.6526216588497162,ss450-g5nr.leV120.GRASP.example_20060313_1500Z.polarimeter07.20060313_1500z.zip
20060313,1500Z,1.0305,0.3777073621749878,1.7283026575547138,0.6527926378250122,ss450-g5nr.leV120.GRASP.example_20060313_1500Z.polarimeter07.20060313_1500z.zip
20060313,1500Z,1.0479,0.3842775821685791,1.7269350298459403,0.663622417831421,ss450-g5nr.leV120.GRASP.example_20060313_1500Z.polarimeter07.20060313_1500z.zip
20060313,1500Z,1.0747,0.3872930705547333,1.7749011839036262,0.6874069294452667,ss450-g5nr.leV120.GRASP.example_20060313_1500Z.polarimeter07.20060313_1500z.zip
20060313,1500Z,1.1085,0.395437091588974,1.8032271721040254,0.713062908411026,ss450-g5nr.leV120.GRASP.example_20060313_1500Z.polarimeter07.20060313_1500z.zip
20060313,1500Z,1.2253,0.3818768560886383,2.208625975792555,0.8434231439113618,ss450-g5nr.leV120.GRASP.example_20060313_1500Z.polarimeter07.20060313_1500z.zip
20060313,1500Z,1.2341,0.37335702776908875,2.305415214423813,0.8607429722309112,ss450-g5nr.leV120.GRASP.example_20060313_1500Z.polarimeter07.20060313_1500z.zip
20060313,1500Z,0.99973,0.37324756383895874,1.6784635637470446,0.6264824361610413,ss450-g5nr.leV120.GRASP.example_20060313_1500Z.polarimeter07.20060313_1500z.zip
20060313,1500Z,1.0082,0.3696393072605133,1.7275237784423283,0.6385606927394867,ss450-g5nr.leV120.GRASP.example_20060313_1500Z.polarimeter07.20060313_1500z.zip
20060313,1500Z,1.0089,0.37009215354919434,1.7260777898818445,0.6388078464508056,ss450-g5nr.leV120.GRASP.example_20060313_1500Z.polarimeter07.20060313_1500z.zip
20060313,1500Z,1.0261,0.37628912925720215,1.7268924882989043,0.6498108707427979,ss450-g5nr.leV120.GRASP.example_20060313_1500Z.polarimeter07.20060313_1500z.zip
20060313,1500Z,1.0527,0.3791075646877289,1.7767844750529036,0.6735924353122711,ss450-g5nr.leV120.GRASP.example_20060313_1500Z.polarimeter07.20060313_1500z.zip
20060313,1500Z,1.0867,0.38691025972366333,1.8086616280895116,0.6997897402763367,ss450-g5nr.leV120.GRASP.example_20060313_1500Z.polarimeter07.20060313_1500z.zip
20060313,1500Z,1.2033,0.3732398450374603,2.2239323212644417,0.8300601549625397,ss450-g5nr.leV120.GRASP.example_20060313_1500Z.polarimeter07.20060313_1500z.zip
20060313,1500Z,1.212,0.36486148834228516,2.321808518368467,0.8471385116577148,ss450-g5nr.leV120.GRASP.example_20060313_1500Z.polarimeter07.20060313_1500z.zip
20060313,1500Z,0.89666,0.37510165572166443,1.3904453268138757,0.5215583442783356,ss450-g5nr.leV120.GRASP.example_20060313_1500Z.polarimeter07.20060313_1500z.zip
20060313,1500Z,0.93188,0.3827444911003113,1.4347313198970877,0.5491355088996888,ss450-g5nr.leV120.GRASP.example_20060313_1500Z.polarimeter07.20060313_1500z.zip
20060313,1500Z,0.9418,0.36895257234573364,1.552631613359425,0.5728474276542663,ss450-g5nr.leV120.GRASP.example_20060313_1500Z.polarimeter07.20060313_1500z.zip
20060313,1500Z,0.92634,0.360629677772522,1.568673786699044,0.5657103222274781,ss450-g5nr.leV120.GRASP.example_20060313_1500Z.polarimeter07.20060313_1500z.zip
20060313,1500Z,0.89783,0.3686078190803528,1.435732378765091,0.5292221809196472,ss450-g5nr.leV120.GRASP.example_20060313_1500Z.polarimeter07.20060313_1500z.zip
20060313,1500Z,0.88907,0.36025017499923706,1.4679238531997463,0.528819825000763,ss450-g5nr.leV120.GRASP.example_20060313_1500Z.polarimeter07.20060313_1500z.zip
20060313,1500Z,0.99253,0.39400726556777954,1.5190652222357532,0.5985227344322205,ss450-g5nr.leV120.GRASP.example_20060313_1500Z.polarimeter07.20060313_1500z.zip
20060313,1500Z,1.0012,0.3900509476661682,1.5668441673852675,0.6111490523338319,ss450-g5nr.leV120.GRASP.example_20060313_1500Z.polarimeter07.20060313_1500z.zip
20060313,1500Z,1.0022,0.3902386426925659,1.5681721140813407,0.6119613573074341,ss450-g5nr.leV120.GRASP.example_20060313_1500Z.polarimeter07.20060313_1500z.zip
20060313,1500Z,1.0213,0.39561930298805237,1.5815221660982584,0.6256806970119477,ss450-g5nr.leV120.GRASP.example_20060313_1500Z.polarimeter07.20060313_1500z.zip
20060313,1500Z,1.0503,0.3979005217552185,1.6396044804538517,0.6523994782447815,ss450-g5nr.leV120.GRASP.example_20060313_1500Z.polarimeter07.20060313_1500z.zip
20060313,1500Z,1.0877,0.40519487857818604,1.6843873343530384,0.6825051214218139,ss450-g5nr.leV120.GRASP.example_20060313_1500Z.polarimeter07.20060313_1500z.zip
20060313,1500Z,1.2091,0.3893429636955261,2.1054882526284464,0.8197570363044739,ss450-g5nr.leV120.GRASP.example_20060313_1500Z.polarimeter07.20060313_1500z.zip
20060313,1500Z,1.2133,0.3804791569709778,2.1888737602847144,0.8328208430290223,ss450-g5nr.leV120.GRASP.example_20060313_1500Z.polarimeter07.20060313_1500z.zip
20060313,1500Z,0.96538,0.41906729340553284,1.3036395709979651,0.5463127065944672,ss450-g5nr.leV120.GRASP.example_20060313_1500Z.polarimeter07.20060313_1500z.zip
20060313,1500Z,0.9738,0.41468924283981323,1.3482644337030967,0.5591107571601868,ss450-g5nr.leV120.GRASP.example_20060313_1500Z.polarimeter07.20060313_1500z.zip
20060313,1500Z,0.9748,0.4145445227622986,1.3514965135818573,0.5602554772377014,ss450-g5nr.leV120.GRASP.example_20060313_1500Z.polarimeter07.20060313_1500z.zip
20060313,1500Z,0.99366,0.4188717305660248,1.3722297961174394,0.5747882694339752,ss450-g5nr.leV120.GRASP.example_20060313_1500Z.polarimeter07.20060313_1500z.zip
20060313,1500Z,1.0225,0.4204542934894562,1.4318933492485346,0.6020457065105438,ss450-g5nr.leV120.GRASP.example_20060313_1500Z.polarimeter07.20060313_1500z.zip
20060313,1500Z,1.0594,0.4271669089794159,1.4800610200146607,0.632233091020584,ss450-g5nr.leV120.GRASP.example_20060313_1500Z.polarimeter07.20060313_1500z.zip
20060313,1500Z,1.1767,0.40933260321617126,1.8746793945914368,0.7673673967838288,ss450-g5nr.leV120.GRASP.example_20060313_1500Z.polarimeter07.20060313_1500z.zip
20060313,1500Z,1.1803,0.39998292922973633,1.9508759343128779,0.7803170707702636,ss450-g5nr.leV120.GRASP.example_20060313_1500Z.polarimeter07.20060313_1500z.zip
20060313,1500Z,0.95225,0.42847031354904175,1.2224410184044352,0.5237796864509583,ss450-g5nr.leV120.GRASP.example_20060313_1500Z.polarimeter07.20060313_1500z.zip
20060313,1500Z,0.96058,0.4240545332431793,1.26522752310525,0.5365254667568207,ss450-g5nr.leV120.GRASP.example_20060313_1500Z.polarimeter07.20060313_1500z.zip
20060313,1500Z,0.96161,0.4240413010120392,1.2677272183274864,0.5375686989879608,ss450-g5nr.leV120.GRASP.example_20060313_1500Z.polarimeter07.20060313_1500z.zip
20060313,1500Z,0.98053,0.42906486988067627,1.2852721554031847,0.5514651301193237,ss450-g5nr.leV120.GRASP.example_20060313_1500Z.polarimeter07.20060313_1500z.zip
20060313,1500Z,1.0094,0.4310697615146637,1.3416163463965527,0.5783302384853364,ss450-g5nr.leV120.GRASP.example_20060313_1500Z.polarimeter07.20060313_1500z.zip
20060313,1500Z,1.0463,0.43842417001724243,1.3865016382624409,0.6078758299827576,ss450-g5nr.leV120.GRASP.example_20060313_1500Z.polarimeter07.20060313_1500z.zip
20060313,1500Z,1.1631,0.42065033316612244,1.7650043475436183,0.7424496668338776,ss450-g5nr.leV120.GRASP.example_20060313_1500Z.polarimeter07.20060313_1500z.zip
20060313,1500Z,1.1662,0.4110632538795471,1.8370329602405393,0.7551367461204528,ss450-g5nr.leV120.GRASP.example_20060313_1500Z.polarimeter07.20060313_1500z.zip
20060313,1500Z,0.9568,0.42695456743240356,1.2409878544079114,0.5298454325675964,ss450-g5nr.leV120.GRASP.example_20060313_1500Z.polarimeter07.20060313_1500z.zip
20060313,1500Z,0.96526,0.4226965606212616,1.2835766597705491,0.5425634393787384,ss450-g5nr.leV120.GRASP.example_20060313_1500Z.polarimeter07.20060313_1500z.zip
20060313,1500Z,0.9664,0.42295408248901367,1.2848815982881605,0.5434459175109864,ss450-g5nr.leV120.GRASP.example_20060313_1500Z.polarimeter07.20060313_1500z.zip
20060313,1500Z,0.98602,0.4289936423301697,1.2984489808385595,0.5570263576698303,ss450-g5nr.leV120.GRASP.example_20060313_1500Z.polarimeter07.20060313_1500z.zip
20060313,1500Z,1.0156,0.4315752685070038,1.3532395716589085,0.5840247314929963,ss450-g5nr.leV120.GRASP.example_20060313_1500Z.polarimeter07.20060313_1500z.zip
20060313,1500Z,1.0533,0.4395928382873535,1.396080891817163,0.6137071617126464,ss450-g5nr.leV120.GRASP.example_20060313_1500Z.polarimeter07.20060313_1500z.zip
20060313,1500Z,1.1704,0.42242658138275146,1.7706589773987882,0.7479734186172486,ss450-g5nr.leV120.GRASP.example_20060313_1500Z.polarimeter07.20060313_1500z.zip
20060313,1500Z,1.1735,0.412811815738678,1.84269964002886,0.760688184261322,ss450-g5nr.leV120.GRASP.example_20060313_1500Z.polarimeter07.20060313_1500z.zip
20060313,1500Z,0.9288,0.4236282706260681,1.1924882365082787,0.5051717293739318,ss450-g5nr.leV120.GRASP.example_20060313_1500Z.polarimeter07.20060313_1500z.zip
20060313,1500Z,0.92983,0.42396584153175354,1.1931719702714754,0.5058641584682465,ss450-g5nr.leV120.GRASP.example_20060313_1500Z.polarimeter07.20060313_1500z.zip
20060313,1500Z,0.94827,0.43026798963546753,1.2039055259569624,0.5180020103645324,ss450-g5nr.leV120.GRASP.example_20060313_1500Z.polarimeter07.20060313_1500z.zip
20060313,1500Z,0.97627,0.43296709656715393,1.254836470809229,0.543302903432846,ss450-g5nr.leV120.GRASP.example_20060313_1500Z.polarimeter07.20060313_1500z.zip
20060313,1500Z,1.0122,0.44111740589141846,1.2946272046430065,0.5710825941085815,ss450-g5nr.leV120.GRASP.example_20060313_1500Z.polarimeter07.20060313_1500z.zip
20060313,1500Z,1.1243,0.42408305406570435,1.651131633818618,0.7002169459342957,ss450-g5nr.leV120.GRASP.example_20060313_1500Z.polarimeter07.20060313_1500z.zip
20060313,1500Z,1.1281,0.4144552946090698,1.7218858455266386,0.7136447053909303,ss450-g5nr.leV120.GRASP.example_20060313_1500Z.polarimeter07.20060313_1500z.zip
20060313,1500Z,0.94687,0.4348584711551666,1.1774210756081531,0.5120115288448334,ss450-g5nr.leV120.GRASP.example_20060313_1500Z.polarimeter07.20060313_1500z.zip
20060313,1500Z,0.95523,0.4305960536003113,1.2183900479651528,0.5246339463996887,ss450-g5nr.leV120.GRASP.example_20060313_1500Z.polarimeter07.20060313_1500z.zip
20060313,1500Z,0.95634,0.4309615194797516,1.2190844350894139,0.5253784805202484,ss450-g5nr.leV120.GRASP.example_20060313_1500Z.polarimeter07.20060313_1500z.zip
20060313,1500Z,0.97563,0.43742144107818604,1.230411928585853,0.538208558921814,ss450-g5nr.leV120.GRASP.example_20060313_1500Z.polarimeter07.20060313_1500z.zip
20060313,1500Z,1.0048,0.4401808977127075,1.2826978753989497,0.5646191022872924,ss450-g5nr.leV120.GRASP.example_20060313_1500Z.polarimeter07.20060313_1500z.zip
20060313,1500Z,1.0423,0.4484902024269104,1.3240195535149102,0.5938097975730896,ss450-g5nr.leV120.GRASP.example_20060313_1500Z.polarimeter07.20060313_1500z.zip
20060313,1500Z,1.1582,0.4314002990722656,1.6847454730345124,0.7267997009277343,ss450-g5nr.leV120.GRASP.example_20060313_1500Z.polarimeter07.20060313_1500z.zip
20060313,1500Z,1.1617,0.42165178060531616,1.755117026500595,0.7400482193946838,ss450-g5nr.leV120.GRASP.example_20060313_1500Z.polarimeter07.20060313_1500z.zip
20060313,1500Z,0.94992,0.4415905475616455,1.1511330014766503,0.5083294524383545,ss450-g5nr.leV120.GRASP.example_20060313_1500Z.polarimeter07.20060313_1500z.zip
20060313,1500Z,0.95838,0.43733566999435425,1.191405974299723,0.5210443300056458,ss450-g5nr.leV120.GRASP.example_20060313_1500Z.polarimeter07.20060313_1500z.zip
20060313,1500Z,0.95958,0.4378153681755066,1.191745812849891,0.5217646318244934,ss450-g5nr.leV120.GRASP.example_20060313_1500Z.polarimeter07.20060313_1500z.zip
20060313,1500Z,0.97949,0.44475218653678894,1.2023275649910237,0.534737813463211,ss450-g5nr.leV120.GRASP.example_20060313_1500Z.polarimeter07.20060313_1500z.zip
20060313,1500Z,1.0094,0.44775134325027466,1.2543762631121507,0.5616486567497254,ss450-g5nr.leV120.GRASP.example_20060313_1500Z.polarimeter07.20060313_1500z.zip
20060313,1500Z,1.0476,0.4564572274684906,1.2950671759761243,0.5911427725315095,ss450-g5nr.leV120.GRASP.example_20060313_1500Z.polarimeter07.20060313_1500z.zip
20060313,1500Z,1.1629,0.43982720375061035,1.6439928910340538,0.7230727962493897,ss450-g5nr.leV120.GRASP.example_20060313_1500Z.polarimeter07.20060313_1500z.zip
20060313,1500Z,1.1656,0.42999568581581116,1.7107248710846026,0.7356043141841888,ss450-g5nr.leV120.GRASP.example_20060313_1500Z.polarimeter07.20060313_1500z.zip
20060313,1500Z,0.96709,0.4640268087387085,1.084125274202776,0.5030631912612915,ss450-g5nr.leV120.GRASP.example_20060313_1500Z.polarimeter07.20060313_1500z.zip
20060313,1500Z,0.99743,0.46684667468070984,1.1365258747578564,0.5305833253192902,ss450-g5nr.leV120.GRASP.example_20060313_1500Z.polarimeter07.20060313_1500z.zip
20060313,1500Z,1.0363,0.47562873363494873,1.1788002421135764,0.5606712663650513,ss450-g5nr.leV120.GRASP.example_20060313_1500Z.polarimeter07.20060313_1500z.zip
20060313,1500Z,1.1506,0.4586268961429596,1.50879311631419,0.6919731038570405,ss450-g5nr.leV120.GRASP.example_20060313_1500Z.polarimeter07.20060313_1500z.zip
20060313,1500Z,1.1524,0.4484964609146118,1.5694740102294873,0.7039035390853883,ss450-g5nr.leV120.GRASP.example_20060313_1500Z.polarimeter07.20060313_1500z.zip
20060313,1500Z,1.0338,0.5136586427688599,1.0126206665721333,0.5201413572311402,ss450-g5nr.leV120.GRASP.example_20060313_1500Z.polarimeter07.20060313_1500z.zip
20060313,1500Z,1.1404,0.49553611874580383,1.301345869371418,0.6448638812541962,ss450-g5nr.leV120.GRASP.example_20060313_1500Z.polarimeter07.20060313_1500z.zip
20060313,1500Z,1.1428,0.4846813380718231,1.3578378415524073,0.6581186619281769,ss450-g5nr.leV120.GRASP.example_20060313_1500Z.polarimeter07.20060313_1500z.zip
20060313,1500Z,1.1357,0.5295084714889526,1.14481932046614,0.6061915285110473,ss450-g5nr.leV120.GRASP.example_20060313_1500Z.polarimeter07.20060313_1500z.zip
20060313,1500Z,1.1338,0.5179485082626343,1.1890206881821697,0.6158514917373656,ss450-g5nr.leV120.GRASP.example_20060313_1500Z.polarimeter07.20060313_1500z.zip
20060313,1500Z,1.1708,0.5534420013427734,1.1154881580353113,0.6173579986572266,ss450-g5nr.leV120.GRASP.example_20060313_1500Z.polarimeter07.20060313_1500z.zip
20060313,1500Z,1.1673,0.5413260459899902,1.1563713932611785,0.6259739540100098,ss450-g5nr.leV120.GRASP.example_20060313_1500Z.polarimeter07.20060313_1500z.zip
20060313,1500Z,1.1683,0.568882942199707,1.053673811140336,0.5994170578002929,ss450-g5nr.leV120.GRASP.example_20060313_1500Z.polarimeter07.20060313_1500z.zip
20060313,1500Z,1.1639,0.5563298463821411,1.0921041852579683,0.6075701536178588,ss450-g5nr.leV120.GRASP.example_20060313_1500Z.polarimeter07.20060313_1500z.zip
20060313,1500Z,1.1307,0.5775442719459534,0.9577719924227922,0.5531557280540467,ss450-g5nr.leV120.GRASP.example_20060313_1500Z.polarimeter07.20060313_1500z.zip
20060313,1500Z,1.1268,0.5647337436676025,0.9952765575545719,0.5620662563323975,ss450-g5nr.leV120.GRASP.example_20060313_1500Z.polarimeter07.20060313_1500z.zip
20060313,1500Z,1.1234,0.5888530015945435,0.9077766385803709,0.5345469984054565,ss450-g5nr.leV120.GRASP.example_20060313_1500Z.polarimeter07.20060313_1500z.zip
20060313,1500Z,1.1176,0.5757748484611511,0.9410365058268206,0.5418251515388488,ss450-g5nr.leV120.GRASP.example_20060313_1500Z.polarimeter07.20060313_1500z.zip
20060313,1500Z,1.1061,0.6034914255142212,0.8328346571908916,0.5026085744857789,ss450-g5nr.leV120.GRASP.example_20060313_1500Z.polarimeter07.20060313_1500z.zip
20060303,1000Z,3.0463,0.41228801012039185,6.388766894071096,2.634011989879608,ss450-g5nr.leV120.GRASP.example_20060303_1000Z.polarimeter07.20060303_1000z.zip
20060303,1000Z,3.0383,0.40282464027404785,6.5424879618411556,2.635475359725952,ss450-g5nr.leV120.GRASP.example_20060303_1000Z.polarimeter07.20060303_1000z.zip
20060303,1000Z,3.0003,0.3925105631351471,6.643870717861301,2.607789436864853,ss450-g5nr.leV120.GRASP.example_20060303_1000Z.polarimeter07.20060303_1000z.zip
20060303,1000Z,2.897,0.3587035834789276,7.076306269101398,2.538296416521072,ss450-g5nr.leV120.GRASP.example_20060303_1000Z.polarimeter07.20060303_1000z.zip
20060303,1000Z,2.8911,0.3396153151988983,7.512866972170571,2.5514846848011015,ss450-g5nr.leV120.GRASP.example_20060303_1000Z.polarimeter07.20060303_1000z.zip
20060303,1000Z,2.8961,0.32255032658576965,7.9787538913866065,2.5735496734142305,ss450-g5nr.leV120.GRASP.example_20060303_1000Z.polarimeter07.20060303_1000z.zip
20060303,1000Z,2.96,0.2917054295539856,9.147222849179762,2.6682945704460144,ss450-g5nr.leV120.GRASP.example_20060303_1000Z.polarimeter07.20060303_1000z.zip
20060303,1000Z,2.9469,0.2861868143081665,9.297120107101692,2.6607131856918333,ss450-g5nr.leV120.GRASP.example_20060303_1000Z.polarimeter07.20060303_1000z.zip
20060303,1300Z,0.90017,0.3971167206764221,1.266764286496702,0.5030532793235779,ss450-g5nr.leV120.GRASP.example_20060303_1300Z.polarimeter07.20060303_1300z.zip
20060303,1300Z,0.90301,0.38768503069877625,1.3292361801341286,0.5153249693012237,ss450-g5nr.leV120.GRASP.example_20060303_1300Z.polarimeter07.20060303_1300z.zip
20060303,1300Z,0.95166,0.4175555109977722,1.2791221165443494,0.5341044890022277,ss450-g5nr.leV120.GRASP.example_20060303_1300Z.polarimeter07.20060303_1300z.zip
20060303,1300Z,0.95409,0.4077523648738861,1.339876067414326,0.5463376351261139,ss450-g5nr.leV120.GRASP.example_20060303_1300Z.polarimeter07.20060303_1300z.zip
20060303,1300Z,0.99061,0.43820682168006897,1.2605992216233362,0.552403178319931,ss450-g5nr.leV120.GRASP.example_20060303_1300Z.polarimeter07.20060303_1300z.zip
20060303,1300Z,0.99346,0.4280303418636322,1.3210036832307326,0.5654296581363678,ss450-g5nr.leV120.GRASP.example_20060303_1300Z.polarimeter07.20060303_1300z.zip
20060303,1300Z,1.0242,0.45297664403915405,1.2610437281430142,0.571223355960846,ss450-g5nr.leV120.GRASP.example_20060303_1300Z.polarimeter07.20060303_1300z.zip
20060303,1300Z,1.0265,0.4426005482673645,1.3192470140816808,0.5838994517326355,ss450-g5nr.leV120.GRASP.example_20060303_1300Z.polarimeter07.20060303_1300z.zip
20060303,1300Z,1.0068,0.46935564279556274,1.1450684900757266,0.5374443572044372,ss450-g5nr.leV120.GRASP.example_20060303_1300Z.polarimeter07.20060303_1300z.zip
20060303,1300Z,1.008,0.458739697933197,1.1973245492845659,0.549260302066803,ss450-g5nr.leV120.GRASP.example_20060303_1300Z.polarimeter07.20060303_1300z.zip
20060303,1300Z,0.97909,0.4748097062110901,1.062068207941642,0.5042802937889099,ss450-g5nr.leV120.GRASP.example_20060303_1300Z.polarimeter07.20060303_1300z.zip
20060303,1500Z,0.88731,0.3838188052177429,1.3117939713678783,0.5034911947822571,ss450-g5nr.leV120.GRASP.example_20060303_1500Z.polarimeter07.20060303_1500z.zip
20060303,1500Z,0.89131,0.3752676248550415,1.3751316153219866,0.5160423751449585,ss450-g5nr.leV120.GRASP.example_20060303_1500Z.polarimeter07.20060303_1500z.zip
20060303,1500Z,0.98126,0.3843667507171631,1.5529263344686695,0.5968932492828369,ss450-g5nr.leV120.GRASP.example_20060303_1500Z.polarimeter07.20060303_1500z.zip
20060303,1500Z,0.98624,0.3759880065917969,1.623062392175563,0.6102519934082031,ss450-g5nr.leV120.GRASP.example_20060303_1500Z.polarimeter07.20060303_1500z.zip
20060303,1500Z,0.92504,0.42000633478164673,1.2024429714397298,0.5050336652183532,ss450-g5nr.leV120.GRASP.example_20060303_1500Z.polarimeter07.20060303_1500z.zip
20060303,1500Z,0.92538,0.41639578342437744,1.222356798115993,0.5089842165756225,ss450-g5nr.leV120.GRASP.example_20060303_1500Z.polarimeter07.20060303_1500z.zip
20060303,1500Z,0.93984,0.4087470769882202,1.299319194953131,0.5310929230117798,ss450-g5nr.leV120.GRASP.example_20060303_1500Z.polarimeter07.20060303_1500z.zip
20060303,1500Z,0.96356,0.40425732731819153,1.3835313175203885,0.5593026726818084,ss450-g5nr.leV120.GRASP.example_20060303_1500Z.polarimeter07.20060303_1500z.zip
20060303,1500Z,0.99374,0.4049816131591797,1.4537904134660216,0.5887583868408203,ss450-g5nr.leV120.GRASP.example_20060303_1500Z.polarimeter07.20060303_1500z.zip
20060303,1500Z,1.101,0.3862278163433075,1.8506491594104935,0.7147721836566925,ss450-g5nr.leV120.GRASP.example_20060303_1500Z.polarimeter07.20060303_1500z.zip
20060303,1500Z,1.1063,0.37778955698013306,1.928349869814367,0.728510443019867,ss450-g5nr.leV120.GRASP.example_20060303_1500Z.polarimeter07.20060303_1500z.zip
20060303,1500Z,0.91453,0.3969329297542572,1.303991257581449,0.5175970702457428,ss450-g5nr.leV120.GRASP.example_20060303_1500Z.polarimeter07.20060303_1500z.zip
20060303,1500Z,0.93592,0.39232587814331055,1.3855678458664482,0.5435941218566894,ss450-g5nr.leV120.GRASP.example_20060303_1500Z.polarimeter07.20060303_1500z.zip
20060303,1500Z,0.96309,0.3927362859249115,1.4522562200533113,0.5703537140750885,ss450-g5nr.leV120.GRASP.example_20060303_1500Z.polarimeter07.20060303_1500z.zip
20060303,1500Z,1.0633,0.3741210699081421,1.8421280850636716,0.6891789300918578,ss450-g5nr.leV120.GRASP.example_20060303_1500Z.polarimeter07.20060303_1500z.zip
20060303,1500Z,1.0717,0.3659186363220215,1.9287931622505987,0.7057813636779786,ss450-g5nr.leV120.GRASP.example_20060303_1500Z.polarimeter07.20060303_1500z.zip
20060303,1500Z,0.89609,0.3947548568248749,1.269991070426608,0.5013351431751252,ss450-g5nr.leV120.GRASP.example_20060303_1500Z.polarimeter07.20060303_1500z.zip
20060303,1500Z,0.9183,0.3914153575897217,1.3461010974499228,0.5268846424102783,ss450-g5nr.leV120.GRASP.example_20060303_1500Z.polarimeter07.20060303_1500z.zip
20060303,1500Z,0.94672,0.3932815492153168,1.4072321772758338,0.5534384507846832,ss450-g5nr.leV120.GRASP.example_20060303_1500Z.polarimeter07.20060303_1500z.zip
20060303,1500Z,1.0492,0.3786613345146179,1.7708136647880968,0.670538665485382,ss450-g5nr.leV120.GRASP.example_20060303_1500Z.polarimeter07.20060303_1500z.zip
20060303,1500Z,1.0548,0.3709411025047302,1.8435781122059645,0.6838588974952697,ss450-g5nr.leV120.GRASP.example_20060303_1500Z.polarimeter07.20060303_1500z.zip
20060303,1500Z,0.98995,0.38022488355636597,1.6035907769651432,0.609725116443634,ss450-g5nr.leV120.GRASP.example_20060303_1500Z.polarimeter07.20060303_1500z.zip
20060303,1500Z,0.99516,0.3724392354488373,1.6720063443388395,0.6227207645511628,ss450-g5nr.leV120.GRASP.example_20060303_1500Z.polarimeter07.20060303_1500z.zip
20060303,1500Z,0.88159,0.3799997866153717,1.3199749869657902,0.5015902133846283,ss450-g5nr.leV120.GRASP.example_20060303_1500Z.polarimeter07.20060303_1500z.zip
20060303,1500Z,0.88592,0.37199658155441284,1.3815272610789149,0.5139234184455872,ss450-g5nr.leV120.GRASP.example_20060303_1500Z.polarimeter07.20060303_1500z.zip
20060303,1500Z,0.89117,0.38887903094291687,1.2916380907429639,0.5022909690570831,ss450-g5nr.leV120.GRASP.example_20060303_1500Z.polarimeter07.20060303_1500z.zip
20060303,1500Z,0.96844,0.4021890163421631,1.4079225454931314,0.5662509836578369,ss450-g5nr.leV120.GRASP.example_20060303_1500Z.polarimeter07.20060303_1500z.zip
20060303,1500Z,0.97295,0.3933716416358948,1.473360804438881,0.5795783583641052,ss450-g5nr.leV120.GRASP.example_20060303_1500Z.polarimeter07.20060303_1500z.zip
20060303,1500Z,0.92401,0.40605300664901733,1.275589602513872,0.5179569933509827,ss450-g5nr.leV120.GRASP.example_20060303_1500Z.polarimeter07.20060303_1500z.zip
20060303,1500Z,0.95253,0.4071372151374817,1.339579789281485,0.5453927848625183,ss450-g5nr.leV120.GRASP.example_20060303_1500Z.polarimeter07.20060303_1500z.zip
20060303,1500Z,1.0559,0.3879977762699127,1.7214073496788744,0.6679022237300873,ss450-g5nr.leV120.GRASP.example_20060303_1500Z.polarimeter07.20060303_1500z.zip
20060303,1500Z,1.0613,0.3794187307357788,1.7971734498766019,0.6818812692642211,ss450-g5nr.leV120.GRASP.example_20060303_1500Z.polarimeter07.20060303_1500z.zip
20060306,0200Z,0.93984,0.40266263484954834,1.3340631055850605,0.5371773651504517,ss450-g5nr.leV120.GRASP.example_20060306_0200Z.polarimeter07.20060306_0200z.zip
20060306,0200Z,0.93976,0.40043166279792786,1.3468673616707392,0.5393283372020722,ss450-g5nr.leV120.GRASP.example_20060306_0200Z.polarimeter07.20060306_0200z.zip
20060306,0200Z,0.8758,0.32499203085899353,1.6948353093002124,0.5508079691410065,ss450-g5nr.leV120.GRASP.example_20060306_0200Z.polarimeter07.20060306_0200z.zip
20060306,0200Z,0.8758,0.3227309584617615,1.7137154866528508,0.5530690415382385,ss450-g5nr.leV120.GRASP.example_20060306_0200Z.polarimeter07.20060306_0200z.zip
20060306,0800Z,0.88639,0.3305729925632477,1.681374522240831,0.5558170074367523,ss450-g5nr.leV120.GRASP.example_20060306_0800Z.polarimeter07.20060306_0800z.zip
20060306,0800Z,0.88881,0.3307816982269287,1.6869987208005772,0.5580283017730713,ss450-g5nr.leV120.GRASP.example_20060306_0800Z.polarimeter07.20060306_0800z.zip
20060306,0800Z,0.97251,0.3951486051082611,1.4611247197331139,0.5773613948917389,ss450-g5nr.leV120.GRASP.example_20060306_0800Z.polarimeter07.20060306_0800z.zip
20060306,0800Z,0.97507,0.3954353928565979,1.4658136768086483,0.5796346071434021,ss450-g5nr.leV120.GRASP.example_20060306_0800Z.polarimeter07.20060306_0800z.zip
20060306,0800Z,0.98109,0.41919124126434326,1.3404353512751992,0.5618987587356568,ss450-g5nr.leV120.GRASP.example_20060306_0800Z.polarimeter07.20060306_0800z.zip
20060306,0800Z,0.98358,0.4194983243942261,1.34465775619088,0.5640816756057739,ss450-g5nr.leV120.GRASP.example_20060306_0800Z.polarimeter07.20060306_0800z.zip
20060306,0800Z,0.93258,0.423319548368454,1.203016618519799,0.509260451631546,ss450-g5nr.leV120.GRASP.example_20060306_0800Z.polarimeter07.20060306_0800z.zip
20060306,0800Z,0.93535,0.423636257648468,1.2079082777096724,0.511713742351532,ss450-g5nr.leV120.GRASP.example_20060306_0800Z.polarimeter07.20060306_0800z.zip
20060306,0800Z,0.92249,0.40132248401641846,1.2986252620779157,0.5211675159835816,ss450-g5nr.leV120.GRASP.example_20060306_0800Z.polarimeter07.20060306_0800z.zip
20060306,0800Z,0.92465,0.4016188979148865,1.302306999995696,0.5230311020851135,ss450-g5nr.leV120.GRASP.example_20060306_0800Z.polarimeter07.20060306_0800z.zip
20060306,0800Z,1.1541,0.38829305768013,1.9722395937110218,0.7658069423198699,ss450-g5nr.leV120.GRASP.example_20060306_0800Z.polarimeter07.20060306_0800z.zip
20060306,0800Z,1.1622,0.3877792954444885,1.9970656341201471,0.7744207045555114,ss450-g5nr.leV120.GRASP.example_20060306_0800Z.polarimeter07.20060306_0800z.zip
20060306,0800Z,1.1612,0.38709452748298645,1.9997840774203066,0.7741054725170136,ss450-g5nr.leV120.GRASP.example_20060306_0800Z.polarimeter07.20060306_0800z.zip
20060306,0800Z,1.1733,0.38324350118637085,2.061500055103154,0.7900564988136292,ss450-g5nr.leV120.GRASP.example_20060306_0800Z.polarimeter07.20060306_0800z.zip
20060306,0800Z,1.1951,0.3790128827095032,2.1531909719174163,0.8160871172904969,ss450-g5nr.leV120.GRASP.example_20060306_0800Z.polarimeter07.20060306_0800z.zip
20060306,0800Z,1.2178,0.3730577230453491,2.264374183327022,0.8447422769546509,ss450-g5nr.leV120.GRASP.example_20060306_0800Z.polarimeter07.20060306_0800z.zip
20060306,0800Z,1.3156,0.3671422302722931,2.583352421823766,0.948457769727707,ss450-g5nr.leV120.GRASP.example_20060306_0800Z.polarimeter07.20060306_0800z.zip
20060306,0800Z,1.3186,0.36741161346435547,2.5888903662211655,0.9511883865356445,ss450-g5nr.leV120.GRASP.example_20060306_0800Z.polarimeter07.20060306_0800z.zip
20060306,1400Z,0.88553,0.34060966968536377,1.5998381103449097,0.5449203303146363,ss450-g5nr.leV120.GRASP.example_20060306_1400Z.polarimeter07.20060306_1400z.zip
20060306,1400Z,0.88279,0.3364565372467041,1.623786142555171,0.5463334627532959,ss450-g5nr.leV120.GRASP.example_20060306_1400Z.polarimeter07.20060306_1400z.zip
20060306,1400Z,0.87039,0.3354996144771576,1.5943099855909382,0.5348903855228424,ss450-g5nr.leV120.GRASP.example_20060306_1400Z.polarimeter07.20060306_1400z.zip
20060306,1400Z,0.90986,0.3631962537765503,1.5051469846926735,0.5466637462234497,ss450-g5nr.leV120.GRASP.example_20060306_1400Z.polarimeter07.20060306_1400z.zip
20060306,1400Z,0.90634,0.35888785123825073,1.5254128744478412,0.5474521487617493,ss450-g5nr.leV120.GRASP.example_20060306_1400Z.polarimeter07.20060306_1400z.zip
20060306,1400Z,0.89381,0.3580639362335205,1.4962301688407935,0.5357460637664795,ss450-g5nr.leV120.GRASP.example_20060306_1400Z.polarimeter07.20060306_1400z.zip
20060306,1400Z,0.90325,0.3521587550640106,1.5648943466869638,0.5510912449359894,ss450-g5nr.leV120.GRASP.example_20060306_1400Z.polarimeter07.20060306_1400z.zip
20060306,1400Z,0.90015,0.34795233607292175,1.586992259225275,0.5521976639270783,ss450-g5nr.leV120.GRASP.example_20060306_1400Z.polarimeter07.20060306_1400z.zip
20060306,1400Z,0.88725,0.3471006751060486,1.5561748035463234,0.5401493248939514,ss450-g5nr.leV120.GRASP.example_20060306_1400Z.polarimeter07.20060306_1400z.zip
20060306,1400Z,0.86959,0.3298342525959015,1.6364454060063423,0.5397557474040985,ss450-g5nr.leV120.GRASP.example_20060306_1400Z.polarimeter07.20060306_1400z.zip
20060306,1400Z,0.8661,0.32576626539230347,1.6586546613628042,0.5403337346076965,ss450-g5nr.leV120.GRASP.example_20060306_1400Z.polarimeter07.20060306_1400z.zip
20060306,1400Z,0.85316,0.3247133195400238,1.6274253276969148,0.5284466804599762,ss450-g5nr.leV120.GRASP.example_20060306_1400Z.polarimeter07.20060306_1400z.zip
20060306,1400Z,0.83507,0.3267408013343811,1.5557567239525842,0.5083291986656189,ss450-g5nr.leV120.GRASP.example_20060306_1400Z.polarimeter07.20060306_1400z.zip
20060306,1400Z,0.83412,0.322711318731308,1.5847249587625867,0.511408681268692,ss450-g5nr.leV120.GRASP.example_20060306_1400Z.polarimeter07.20060306_1400z.zip
20060306,1400Z,0.82911,0.3216680884361267,1.5775326487340864,0.5074419115638733,ss450-g5nr.leV120.GRASP.example_20060306_1400Z.polarimeter07.20060306_1400z.zip
20060306,1400Z,0.87303,0.33008962869644165,1.6448271139195934,0.5429403713035583,ss450-g5nr.leV120.GRASP.example_20060306_1400Z.polarimeter07.20060306_1400z.zip
20060306,1400Z,0.86968,0.32599514722824097,1.667769773244832,0.543684852771759,ss450-g5nr.leV120.GRASP.example_20060306_1400Z.polarimeter07.20060306_1400z.zip
20060306,1400Z,0.85694,0.32487666606903076,1.6377394546948314,0.5320633339309693,ss450-g5nr.leV120.GRASP.example_20060306_1400Z.polarimeter07.20060306_1400z.zip
20060306,1400Z,0.85459,0.32930201292037964,1.5951557125969564,0.5252879870796203,ss450-g5nr.leV120.GRASP.example_20060306_1400Z.polarimeter07.20060306_1400z.zip
20060306,1400Z,0.8514,0.32526224851608276,1.6175801338282334,0.5261377514839173,ss450-g5nr.leV120.GRASP.example_20060306_1400Z.polarimeter07.20060306_1400z.zip
20060306,1400Z,0.83951,0.3242154121398926,1.589358705864877,0.5152945878601074,ss450-g5nr.leV120.GRASP.example_20060306_1400Z.polarimeter07.20060306_1400z.zip
20060306,1400Z,0.8645,0.32702142000198364,1.6435577216769353,0.5374785799980164,ss450-g5nr.leV120.GRASP.example_20060306_1400Z.polarimeter07.20060306_1400z.zip
20060306,1400Z,0.86164,0.3230385184288025,1.6672980181770642,0.5386014815711975,ss450-g5nr.leV120.GRASP.example_20060306_1400Z.polarimeter07.20060306_1400z.zip
20060306,1400Z,0.84964,0.3220352530479431,1.6383446903979468,0.5276047469520568,ss450-g5nr.leV120.GRASP.example_20060306_1400Z.polarimeter07.20060306_1400z.zip
20060306,1400Z,0.90296,0.35218068957328796,1.5639111590531887,0.550779310426712,ss450-g5nr.leV120.GRASP.example_20060306_1400Z.polarimeter07.20060306_1400z.zip
20060306,1400Z,0.89882,0.3479483425617218,1.583199544456977,0.5508716574382782,ss450-g5nr.leV120.GRASP.example_20060306_1400Z.polarimeter07.20060306_1400z.zip
20060306,1400Z,0.88363,0.3470262587070465,1.5462914630501925,0.5366037412929535,ss450-g5nr.leV120.GRASP.example_20060306_1400Z.polarimeter07.20060306_1400z.zip
20060306,1400Z,1.0221,0.3887024521827698,1.629517756475083,0.6333975478172302,ss450-g5nr.leV120.GRASP.example_20060306_1400Z.polarimeter07.20060306_1400z.zip
20060306,1400Z,1.0305,0.3840172290802002,1.683473349537619,0.6464827709197998,ss450-g5nr.leV120.GRASP.example_20060306_1400Z.polarimeter07.20060306_1400z.zip
20060306,1400Z,1.031,0.3829590082168579,1.692194145792691,0.648040991783142,ss450-g5nr.leV120.GRASP.example_20060306_1400Z.polarimeter07.20060306_1400z.zip
20060306,1400Z,1.0471,0.38425183296203613,1.7250357973008104,0.6628481670379638,ss450-g5nr.leV120.GRASP.example_20060306_1400Z.polarimeter07.20060306_1400z.zip
20060306,1400Z,1.0726,0.38463014364242554,1.7886529897073047,0.6879698563575745,ss450-g5nr.leV120.GRASP.example_20060306_1400Z.polarimeter07.20060306_1400z.zip
20060306,1400Z,1.1048,0.39003846049308777,1.832541177101634,0.7147615395069122,ss450-g5nr.leV120.GRASP.example_20060306_1400Z.polarimeter07.20060306_1400z.zip
20060306,1400Z,1.2197,0.3735573887825012,2.265094030063889,0.8461426112174988,ss450-g5nr.leV120.GRASP.example_20060306_1400Z.polarimeter07.20060306_1400z.zip
20060306,1400Z,1.2298,0.364965558052063,2.369633032124546,0.864834441947937,ss450-g5nr.leV120.GRASP.example_20060306_1400Z.polarimeter07.20060306_1400z.zip
20060306,1400Z,0.99048,0.4111943244934082,1.4087881106342417,0.5792856755065918,ss450-g5nr.leV120.GRASP.example_20060306_1400Z.polarimeter07.20060306_1400z.zip
20060306,1400Z,0.99873,0.4061603546142578,1.4589549143675598,0.5925696453857422,ss450-g5nr.leV120.GRASP.example_20060306_1400Z.polarimeter07.20060306_1400z.zip
20060306,1400Z,0.99931,0.40490856766700745,1.4679892691769914,0.5944014323329926,ss450-g5nr.leV120.GRASP.example_20060306_1400Z.polarimeter07.20060306_1400z.zip
20060306,1400Z,1.0156,0.4058089256286621,1.502655648657001,0.609791074371338,ss450-g5nr.leV120.GRASP.example_20060306_1400Z.polarimeter07.20060306_1400z.zip
20060306,1400Z,1.0414,0.40596556663513184,1.5652421919220931,0.6354344333648683,ss450-g5nr.leV120.GRASP.example_20060306_1400Z.polarimeter07.20060306_1400z.zip
20060306,1400Z,1.0743,0.41139593720436096,1.6113529640093198,0.6629040627956391,ss450-g5nr.leV120.GRASP.example_20060306_1400Z.polarimeter07.20060306_1400z.zip
20060306,1400Z,1.1894,0.3935682773590088,2.0220931625417613,0.7958317226409912,ss450-g5nr.leV120.GRASP.example_20060306_1400Z.polarimeter07.20060306_1400z.zip
20060306,1400Z,1.1986,0.3844772279262543,2.117479821795586,0.8141227720737458,ss450-g5nr.leV120.GRASP.example_20060306_1400Z.polarimeter07.20060306_1400z.zip
20060306,1400Z,0.961,0.4401506185531616,1.1833435180869338,0.5208493814468383,ss450-g5nr.leV120.GRASP.example_20060306_1400Z.polarimeter07.20060306_1400z.zip
20060306,1400Z,0.9691,0.4345250725746155,1.2302510514708878,0.5345749274253845,ss450-g5nr.leV120.GRASP.example_20060306_1400Z.polarimeter07.20060306_1400z.zip
20060306,1400Z,0.96977,0.4327775537967682,1.2408047540640308,0.5369924462032318,ss450-g5nr.leV120.GRASP.example_20060306_1400Z.polarimeter07.20060306_1400z.zip
20060306,1400Z,0.98647,0.43230608105659485,1.2818786115360181,0.5541639189434051,ss450-g5nr.leV120.GRASP.example_20060306_1400Z.polarimeter07.20060306_1400z.zip
20060306,1400Z,1.0127,0.4317286014556885,1.3456866109528323,0.5809713985443115,ss450-g5nr.leV120.GRASP.example_20060306_1400Z.polarimeter07.20060306_1400z.zip
20060306,1400Z,1.0465,0.4366866648197174,1.3964551343284988,0.6098133351802826,ss450-g5nr.leV120.GRASP.example_20060306_1400Z.polarimeter07.20060306_1400z.zip
20060306,1400Z,1.1616,0.41668033599853516,1.7877485440159662,0.7449196640014648,ss450-g5nr.leV120.GRASP.example_20060306_1400Z.polarimeter07.20060306_1400z.zip
20060306,1400Z,1.169,0.40697723627090454,1.872396526919886,0.7620227637290955,ss450-g5nr.leV120.GRASP.example_20060306_1400Z.polarimeter07.20060306_1400z.zip
20060306,1400Z,0.98221,0.4538500905036926,1.1641727534083384,0.5283599094963074,ss450-g5nr.leV120.GRASP.example_20060306_1400Z.polarimeter07.20060306_1400z.zip
20060306,1400Z,1.0909,0.4309108257293701,1.5316142804106074,0.6599891742706299,ss450-g5nr.leV120.GRASP.example_20060306_1400Z.polarimeter07.20060306_1400z.zip
20060306,1400Z,1.0962,0.42075783014297485,1.6052991090564086,0.6754421698570252,ss450-g5nr.leV120.GRASP.example_20060306_1400Z.polarimeter07.20060306_1400z.zip
20060306,1400Z,1.0268,0.4396088421344757,1.3357128009857073,0.5871911578655242,ss450-g5nr.leV120.GRASP.example_20060306_1400Z.polarimeter07.20060306_1400z.zip
20060306,1400Z,1.0304,0.4292258620262146,1.4006009217055733,0.6011741379737854,ss450-g5nr.leV120.GRASP.example_20060306_1400Z.polarimeter07.20060306_1400z.zip
20060306,1400Z,0.98887,0.4607257843017578,1.1463309276225093,0.5281442156982422,ss450-g5nr.leV120.GRASP.example_20060306_1400Z.polarimeter07.20060306_1400z.zip
20060306,1400Z,0.99065,0.44987648725509644,1.2020488468833117,0.5407735127449036,ss450-g5nr.leV120.GRASP.example_20060306_1400Z.polarimeter07.20060306_1400z.zip
20060306,1400Z,0.98072,0.46991902589797974,1.086997856973163,0.5108009741020203,ss450-g5nr.leV120.GRASP.example_20060306_1400Z.polarimeter07.20060306_1400z.zip
20060306,1400Z,0.98342,0.4588114619255066,1.1434076556693993,0.5246085380744934,ss450-g5nr.leV120.GRASP.example_20060306_1400Z.polarimeter07.20060306_1400z.zip
20060306,1400Z,0.99989,0.4720960855484009,1.11797985750824,0.5277939144515991,ss450-g5nr.leV120.GRASP.example_20060306_1400Z.polarimeter07.20060306_1400z.zip
20060306,1400Z,1.0032,0.46084359288215637,1.176877395052623,0.5423564071178437,ss450-g5nr.leV120.GRASP.example_20060306_1400Z.polarimeter07.20060306_1400z.zip
20060312,1700Z,3.5368,0.467357337474823,6.567656943420795,3.069442662525177,ss450-g5nr.leV120.GRASP.example_20060312_1700Z.polarimeter07.20060312_1700z.zip
20060312,1700Z,3.4416,0.4530562162399292,6.596408296884288,2.988543783760071,ss450-g5nr.leV120.GRASP.example_20060312_1700Z.polarimeter07.20060312_1700z.zip
20060312,1700Z,3.3014,0.4359745979309082,6.572459532431738,2.865425402069092,ss450-g5nr.leV120.GRASP.example_20060312_1700Z.polarimeter07.20060312_1700z.zip
20060312,1700Z,2.9116,0.38240042328834534,6.61400830826104,2.5291995767116546,ss450-g5nr.leV120.GRASP.example_20060312_1700Z.polarimeter07.20060312_1700z.zip
20060312,1700Z,2.7655,0.35513198375701904,6.787245662142761,2.410368016242981,ss450-g5nr.leV120.GRASP.example_20060312_1700Z.polarimeter07.20060312_1700z.zip
20060312,1700Z,2.622,0.33070433139801025,6.92853238092114,2.2912956686019896,ss450-g5nr.leV120.GRASP.example_20060312_1700Z.polarimeter07.20060312_1700z.zip
20060312,1700Z,2.2779,0.2906073331832886,6.8384119734628595,1.9872926668167112,ss450-g5nr.leV120.GRASP.example_20060312_1700Z.polarimeter07.20060312_1700z.zip
20060312,1700Z,2.2507,0.2841229736804962,6.921569913353687,1.966577026319504,ss450-g5nr.leV120.GRASP.example_20060312_1700Z.polarimeter07.20060312_1700z.zip
20060312,0900Z,2.3606,1.8483129739761353,0.2771646540584631,0.5122870260238646,ss450-g5nr.leV120.GRASP.example_20060312_0900Z.polarimeter07.20060312_0900z.zip
20060312,0900Z,2.5318,2.02188777923584,0.25219610405720855,0.5099122207641602,ss450-g5nr.leV120.GRASP.example_20060312_0900Z.polarimeter07.20060312_0900z.zip
20060312,0900Z,2.5227,1.9972840547561646,0.2630652079721229,0.5254159452438354,ss450-g5nr.leV120.GRASP.example_20060312_0900Z.polarimeter07.20060312_0900z.zip
20060312,0900Z,2.6936,2.1125612258911133,0.2750399690138187,0.5810387741088867,ss450-g5nr.leV120.GRASP.example_20060312_0900Z.polarimeter07.20060312_0900z.zip
20060312,0900Z,2.6827,2.0866892337799072,0.2856250737156757,0.5960107662200929,ss450-g5nr.leV120.GRASP.example_20060312_0900Z.polarimeter07.20060312_0900z.zip
20060310,0700Z,5.0015,0.4516580402851105,10.073643229826681,4.54984195971489,ss450-g5nr.leV120.GRASP.example_20060310_0700Z.polarimeter07.20060310_0700z.zip
20060310,0700Z,4.6104,0.4491708278656006,9.264246282217394,4.1612291721344,ss450-g5nr.leV120.GRASP.example_20060310_0700Z.polarimeter07.20060310_0700z.zip
20060310,0700Z,4.2926,0.44559478759765625,8.633416097936822,3.847005212402344,ss450-g5nr.leV120.GRASP.example_20060310_0700Z.polarimeter07.20060310_0700z.zip
20060310,0700Z,3.4429,0.4305635690689087,6.99626407651082,3.012336430931091,ss450-g5nr.leV120.GRASP.example_20060310_0700Z.polarimeter07.20060310_0700z.zip
20060310,0700Z,3.2011,0.41973966360092163,6.6263938759991206,2.781360336399078,ss450-g5nr.leV120.GRASP.example_20060310_0700Z.polarimeter07.20060310_0700z.zip
20060310,0700Z,2.9186,0.40636932849884033,6.1821365327485065,2.5122306715011598,ss450-g5nr.leV120.GRASP.example_20060310_0700Z.polarimeter07.20060310_0700z.zip
20060310,0700Z,2.5205,0.39113420248031616,5.444079766015462,2.129365797519684,ss450-g5nr.leV120.GRASP.example_20060310_0700Z.polarimeter07.20060310_0700z.zip
20060310,0700Z,2.4924,0.39103633165359497,5.373832297015121,2.101363668346405,ss450-g5nr.leV120.GRASP.example_20060310_0700Z.polarimeter07.20060310_0700z.zip
20060310,0700Z,5.1631,0.46617984771728516,10.075339325116351,4.696920152282715,ss450-g5nr.leV120.GRASP.example_20060310_0700Z.polarimeter07.20060310_0700z.zip
20060310,0700Z,4.7369,0.4635099768638611,9.219628997093388,4.273390023136139,ss450-g5nr.leV120.GRASP.example_20060310_0700Z.polarimeter07.20060310_0700z.zip
20060310,0700Z,4.4254,0.45969098806381226,8.626901799053075,3.9657090119361875,ss450-g5nr.leV120.GRASP.example_20060310_0700Z.polarimeter07.20060310_0700z.zip
20060310,0700Z,3.5109,0.44378334283828735,6.911292878965392,3.0671166571617126,ss450-g5nr.leV120.GRASP.example_20060310_0700Z.polarimeter07.20060310_0700z.zip
20060310,0700Z,3.2435,0.4322769343852997,6.503291852969847,2.8112230656147004,ss450-g5nr.leV120.GRASP.example_20060310_0700Z.polarimeter07.20060310_0700z.zip
20060310,0700Z,2.968,0.417903870344162,6.102111778854125,2.550096129655838,ss450-g5nr.leV120.GRASP.example_20060310_0700Z.polarimeter07.20060310_0700z.zip
20060310,0700Z,2.5152,0.4008229970932007,5.275089049880932,2.1143770029067994,ss450-g5nr.leV120.GRASP.example_20060310_0700Z.polarimeter07.20060310_0700z.zip
20060310,0700Z,2.4866,0.40054792165756226,5.207996260996337,2.086052078342438,ss450-g5nr.leV120.GRASP.example_20060310_0700Z.polarimeter07.20060310_0700z.zip
20060310,1500Z,2.125,0.9746292233467102,1.1803163183462868,1.1503707766532898,ss450-g5nr.leV120.GRASP.example_20060310_1500Z.polarimeter07.20060310_1500z.zip
20060310,1500Z,2.1415,0.9518289566040039,1.2498790199035135,1.1896710433959963,ss450-g5nr.leV120.GRASP.example_20060310_1500Z.polarimeter07.20060310_1500z.zip
20060310,1500Z,2.1421,0.9299367666244507,1.3034899542423126,1.2121632333755494,ss450-g5nr.leV120.GRASP.example_20060310_1500Z.polarimeter07.20060310_1500z.zip
20060310,1500Z,2.1723,0.8688158392906189,1.5002997203339032,1.303484160709381,ss450-g5nr.leV120.GRASP.example_20060310_1500Z.polarimeter07.20060310_1500z.zip
20060310,1500Z,2.2189,0.8391410708427429,1.6442514579480372,1.3797589291572572,ss450-g5nr.leV120.GRASP.example_20060310_1500Z.polarimeter07.20060310_1500z.zip
20060310,1500Z,2.2707,0.8213456869125366,1.7646093918574413,1.4493543130874635,ss450-g5nr.leV120.GRASP.example_20060310_1500Z.polarimeter07.20060310_1500z.zip
20060310,1500Z,2.4649,0.770480751991272,2.1991714181432562,1.6944192480087281,ss450-g5nr.leV120.GRASP.example_20060310_1500Z.polarimeter07.20060310_1500z.zip
20060310,1500Z,2.4723,0.7543975710868835,2.277184464470216,1.7179024289131166,ss450-g5nr.leV120.GRASP.example_20060310_1500Z.polarimeter07.20060310_1500z.zip
20061202,1300Z,1.654,1.1075413227081299,0.49339800338617085,0.54645867729187,ss450-g5nr.leV120.GRASP.example_20061202_1300Z.polarimeter07.20061202_1300z.zip
20061212,0300Z,3.2463,3.7961483001708984,-0.14484373546369214,0.5498483001708983,ss450-g5nr.leV120.GRASP.example_20061212_0300Z.polarimeter07.20061212_0300z.zip
20061212,0300Z,2.949,3.532707691192627,-0.1652295469132262,0.5837076911926271,ss450-g5nr.leV120.GRASP.example_20061212_0300Z.polarimeter07.20061212_0300z.zip
20061212,0300Z,3.637,4.72194766998291,-0.22976698299302348,1.0849476699829101,ss450-g5nr.leV120.GRASP.example_20061212_0300Z.polarimeter07.20061212_0300z.zip
20061212,0300Z,3.3625,4.395066261291504,-0.23493758680855048,1.032566261291504,ss450-g5nr.leV120.GRASP.example_20061212_0300Z.polarimeter07.20061212_0300z.zip
20061212,0300Z,3.0359,3.9378037452697754,-0.22903725112079878,0.9019037452697756,ss450-g5nr.leV120.GRASP.example_20061212_0300Z.polarimeter07.20061212_0300z.zip
20061212,0300Z,1.9068,2.46370267868042,-0.22604297324492972,0.5569026786804199,ss450-g5nr.leV120.GRASP.example_20061212_0300Z.polarimeter07.20061212_0300z.zip
20061212,0300Z,4.1925,5.503611087799072,-0.2382274232104932,1.3111110877990724,ss450-g5nr.leV120.GRASP.example_20061212_0300Z.polarimeter07.20061212_0300z.zip
20061212,0300Z,3.8731,5.124252796173096,-0.24416297281576038,1.2511527961730957,ss450-g5nr.leV120.GRASP.example_20061212_0300Z.polarimeter07.20061212_0300z.zip
20061212,0300Z,3.5005,4.593536376953125,-0.23795095700932092,1.0930363769531248,ss450-g5nr.leV120.GRASP.example_20061212_0300Z.polarimeter07.20061212_0300z.zip
20061212,0300Z,2.2641,2.879850387573242,-0.21381332524434207,0.6157503875732422,ss450-g5nr.leV120.GRASP.example_20061212_0300Z.polarimeter07.20061212_0300z.zip
20061212,0300Z,4.5514,5.89284610748291,-0.22763976574570685,1.34144610748291,ss450-g5nr.leV120.GRASP.example_20061212_0300Z.polarimeter07.20061212_0300z.zip
20061212,0300Z,4.2126,5.488434314727783,-0.2324587016199104,1.275834314727783,ss450-g5nr.leV120.GRASP.example_20061212_0300Z.polarimeter07.20061212_0300z.zip
20061212,0300Z,3.8129,4.92259407043457,-0.22542871798011282,1.1096940704345704,ss450-g5nr.leV120.GRASP.example_20061212_0300Z.polarimeter07.20061212_0300z.zip
20061212,0300Z,2.4681,3.09254789352417,-0.20192020140796224,0.6244478935241697,ss450-g5nr.leV120.GRASP.example_20061212_0300Z.polarimeter07.20061212_0300z.zip
20061212,0300Z,4.3363,5.647276878356934,-0.2321431915940273,1.310976878356934,ss450-g5nr.leV120.GRASP.example_20061212_0300Z.polarimeter07.20061212_0300z.zip
20061212,0300Z,4.0452,5.259940147399902,-0.2309418193665898,1.214740147399902,ss450-g5nr.leV120.GRASP.example_20061212_0300Z.polarimeter07.20061212_0300z.zip
20061212,0300Z,3.6312,4.7179670333862305,-0.23034646611471213,1.0867670333862303,ss450-g5nr.leV120.GRASP.example_20061212_0300Z.polarimeter07.20061212_0300z.zip
20061212,0300Z,2.3626,2.9648170471191406,-0.20312114965215275,0.6022170471191406,ss450-g5nr.leV120.GRASP.example_20061212_0300Z.polarimeter07.20061212_0300z.zip
20061212,0300Z,4.1088,4.926444053649902,-0.16597043318580404,0.8176440536499028,ss450-g5nr.leV120.GRASP.example_20061212_0300Z.polarimeter07.20061212_0300z.zip
20061212,0300Z,3.8199,4.58798360824585,-0.1674120210162467,0.7680836082458495,ss450-g5nr.leV120.GRASP.example_20061212_0300Z.polarimeter07.20061212_0300z.zip
20061212,0300Z,3.4283,4.114410877227783,-0.16675798740112033,0.6861108772277831,ss450-g5nr.leV120.GRASP.example_20061212_0300Z.polarimeter07.20061212_0300z.zip
20061212,0300Z,3.6586,4.288085460662842,-0.14679872088312756,0.629485460662842,ss450-g5nr.leV120.GRASP.example_20061212_0300Z.polarimeter07.20061212_0300z.zip
20061212,0300Z,3.3229,3.9935357570648193,-0.16793032487024104,0.6706357570648191,ss450-g5nr.leV120.GRASP.example_20061212_0300Z.polarimeter07.20061212_0300z.zip
20061212,0300Z,3.038,3.5813894271850586,-0.15172587014983127,0.5433894271850588,ss450-g5nr.leV120.GRASP.example_20061212_0300Z.polarimeter07.20061212_0300z.zip
20061212,0300Z,3.27,3.8424627780914307,-0.1489832982522151,0.5724627780914306,ss450-g5nr.leV120.GRASP.example_20061212_0300Z.polarimeter07.20061212_0300z.zip
20061212,0300Z,3.0075,3.579059600830078,-0.15969546880345847,0.5715596008300783,ss450-g5nr.leV120.GRASP.example_20061212_0300Z.polarimeter07.20061212_0300z.zip
20061212,0300Z,2.9408,3.4586949348449707,-0.1497370958124656,0.5178949348449708,ss450-g5nr.leV120.GRASP.example_20061212_0300Z.polarimeter07.20061212_0300z.zip
20061212,0300Z,2.703,3.222310781478882,-0.16116098560814296,0.519310781478882,ss450-g5nr.leV120.GRASP.example_20061212_0300Z.polarimeter07.20061212_0300z.zip
